#FORMAT=WebAnno TSV 3.3
#T_SP=webanno.custom.Metaphors|Conventionality|Metaphern
#T_SP=webanno.custom.POS|pos_tag
#T_RL=webanno.custom.UnitofAnalysis|bidirectionalrelation|BT_webanno.custom.Metaphors


#Text=Die Europäische Union hat sich bereit erklärt, den Brexit-Aufschub bis Ende Januar 2020 zu gewähren.
#Text=
1-1	0-3	Die	_	_	_	_	_	
1-2	4-15	Europäische	_	_	_	_	_	
1-3	16-21	Union	_	_	_	_	_	
1-4	22-25	hat	_	_	_	_	_	
1-5	26-30	sich	_	_	_	_	_	
1-6	31-37	bereit	O	O	ADJD	_	_	
1-7	38-45	erklärt	O	O	VVPP	belong together	1-6	
1-8	45-46	,	_	_	_	_	_	
1-9	47-50	den	_	_	_	_	_	
1-10	51-66	Brexit-Aufschub	_	_	_	_	_	
1-11	67-70	bis	_	_	_	_	_	
1-12	71-75	Ende	KON	MRW	NN	_	_	
1-13	76-82	Januar	O	O	NN	_	_	
1-14	83-87	2020	_	_	_	_	_	
1-15	88-90	zu	_	_	_	_	_	
1-16	91-99	gewähren	O	O	VVINF	_	_	
1-17	99-100	.	_	_	_	_	_	
1-18	100-101	
	_	_	_	_	_	

#Text=Dies bedeutet, dass das Vereinigte Königreich nun mehr Zeit hat, um den Austrittsprozess aus der EU abzuschließen.
#Text=
2-1	101-105	Dies	_	_	_	_	_	
2-2	106-114	bedeutet	O	O	VVFIN	_	_	
2-3	114-115	,	_	_	_	_	_	
2-4	116-120	dass	_	_	_	_	_	
2-5	121-124	das	_	_	_	_	_	
2-6	125-135	Vereinigte	_	_	_	_	_	
2-7	136-146	Königreich	_	_	_	_	_	
2-8	147-150	nun	_	_	_	_	_	
2-9	151-155	mehr	_	_	_	_	_	
2-10	156-160	Zeit	O	O	NN	_	_	
2-11	161-164	hat	_	_	_	_	_	
2-12	164-165	,	_	_	_	_	_	
2-13	166-168	um	_	_	_	_	_	
2-14	169-172	den	_	_	_	_	_	
2-15	173-189	Austrittsprozess	_	_	NN	_	_	
2-15.1	173-182	Austritts	KON	MRW	_	_	_	
2-15.2	182-189	prozess	O	O	_	_	_	
2-16	190-193	aus	_	_	_	_	_	
2-17	194-197	der	_	_	_	_	_	
2-18	198-200	EU	_	_	_	_	_	
2-19	201-214	abzuschließen	KON	MRW	VVIZU	_	_	
2-20	214-215	.	_	_	_	_	_	
2-21	215-216	
	_	_	_	_	_	

#Text=Gleichzeitig bleibt die Option eines früheren Austritts bestehen, falls das britische Parlament den Brexit-Vertrag mit der EU ratifizieren sollte.
#Text=
3-1	216-228	Gleichzeitig	O	O	ADJD	_	_	
3-2	229-235	bleibt	O	O	VVFIN	_	_	
3-3	236-239	die	_	_	_	_	_	
3-4	240-246	Option	O	O	NN	_	_	
3-5	247-252	eines	_	_	_	_	_	
3-6	253-261	früheren	O	O	ADJA	_	_	
3-7	262-271	Austritts	KON	MRW	NN	_	_	
3-8	272-280	bestehen	O	O	VVINF	belong together	3-2	
3-9	280-281	,	_	_	_	_	_	
3-10	282-287	falls	_	_	_	_	_	
3-11	288-291	das	_	_	_	_	_	
3-12	292-301	britische	O	O	ADJA	_	_	
3-13	302-311	Parlament	O	O	NN	_	_	
3-14	312-315	den	_	_	_	_	_	
3-15	316-330	Brexit-Vertrag	_	_	_	_	_	
3-16	331-334	mit	_	_	_	_	_	
3-17	335-338	der	_	_	_	_	_	
3-18	339-341	EU	_	_	_	_	_	
3-19	342-354	ratifizieren	O	O	VVINF	_	_	
3-20	355-361	sollte	_	_	_	_	_	
3-21	361-362	.	_	_	_	_	_	
3-22	362-363	
	_	_	_	_	_	

#Text=Die Entscheidung fiel nach intensiven Beratungen und umstrittenen Diskussionen zwischen den EU-Mitgliedstaaten.
#Text=
4-1	363-366	Die	_	_	_	_	_	
4-2	367-379	Entscheidung	O	O	NN	_	_	
4-3	380-384	fiel	O	WIDLII	VVFIN	_	_	
4-4	385-389	nach	_	_	_	_	_	
4-5	390-400	intensiven	O	O	ADJA	_	_	
4-6	401-411	Beratungen	O	O	NN	_	_	
4-7	412-415	und	_	_	_	_	_	
4-8	416-428	umstrittenen	O	O	ADJA	_	_	
4-9	429-441	Diskussionen	O	O	NN	_	_	
4-10	442-450	zwischen	_	_	_	_	_	
4-11	451-454	den	_	_	_	_	_	
4-12	455-473	EU-Mitgliedstaaten	_	_	_	_	_	
4-13	473-474	.	_	_	_	_	_	
4-14	474-475	
	_	_	_	_	_	

#Text=Während einige Länder einen längeren Aufschub bevorzugten, um dem Vereinigten Königreich mehr Flexibilität zu bieten, forderten andere eine klare Begrenzung des Zeitraums, um weitere Unsicherheiten zu vermeiden.
#Text=
5-1	475-482	Während	_	_	_	_	_	
5-2	483-489	einige	_	_	_	_	_	
5-3	490-496	Länder	O	O	NN	_	_	
5-4	497-502	einen	_	_	_	_	_	
5-5	503-511	längeren	KON	MRW	ADJA	_	_	
5-6	512-520	Aufschub	O	O	NN	_	_	
5-7	521-532	bevorzugten	O	O	VVFIN	_	_	
5-8	532-533	,	_	_	_	_	_	
5-9	534-536	um	_	_	_	_	_	
5-10	537-540	dem	_	_	_	_	_	
5-11	541-552	Vereinigten	_	_	_	_	_	
5-12	553-563	Königreich	_	_	_	_	_	
5-13	564-568	mehr	_	_	_	_	_	
5-14	569-581	Flexibilität	KON	MRW	NN	_	_	
5-15	582-584	zu	_	_	_	_	_	
5-16	585-591	bieten	O	WIDLII	VVINF	_	_	
5-17	591-592	,	_	_	_	_	_	
5-18	593-602	forderten	O	O	VVFIN	_	_	
5-19	603-609	andere	_	_	_	_	_	
5-20	610-614	eine	_	_	_	_	_	
5-21	615-620	klare	O	KOMPL	ADJA	_	_	
5-22	621-631	Begrenzung	O	KOMPL	NN	belong together	5-21	
5-23	632-635	des	_	_	_	_	_	
5-24	636-645	Zeitraums	O	O	NN	_	_	
5-25	645-646	,	_	_	_	_	_	
5-26	647-649	um	_	_	_	_	_	
5-27	650-657	weitere	O	O	ADJA	_	_	
5-28	658-672	Unsicherheiten	O	O	NN	_	_	
5-29	673-675	zu	_	_	_	_	_	
5-30	676-685	vermeiden	O	O	VVINF	_	_	
5-31	685-686	.	_	_	_	_	_	
5-32	686-687	
	_	_	_	_	_	

#Text=Der britische Premierminister Boris Johnson hatte ursprünglich angekündigt, das Vereinigte Königreich bis zum 31. Oktober aus der EU zu führen, ob mit oder ohne Abkommen.
#Text=
6-1	687-690	Der	_	_	_	_	_	
6-2	691-700	britische	O	O	ADJA	_	_	
6-3	701-716	Premierminister	O	O	NN	_	_	
6-4	717-722	Boris	_	_	_	_	_	
6-5	723-730	Johnson	_	_	_	_	_	
6-6	731-736	hatte	_	_	_	_	_	
6-7	737-749	ursprünglich	O	O	ADJD	_	_	
6-8	750-761	angekündigt	O	O	VVPP	_	_	
6-9	761-762	,	_	_	_	_	_	
6-10	763-766	das	_	_	_	_	_	
6-11	767-777	Vereinigte	_	_	_	_	_	
6-12	778-788	Königreich	_	_	_	_	_	
6-13	789-792	bis	_	_	_	_	_	
6-14	793-796	zum	_	_	_	_	_	
6-15	797-800	31.	_	_	_	_	_	
6-16	801-808	Oktober	O	O	NN	_	_	
6-17	809-812	aus	_	_	_	_	_	
6-18	813-816	der	_	_	_	_	_	
6-19	817-819	EU	_	_	_	_	_	
6-20	820-822	zu	_	_	_	_	_	
6-21	823-829	führen	KON	MRW	VVINF	_	_	
6-22	829-830	,	_	_	_	_	_	
6-23	831-833	ob	_	_	_	_	_	
6-24	834-837	mit	_	_	_	_	_	
6-25	838-842	oder	_	_	_	_	_	
6-26	843-847	ohne	_	_	_	_	_	
6-27	848-856	Abkommen	O	O	NN	_	_	
6-28	856-857	.	_	_	_	_	_	
6-29	857-858	
	_	_	_	_	_	

#Text=Doch das Parlament zwang ihn, eine Verlängerung zu beantragen, nachdem es das von ihm ausgehandelte Abkommen wiederholt abgelehnt hatte.
#Text=
7-1	858-862	Doch	_	_	_	_	_	
7-2	863-866	das	_	_	_	_	_	
7-3	867-876	Parlament	O	O	NN	_	_	
7-4	877-882	zwang	KON	MRW	VVFIN	_	_	
7-5	883-886	ihn	_	_	_	_	_	
7-6	886-887	,	_	_	_	_	_	
7-7	888-892	eine	_	_	_	_	_	
7-8	893-905	Verlängerung	KON	MRW	NN	_	_	
7-9	906-908	zu	_	_	_	_	_	
7-10	909-919	beantragen	O	O	VVINF	_	_	
7-11	919-920	,	_	_	_	_	_	
7-12	921-928	nachdem	_	_	_	_	_	
7-13	929-931	es	_	_	_	_	_	
7-14	932-935	das	_	_	_	_	_	
7-15	936-939	von	_	_	_	_	_	
7-16	940-943	ihm	_	_	_	_	_	
7-17	944-957	ausgehandelte	O	O	ADJA	_	_	
7-18	958-966	Abkommen	O	O	NN	_	_	
7-19	967-977	wiederholt	O	O	ADJD	_	_	
7-20	978-987	abgelehnt	O	O	VVPP	_	_	
7-21	988-993	hatte	_	_	_	_	_	
7-22	993-994	.	_	_	_	_	_	
7-23	994-995	
	_	_	_	_	_	

#Text=In einer schriftlichen Erklärung betonte der Präsident des Europäischen Rates, Donald Tusk, die Wichtigkeit einer geordneten und geregelten Durchführung des Brexit.
#Text=
8-1	995-997	In	_	_	_	_	_	
8-2	998-1003	einer	_	_	_	_	_	
8-3	1004-1017	schriftlichen	O	O	ADJA	_	_	
8-4	1018-1027	Erklärung	O	O	NN	_	_	
8-5	1028-1035	betonte	KON	MRW	VVFIN	_	_	
8-6	1036-1039	der	_	_	_	_	_	
8-7	1040-1049	Präsident	O	O	NN	_	_	
8-8	1050-1053	des	_	_	_	_	_	
8-9	1054-1066	Europäischen	O	O	ADJA	_	_	
8-10	1067-1072	Rates	O	O	NN	_	_	
8-11	1072-1073	,	_	_	_	_	_	
8-12	1074-1080	Donald	_	_	_	_	_	
8-13	1081-1085	Tusk	_	_	_	_	_	
8-14	1085-1086	,	_	_	_	_	_	
8-15	1087-1090	die	_	_	_	_	_	
8-16	1091-1102	Wichtigkeit	O	O	NN	_	_	
8-17	1103-1108	einer	_	_	_	_	_	
8-18	1109-1119	geordneten	KON	MRW	ADJA	_	_	
8-19	1120-1123	und	_	_	_	_	_	
8-20	1124-1134	geregelten	O	O	ADJA	_	_	
8-21	1135-1147	Durchführung	O	O	NN	_	_	
8-22	1148-1151	des	_	_	_	_	_	
8-23	1152-1158	Brexit	_	_	_	_	_	
8-24	1158-1159	.	_	_	_	_	_	
8-25	1159-1160	
	_	_	_	_	_	

#Text="Die EU hat immer betont, dass sie einen geregelten Austritt des Vereinigten Königreichs aus der Union bevorzugt", so Tusk.
#Text=
9-1	1160-1161	"	_	_	_	_	_	
9-2	1161-1164	Die	_	_	_	_	_	
9-3	1165-1167	EU	_	_	_	_	_	
9-4	1168-1171	hat	_	_	_	_	_	
9-5	1172-1177	immer	_	_	_	_	_	
9-6	1178-1184	betont	KON	MRW	VVPP	_	_	
9-7	1184-1185	,	_	_	_	_	_	
9-8	1186-1190	dass	_	_	_	_	_	
9-9	1191-1194	sie	_	_	_	_	_	
9-10	1195-1200	einen	_	_	_	_	_	
9-11	1201-1211	geregelten	O	O	ADJA	_	_	
9-12	1212-1220	Austritt	KON	MRW	NN	_	_	
9-13	1221-1224	des	_	_	_	_	_	
9-14	1225-1236	Vereinigten	_	_	_	_	_	
9-15	1237-1248	Königreichs	_	_	_	_	_	
9-16	1249-1252	aus	_	_	_	_	_	
9-17	1253-1256	der	_	_	_	_	_	
9-18	1257-1262	Union	_	_	_	_	_	
9-19	1263-1272	bevorzugt	O	O	VVFIN	_	_	
9-20	1272-1273	"	_	_	_	_	_	
9-21	1273-1274	,	_	_	_	_	_	
9-22	1275-1277	so	_	_	_	_	_	
9-23	1278-1282	Tusk	_	_	_	_	_	
9-24	1282-1283	.	_	_	_	_	_	
9-25	1283-1284	
	_	_	_	_	_	

#Text="Nun ist es an der britischen Seite, die nächsten Schritte zu unternehmen.
#Text=
10-1	1284-1285	"	_	_	_	_	_	
10-2	1285-1288	Nun	_	_	_	_	_	
10-3	1289-1292	ist	_	_	_	_	_	
10-4	1293-1295	es	_	_	_	_	_	
10-5	1296-1298	an	_	_	_	_	_	
10-6	1299-1302	der	_	_	_	_	_	
10-7	1303-1313	britischen	O	O	ADJA	_	_	
10-8	1314-1319	Seite	KON	MRW	NN	_	_	
10-9	1319-1320	,	_	_	_	_	_	
10-10	1321-1324	die	_	_	_	_	_	
10-11	1325-1333	nächsten	KON	MRW	ADJA	_	_	
10-12	1334-1342	Schritte	KON	MRW	NN	_	_	
10-13	1343-1345	zu	_	_	_	_	_	
10-14	1346-1357	unternehmen	O	O	VVINF	_	_	
10-15	1357-1358	.	_	_	_	_	_	
10-16	1358-1359	
	_	_	_	_	_	

#Text="Am Nachmittag plant Premierminister Johnson, über Neuwahlen im Parlament abstimmen zu lassen.
#Text=
11-1	1359-1360	"	_	_	_	_	_	
11-2	1360-1362	Am	_	_	_	_	_	
11-3	1363-1373	Nachmittag	O	O	NN	_	_	
11-4	1374-1379	plant	O	O	VVFIN	_	_	
11-5	1380-1395	Premierminister	O	O	NN	_	_	
11-6	1396-1403	Johnson	_	_	_	_	_	
11-7	1403-1404	,	_	_	_	_	_	
11-8	1405-1409	über	_	_	_	_	_	
11-9	1410-1419	Neuwahlen	O	O	NN	_	_	
11-10	1420-1422	im	_	_	_	_	_	
11-11	1423-1432	Parlament	O	O	NN	_	_	
11-12	1433-1442	abstimmen	O	O	VVINF	_	_	
11-13	1443-1445	zu	_	_	_	_	_	
11-14	1446-1452	lassen	O	O	VVINF	_	_	
11-15	1452-1453	.	_	_	_	_	_	
11-16	1453-1454	
	_	_	_	_	_	

#Text=Johnson argumentiert, dass vorgezogene Neuwahlen notwendig seien, um die politische Blockade zu überwinden und Klarheit über den zukünftigen Kurs des Landes zu schaffen.
#Text=
12-1	1454-1461	Johnson	_	_	_	_	_	
12-2	1462-1474	argumentiert	O	O	VVFIN	_	_	
12-3	1474-1475	,	_	_	_	_	_	
12-4	1476-1480	dass	_	_	_	_	_	
12-5	1481-1492	vorgezogene	KON	MRW	ADJA	_	_	
12-6	1493-1502	Neuwahlen	O	O	NN	_	_	
12-7	1503-1512	notwendig	O	O	ADJD	_	_	
12-8	1513-1518	seien	_	_	_	_	_	
12-9	1518-1519	,	_	_	_	_	_	
12-10	1520-1522	um	_	_	_	_	_	
12-11	1523-1526	die	_	_	_	_	_	
12-12	1527-1537	politische	O	O	ADJA	_	_	
12-13	1538-1546	Blockade	O	KOMPL	NN	_	_	
12-14	1547-1549	zu	_	_	_	_	_	
12-15	1550-1560	überwinden	O	KOMPL	VVINF	belong together	12-13	
12-16	1561-1564	und	_	_	_	_	_	
12-17	1565-1573	Klarheit	KON	MRW	NN	_	_	
12-18	1574-1578	über	_	_	_	_	_	
12-19	1579-1582	den	_	_	_	_	_	
12-20	1583-1594	zukünftigen	O	O	ADJA	_	_	
12-21	1595-1599	Kurs	KON	MRW	NN	_	_	
12-22	1600-1603	des	_	_	_	_	_	
12-23	1604-1610	Landes	O	O	NN	_	_	
12-24	1611-1613	zu	_	_	_	_	_	
12-25	1614-1622	schaffen	KON	MRW	VVINF	_	_	
12-26	1622-1623	.	_	_	_	_	_	
12-27	1623-1624	
	_	_	_	_	_	

#Text=Die oppositionelle Labour-Partei stellt sich jedoch gegen vorgezogene Neuwahlen und fordert stattdessen eine Volksabstimmung über das endgültige Brexit-Abkommen.
#Text=
13-1	1624-1627	Die	_	_	_	_	_	
13-2	1628-1642	oppositionelle	O	O	ADJA	_	_	
13-3	1643-1656	Labour-Partei	O	O	NN	_	_	
13-4	1657-1663	stellt	KON	MRW	VVFIN	_	_	
13-5	1664-1668	sich	_	_	_	_	_	
13-6	1669-1675	jedoch	_	_	_	_	_	
13-7	1676-1681	gegen	_	_	_	_	_	
13-8	1682-1693	vorgezogene	KON	MRW	ADJA	_	_	
13-9	1694-1703	Neuwahlen	O	O	NN	_	_	
13-10	1704-1707	und	_	_	_	_	_	
13-11	1708-1715	fordert	O	O	VVFIN	_	_	
13-12	1716-1727	stattdessen	_	_	_	_	_	
13-13	1728-1732	eine	_	_	_	_	_	
13-14	1733-1748	Volksabstimmung	O	O	NN	_	_	
13-15	1749-1753	über	_	_	_	_	_	
13-16	1754-1757	das	_	_	_	_	_	
13-17	1758-1768	endgültige	O	O	ADJA	_	_	
13-18	1769-1784	Brexit-Abkommen	_	_	_	_	_	
13-19	1784-1785	.	_	_	_	_	_	
13-20	1785-1786	
	_	_	_	_	_	

#Text=Es bleibt abzuwarten, ob Johnson die notwendige Zweidrittelmehrheit im Parlament erreicht, die für die Ausrufung von Neuwahlen erforderlich ist.
#Text=
14-1	1786-1788	Es	_	_	_	_	_	
14-2	1789-1795	bleibt	O	O	VVFIN	_	_	
14-3	1796-1806	abzuwarten	O	O	VVIZU	_	_	
14-4	1806-1807	,	_	_	_	_	_	
14-5	1808-1810	ob	_	_	_	_	_	
14-6	1811-1818	Johnson	_	_	_	_	_	
14-7	1819-1822	die	_	_	_	_	_	
14-8	1823-1833	notwendige	O	O	ADJA	_	_	
14-9	1834-1853	Zweidrittelmehrheit	O	O	NN	_	_	
14-10	1854-1856	im	_	_	_	_	_	
14-11	1857-1866	Parlament	O	O	NN	_	_	
14-12	1867-1875	erreicht	KON	MRW	VVPP	_	_	
14-13	1875-1876	,	_	_	_	_	_	
14-14	1877-1880	die	_	_	_	_	_	
14-15	1881-1884	für	_	_	_	_	_	
14-16	1885-1888	die	_	_	_	_	_	
14-17	1889-1898	Ausrufung	O	O	NN	_	_	
14-18	1899-1902	von	_	_	_	_	_	
14-19	1903-1912	Neuwahlen	O	O	NN	_	_	
14-20	1913-1925	erforderlich	O	O	ADJD	_	_	
14-21	1926-1929	ist	_	_	_	_	_	
14-22	1929-1930	.	_	_	_	_	_	
14-23	1930-1931	
	_	_	_	_	_	

#Text=Die politische Atmosphäre im Vereinigten Königreich bleibt angespannt, da Millionen Bürger auf eine Lösung der Brexit-Frage warten.
#Text=
15-1	1931-1934	Die	_	_	_	_	_	
15-2	1935-1945	politische	O	O	ADJA	_	_	
15-3	1946-1956	Atmosphäre	KON	MRW	NN	_	_	
15-4	1957-1959	im	_	_	_	_	_	
15-5	1960-1971	Vereinigten	_	_	_	_	_	
15-6	1972-1982	Königreich	_	_	_	_	_	
15-7	1983-1989	bleibt	O	O	VVFIN	_	_	
15-8	1990-2000	angespannt	O	WIDLII	ADJD	_	_	
15-9	2000-2001	,	_	_	_	_	_	
15-10	2002-2004	da	_	_	_	_	_	
15-11	2005-2014	Millionen	O	O	NN	_	_	
15-12	2015-2021	Bürger	O	O	NN	_	_	
15-13	2022-2025	auf	_	_	_	_	_	
15-14	2026-2030	eine	_	_	_	_	_	
15-15	2031-2037	Lösung	KON	MRW	NN	_	_	
15-16	2038-2041	der	_	_	_	_	_	
15-17	2042-2054	Brexit-Frage	_	_	_	_	_	
15-18	2055-2061	warten	O	O	VVINF	_	_	
15-19	2061-2062	.	_	_	_	_	_	
15-20	2062-2063	
	_	_	_	_	_	

#Text=Dieses jüngste Zugeständnis der EU könnte als letzte Gelegenheit gesehen werden, um eine chaotische Trennung zu vermeiden und den Weg für eine umfassende Partnerschaft in der Zukunft zu ebnen.
#Text=
16-1	2063-2069	Dieses	_	_	_	_	_	
16-2	2070-2077	jüngste	O	PERS	ADJA	_	_	
16-3	2078-2090	Zugeständnis	O	O	NN	_	_	
16-4	2091-2094	der	_	_	_	_	_	
16-5	2095-2097	EU	_	_	_	_	_	
16-6	2098-2104	könnte	_	_	_	_	_	
16-7	2105-2108	als	_	_	_	_	_	
16-8	2109-2115	letzte	KON	MRW	ADJA	_	_	
16-9	2116-2127	Gelegenheit	O	O	NN	_	_	
16-10	2128-2135	gesehen	KON	MRW	VVPP	_	_	
16-11	2136-2142	werden	_	_	_	_	_	
16-12	2142-2143	,	_	_	_	_	_	
16-13	2144-2146	um	_	_	_	_	_	
16-14	2147-2151	eine	_	_	_	_	_	
16-15	2152-2162	chaotische	O	O	ADJA	_	_	
16-16	2163-2171	Trennung	KON	MRW	NN	_	_	
16-17	2172-2174	zu	_	_	_	_	_	
16-18	2175-2184	vermeiden	O	O	VVINF	_	_	
16-19	2185-2188	und	_	_	_	_	_	
16-20	2189-2192	den	_	_	_	_	_	
16-21	2193-2196	Weg	O	KOMPL	NN	_	_	
16-22	2197-2200	für	_	_	_	_	_	
16-23	2201-2205	eine	_	_	_	_	_	
16-24	2206-2216	umfassende	O	O	ADJA	_	_	
16-25	2217-2230	Partnerschaft	O	WIDLII	NN	_	_	
16-26	2231-2233	in	_	_	_	_	_	
16-27	2234-2237	der	_	_	_	_	_	
16-28	2238-2245	Zukunft	O	O	NN	_	_	
16-29	2246-2248	zu	_	_	_	_	_	
16-30	2249-2254	ebnen	O	KOMPL	VVINF	belong together	16-21	
16-31	2254-2255	.	_	_	_	_	_	
16-32	2255-2256	
	_	_	_	_	_	

#Text=Bis Ende Januar bleibt alles offen, jedoch könnte ein früherer Austritt auch neue Unsicherheiten mit sich bringen, falls das Abkommen nicht ratifiziert wird.
#Text=
17-1	2256-2259	Bis	_	_	_	_	_	
17-2	2260-2264	Ende	KON	MRW	NN	_	_	
17-3	2265-2271	Januar	O	O	NN	_	_	
17-4	2272-2278	bleibt	O	O	VVFIN	_	_	
17-5	2279-2284	alles	_	_	_	_	_	
17-6	2285-2290	offen	O	O	ADJD	belong together	17-4	
17-7	2290-2291	,	_	_	_	_	_	
17-8	2292-2298	jedoch	_	_	_	_	_	
17-9	2299-2305	könnte	_	_	_	_	_	
17-10	2306-2309	ein	_	_	_	_	_	
17-11	2310-2318	früherer	O	O	ADJA	_	_	
17-12	2319-2327	Austritt	KON	MRW	NN	_	_	
17-13	2328-2332	auch	_	_	_	_	_	
17-14	2333-2337	neue	O	O	ADJA	_	_	
17-15	2338-2352	Unsicherheiten	O	O	NN	_	_	
17-16	2353-2356	mit	_	_	_	_	_	
17-17	2357-2361	sich	_	_	_	_	_	
17-18	2362-2369	bringen	O	PERS	VVINF	_	_	
17-19	2369-2370	,	_	_	_	_	_	
17-20	2371-2376	falls	_	_	_	_	_	
17-21	2377-2380	das	_	_	_	_	_	
17-22	2381-2389	Abkommen	O	O	NN	_	_	
17-23	2390-2395	nicht	_	_	_	_	_	
17-24	2396-2407	ratifiziert	O	O	VVPP	_	_	
17-25	2408-2412	wird	_	_	_	_	_	
17-26	2412-2413	.	_	_	_	_	_	
17-27	2413-2414	
	_	_	_	_	_	
