#FORMAT=WebAnno TSV 3.3
#T_SP=webanno.custom.POS|pos_tag


#Text=An gutem Willen, den Anstieg der Mieten einzudämmen, fehlt es weder im Bund noch in den Ländern.
#Text=
1-1	0-2	An	_	
1-2	3-8	gutem	ADJA	
1-3	9-15	Willen	NN	
1-4	15-16	,	_	
1-5	17-20	den	_	
1-6	21-28	Anstieg	NN	
1-7	29-32	der	_	
1-8	33-39	Mieten	NN	
1-9	40-51	einzudämmen	VVIZU	
1-10	51-52	,	_	
1-11	53-58	fehlt	VVFIN	
1-12	59-61	es	_	
1-13	62-67	weder	_	
1-14	68-70	im	_	
1-15	71-75	Bund	NN	
1-16	76-80	noch	_	
1-17	81-83	in	_	
1-18	84-87	den	_	
1-19	88-95	Ländern	NN	
1-20	95-96	.	_	
1-21	96-97	
	_	

#Text=Nun aber hat der Bundesgerichtshof (BGH) der Politik bei ihrem populärsten Instrument - der Mietpreisbremse - schmerzhaft aufgezeigt, wie groß der Unterschied zwischen "gut gemeint" und "gut gemacht" sein kann.
#Text=
2-1	97-100	Nun	_	
2-2	101-105	aber	_	
2-3	106-109	hat	_	
2-4	110-113	der	_	
2-5	114-131	Bundesgerichtshof	NN	
2-6	132-133	(	_	
2-7	133-136	BGH	_	
2-8	136-137	)	_	
2-9	138-141	der	_	
2-10	142-149	Politik	NN	
2-11	150-153	bei	_	
2-12	154-159	ihrem	_	
2-13	160-171	populärsten	ADJA	
2-14	172-182	Instrument	NN	
2-15	183-184	-	_	
2-16	185-188	der	_	
2-17	189-204	Mietpreisbremse	NN	
2-18	205-206	-	_	
2-19	207-218	schmerzhaft	ADJD	
2-20	219-229	aufgezeigt	VVPP	
2-21	229-230	,	_	
2-22	231-234	wie	_	
2-23	235-239	groß	ADJD	
2-24	240-243	der	_	
2-25	244-255	Unterschied	NN	
2-26	256-264	zwischen	_	
2-27	265-266	"	_	
2-28	266-269	gut	ADJD	
2-29	270-277	gemeint	VVPP	
2-30	277-278	"	_	
2-31	279-282	und	_	
2-32	283-284	"	_	
2-33	284-287	gut	ADJD	
2-34	288-295	gemacht	VVPP	
2-35	295-296	"	_	
2-36	297-301	sein	_	
2-37	302-306	kann	_	
2-38	306-307	.	_	
2-39	307-308	
	_	

#Text=Seit dem 1. Juni 2015 dürfen die Länder per Verordnung "angespannte Wohnungsmärkte" ausweisen, in denen Neuvermietungen nicht mehr als zehn Prozent über der ortsüblichen Vergleichsmiete liegen dürfen.
#Text=
3-1	308-312	Seit	_	
3-2	313-316	dem	_	
3-3	317-319	1.	ADJA	
3-4	320-324	Juni	NN	
3-5	325-329	2015	_	
3-6	330-336	dürfen	_	
3-7	337-340	die	_	
3-8	341-347	Länder	NN	
3-9	348-351	per	_	
3-10	352-362	Verordnung	NN	
3-11	363-364	"	_	
3-12	364-375	angespannte	ADJA	
3-13	376-390	Wohnungsmärkte	NN	
3-14	390-391	"	_	
3-15	392-401	ausweisen	VVINF	
3-16	401-402	,	_	
3-17	403-405	in	_	
3-18	406-411	denen	_	
3-19	412-427	Neuvermietungen	NN	
3-20	428-433	nicht	_	
3-21	434-438	mehr	_	
3-22	439-442	als	_	
3-23	443-447	zehn	_	
3-24	448-455	Prozent	NN	
3-25	456-460	über	_	
3-26	461-464	der	_	
3-27	465-477	ortsüblichen	ADJA	
3-28	478-493	Vergleichsmiete	NN	
3-29	494-500	liegen	VVINF	
3-30	501-507	dürfen	_	
3-31	507-508	.	_	
3-32	508-509	
	_	

#Text=Viele Länder sind umgehend darauf eingestiegen - darunter auch Hessen.
#Text=
4-1	509-514	Viele	_	
4-2	515-521	Länder	NN	
4-3	522-526	sind	_	
4-4	527-535	umgehend	ADJD	
4-5	536-542	darauf	_	
4-6	543-555	eingestiegen	VVPP	
4-7	556-557	-	_	
4-8	558-566	darunter	_	
4-9	567-571	auch	_	
4-10	572-578	Hessen	_	
4-11	578-579	.	_	
4-12	579-580	
	_	

#Text=Nun aber hat der BGH entschieden, dass die hessische Verordnung vom November 2015 von vornherein nichtig war, und zwar deshalb, weil sie nicht mit einer öffentlichen Begründung versehen war.
#Text=
5-1	580-583	Nun	_	
5-2	584-588	aber	_	
5-3	589-592	hat	_	
5-4	593-596	der	_	
5-5	597-600	BGH	_	
5-6	601-612	entschieden	VVPP	
5-7	612-613	,	_	
5-8	614-618	dass	_	
5-9	619-622	die	_	
5-10	623-632	hessische	ADJA	
5-11	633-643	Verordnung	NN	
5-12	644-647	vom	_	
5-13	648-656	November	NN	
5-14	657-661	2015	_	
5-15	662-665	von	_	
5-16	666-676	vornherein	_	
5-17	677-684	nichtig	ADJD	
5-18	685-688	war	_	
5-19	688-689	,	_	
5-20	690-693	und	_	
5-21	694-698	zwar	_	
5-22	699-706	deshalb	_	
5-23	706-707	,	_	
5-24	708-712	weil	_	
5-25	713-716	sie	_	
5-26	717-722	nicht	_	
5-27	723-726	mit	_	
5-28	727-732	einer	_	
5-29	733-745	öffentlichen	ADJA	
5-30	746-756	Begründung	NN	
5-31	757-765	versehen	VVPP	
5-32	766-769	war	_	
5-33	769-770	.	_	
5-34	770-771	
	_	

#Text=Und nicht nur das: Auch der Versuch, den Fehler mit nachgeschobener Begründung zu korrigieren, schlug fehl - laut BGH kann die mangelhafte Verordnung nicht nachträglich geheilt werden.
#Text=
6-1	771-774	Und	_	
6-2	775-780	nicht	_	
6-3	781-784	nur	_	
6-4	785-788	das	_	
6-5	788-789	:	_	
6-6	790-794	Auch	_	
6-7	795-798	der	_	
6-8	799-806	Versuch	NN	
6-9	806-807	,	_	
6-10	808-811	den	_	
6-11	812-818	Fehler	NN	
6-12	819-822	mit	_	
6-13	823-838	nachgeschobener	ADJA	
6-14	839-849	Begründung	NN	
6-15	850-852	zu	_	
6-16	853-864	korrigieren	VVINF	
6-17	864-865	,	_	
6-18	866-872	schlug	VVFIN	
6-19	873-877	fehl	PTKVZ	
6-20	878-879	-	_	
6-21	880-884	laut	_	
6-22	885-888	BGH	_	
6-23	889-893	kann	_	
6-24	894-897	die	_	
6-25	898-909	mangelhafte	ADJA	
6-26	910-920	Verordnung	NN	
6-27	921-926	nicht	_	
6-28	927-939	nachträglich	ADJD	
6-29	940-947	geheilt	VVPP	
6-30	948-954	werden	_	
6-31	954-955	.	_	
6-32	955-956	
	_	

#Text=Da sich die Niederlage beim BGH abgezeichnet hatte, hat Hessen im Juni eine neue, nunmehr begründete Verordnung erlassen.
#Text=
7-1	956-958	Da	_	
7-2	959-963	sich	_	
7-3	964-967	die	_	
7-4	968-978	Niederlage	NN	
7-5	979-983	beim	_	
7-6	984-987	BGH	_	
7-7	988-1000	abgezeichnet	VVPP	
7-8	1001-1006	hatte	_	
7-9	1006-1007	,	_	
7-10	1008-1011	hat	_	
7-11	1012-1018	Hessen	_	
7-12	1019-1021	im	_	
7-13	1022-1026	Juni	NN	
7-14	1027-1031	eine	_	
7-15	1032-1036	neue	ADJA	
7-16	1036-1037	,	_	
7-17	1038-1045	nunmehr	_	
7-18	1046-1056	begründete	ADJA	
7-19	1057-1067	Verordnung	NN	
7-20	1068-1076	erlassen	VVPP	
7-21	1076-1077	.	_	
7-22	1077-1078	
	_	

#Text=Der BGH folgt damit der Linie vieler Amts- und Landgerichte.
#Text=
8-1	1078-1081	Der	_	
8-2	1082-1085	BGH	_	
8-3	1086-1091	folgt	VVFIN	
8-4	1092-1097	damit	_	
8-5	1098-1101	der	_	
8-6	1102-1107	Linie	NN	
8-7	1108-1114	vieler	_	
8-8	1115-1120	Amts-	TRUNC	
8-9	1121-1124	und	_	
8-10	1125-1137	Landgerichte	NN	
8-11	1137-1138	.	_	
8-12	1138-1139	
	_	

#Text=Auch beispielsweise in Bayern, Hamburg und zuletzt in Baden-Württemberg haben Gerichte die Verordnungen zur Mietpreisbremse wegen fehlender Begründung beanstandet.
#Text=
9-1	1139-1143	Auch	_	
9-2	1144-1158	beispielsweise	_	
9-3	1159-1161	in	_	
9-4	1162-1168	Bayern	_	
9-5	1168-1169	,	_	
9-6	1170-1177	Hamburg	_	
9-7	1178-1181	und	_	
9-8	1182-1189	zuletzt	_	
9-9	1190-1192	in	_	
9-10	1193-1210	Baden-Württemberg	_	
9-11	1211-1216	haben	_	
9-12	1217-1225	Gerichte	NN	
9-13	1226-1229	die	_	
9-14	1230-1242	Verordnungen	NN	
9-15	1243-1246	zur	_	
9-16	1247-1262	Mietpreisbremse	NN	
9-17	1263-1268	wegen	_	
9-18	1269-1278	fehlender	ADJA	
9-19	1279-1289	Begründung	NN	
9-20	1290-1301	beanstandet	VVPP	
9-21	1301-1302	.	_	
9-22	1302-1303	
	_	

#Text=Denn Paragraf 556d Bürgerliches Gesetzbuch ist in diesem Punkt unmissverständlich - man wundert sich, dass es dafür Gerichte braucht.
#Text=
10-1	1303-1307	Denn	_	
10-2	1308-1316	Paragraf	NN	
10-3	1317-1321	556d	NN	
10-4	1322-1334	Bürgerliches	ADJA	
10-5	1335-1345	Gesetzbuch	NN	
10-6	1346-1349	ist	_	
10-7	1350-1352	in	_	
10-8	1353-1359	diesem	_	
10-9	1360-1365	Punkt	NN	
10-10	1366-1384	unmissverständlich	ADJD	
10-11	1385-1386	-	_	
10-12	1387-1390	man	_	
10-13	1391-1398	wundert	VVFIN	
10-14	1399-1403	sich	_	
10-15	1403-1404	,	_	
10-16	1405-1409	dass	_	
10-17	1410-1412	es	_	
10-18	1413-1418	dafür	_	
10-19	1419-1427	Gerichte	NN	
10-20	1428-1435	braucht	VVFIN	
10-21	1435-1436	.	_	
10-22	1436-1437	
	_	

#Text=Danach "muss" eine Verordnung begründet werden: "Aus der Begründung muss sich ergeben, auf Grund welcher Tatsachen ein Gebiet mit einem angespannten Wohnungsmarkt im Einzelfall vorliegt."
#Text=
11-1	1437-1443	Danach	_	
11-2	1444-1445	"	_	
11-3	1445-1449	muss	_	
11-4	1449-1450	"	_	
11-5	1451-1455	eine	_	
11-6	1456-1466	Verordnung	NN	
11-7	1467-1476	begründet	VVPP	
11-8	1477-1483	werden	_	
11-9	1483-1484	:	_	
11-10	1485-1486	"	_	
11-11	1486-1489	Aus	_	
11-12	1490-1493	der	_	
11-13	1494-1504	Begründung	NN	
11-14	1505-1509	muss	_	
11-15	1510-1514	sich	_	
11-16	1515-1522	ergeben	VVPP	
11-17	1522-1523	,	_	
11-18	1524-1527	auf	_	
11-19	1528-1533	Grund	NN	
11-20	1534-1541	welcher	_	
11-21	1542-1551	Tatsachen	NN	
11-22	1552-1555	ein	_	
11-23	1556-1562	Gebiet	NN	
11-24	1563-1566	mit	_	
11-25	1567-1572	einem	_	
11-26	1573-1585	angespannten	ADJA	
11-27	1586-1599	Wohnungsmarkt	NN	
11-28	1600-1602	im	_	
11-29	1603-1613	Einzelfall	NN	
11-30	1614-1622	vorliegt	VVFIN	
11-31	1622-1623	.	_	
11-32	1623-1624	"	_	
11-33	1624-1625	
	_	

#Text=Und das ist keine bloße Formalie, schreibt nun der BGH.
#Text=
12-1	1625-1628	Und	_	
12-2	1629-1632	das	_	
12-3	1633-1636	ist	_	
12-4	1637-1642	keine	_	
12-5	1643-1648	bloße	ADJA	
12-6	1649-1657	Formalie	NN	
12-7	1657-1658	,	_	
12-8	1659-1667	schreibt	VVFIN	
12-9	1668-1671	nun	_	
12-10	1672-1675	der	_	
12-11	1676-1679	BGH	_	
12-12	1679-1680	.	_	
12-13	1680-1681	
	_	

#Text=Der Eigentumsschutz der Vermieter verlange, dass die Grundlagen einer Mietbegrenzung dargelegt würden.
#Text=
13-1	1681-1684	Der	_	
13-2	1685-1700	Eigentumsschutz	NN	
13-3	1701-1704	der	_	
13-4	1705-1714	Vermieter	NN	
13-5	1715-1723	verlange	VVFIN	
13-6	1723-1724	,	_	
13-7	1725-1729	dass	_	
13-8	1730-1733	die	_	
13-9	1734-1744	Grundlagen	NN	
13-10	1745-1750	einer	_	
13-11	1751-1765	Mietbegrenzung	NN	
13-12	1766-1775	dargelegt	VVPP	
13-13	1776-1782	würden	_	
13-14	1782-1783	.	_	
13-15	1783-1784	
	_	

#Text="Es geht also darum, dass der Verordnungsgeber im Einzelnen zu begründen hat, auf welcher Tatsachenbasis, insbesondere aufgrund welcher Indikatoren er die betroffenen Gebiete als angespannte Wohnungsmärkte beurteilt und welche Maßnahmen er getroffen hat oder plant, um die Situation zu mildern."
#Text=
14-1	1784-1785	"	_	
14-2	1785-1787	Es	_	
14-3	1788-1792	geht	VVFIN	
14-4	1793-1797	also	_	
14-5	1798-1803	darum	_	
14-6	1803-1804	,	_	
14-7	1805-1809	dass	_	
14-8	1810-1813	der	_	
14-9	1814-1830	Verordnungsgeber	NN	
14-10	1831-1833	im	_	
14-11	1834-1843	Einzelnen	NN	
14-12	1844-1846	zu	_	
14-13	1847-1856	begründen	VVINF	
14-14	1857-1860	hat	_	
14-15	1860-1861	,	_	
14-16	1862-1865	auf	_	
14-17	1866-1873	welcher	_	
14-18	1874-1888	Tatsachenbasis	NN	
14-19	1888-1889	,	_	
14-20	1890-1902	insbesondere	_	
14-21	1903-1911	aufgrund	_	
14-22	1912-1919	welcher	_	
14-23	1920-1931	Indikatoren	NN	
14-24	1932-1934	er	_	
14-25	1935-1938	die	_	
14-26	1939-1950	betroffenen	ADJA	
14-27	1951-1958	Gebiete	NN	
14-28	1959-1962	als	_	
14-29	1963-1974	angespannte	ADJA	
14-30	1975-1989	Wohnungsmärkte	NN	
14-31	1990-1999	beurteilt	VVPP	
14-32	2000-2003	und	_	
14-33	2004-2010	welche	_	
14-34	2011-2020	Maßnahmen	NN	
14-35	2021-2023	er	_	
14-36	2024-2033	getroffen	VVPP	
14-37	2034-2037	hat	_	
14-38	2038-2042	oder	_	
14-39	2043-2048	plant	VVFIN	
14-40	2048-2049	,	_	
14-41	2050-2052	um	_	
14-42	2053-2056	die	_	
14-43	2057-2066	Situation	NN	
14-44	2067-2069	zu	_	
14-45	2070-2077	mildern	VVINF	
14-46	2077-2078	.	_	
14-47	2078-2079	"	_	
14-48	2079-2080	
	_	

#Text=Die gegenläufigen Interessen von Vermieter und Mieter müssten abgewogen werden.
#Text=
15-1	2080-2083	Die	_	
15-2	2084-2097	gegenläufigen	ADJA	
15-3	2098-2108	Interessen	NN	
15-4	2109-2112	von	_	
15-5	2113-2122	Vermieter	NN	
15-6	2123-2126	und	_	
15-7	2127-2133	Mieter	NN	
15-8	2134-2141	müssten	_	
15-9	2142-2151	abgewogen	VVPP	
15-10	2152-2158	werden	_	
15-11	2158-2159	.	_	
15-12	2159-2160	
	_	

#Text=Notwendig sei die Begründung, damit die Mieterschutz-Maßnahmen gerichtlich überprüfbar seien.
#Text=
16-1	2160-2169	Notwendig	ADJD	
16-2	2170-2173	sei	_	
16-3	2174-2177	die	_	
16-4	2178-2188	Begründung	NN	
16-5	2188-2189	,	_	
16-6	2190-2195	damit	_	
16-7	2196-2199	die	_	
16-8	2200-2222	Mieterschutz-Maßnahmen	NN	
16-9	2223-2234	gerichtlich	ADJD	
16-10	2235-2246	überprüfbar	ADJD	
16-11	2247-2252	seien	_	
16-12	2252-2253	.	_	
16-13	2253-2254	
	_	
