#FORMAT=WebAnno TSV 3.3
#T_SP=webanno.custom.Metaphors|Conventionality|Metaphern
#T_SP=webanno.custom.POS|pos_tag
#T_RL=webanno.custom.UnitofAnalysis|bidirectionalrelation|BT_webanno.custom.Metaphors


#Text=Der Prozess gegen Sara Netanjahu, die Frau des israelischen Premierministers, wird eingestellt.
#Text=
1-1	0-3	Der	_	_	_	_	_	
1-2	4-11	Prozess	O	O	NN	_	_	
1-3	12-17	gegen	_	_	_	_	_	
1-4	18-22	Sara	_	_	_	_	_	
1-5	23-32	Netanjahu	_	_	_	_	_	
1-6	32-33	,	_	_	_	_	_	
1-7	34-37	die	_	_	_	_	_	
1-8	38-42	Frau	O	O	NN	_	_	
1-9	43-46	des	_	_	_	_	_	
1-10	47-59	israelischen	O	O	ADJA	_	_	
1-11	60-76	Premierministers	O	O	NN	_	_	
1-12	76-77	,	_	_	_	_	_	
1-13	78-82	wird	_	_	_	_	_	
1-14	83-94	eingestellt	O	O	VVPP	_	_	
1-15	94-95	.	_	_	_	_	_	
1-16	95-96	
	_	_	_	_	_	

#Text=Sie wird schuldig gesprochen und muss eine Geldstrafe sowie Wiedergutmachung zahlen.
#Text=
2-1	96-99	Sie	_	_	_	_	_	
2-2	100-104	wird	_	_	_	_	_	
2-3	105-113	schuldig	O	O	ADJD	_	_	
2-4	114-124	gesprochen	O	O	VVPP	_	_	
2-5	125-128	und	_	_	_	_	_	
2-6	129-133	muss	_	_	_	_	_	
2-7	134-138	eine	_	_	_	_	_	
2-8	139-149	Geldstrafe	O	O	NN	_	_	
2-9	150-155	sowie	_	_	_	_	_	
2-10	156-172	Wiedergutmachung	O	O	NN	_	_	
2-11	173-179	zahlen	O	O	VVINF	_	_	
2-12	179-180	.	_	_	_	_	_	
2-13	180-181	
	_	_	_	_	_	

#Text=Sara Netanjahu wurde angeklagt, weil sie auf Staatskosten Speisen aus Luxusrestaurants im Wert von umgerechnet rund 86 000 Euro bestellt hat - obwohl es eine angestellte Köchin in der Residenz des Regierungschefs gibt.
#Text=
3-1	181-185	Sara	_	_	_	_	_	
3-2	186-195	Netanjahu	_	_	_	_	_	
3-3	196-201	wurde	_	_	_	_	_	
3-4	202-211	angeklagt	O	O	VVPP	_	_	
3-5	211-212	,	_	_	_	_	_	
3-6	213-217	weil	_	_	_	_	_	
3-7	218-221	sie	_	_	_	_	_	
3-8	222-225	auf	_	_	_	_	_	
3-9	226-238	Staatskosten	O	O	NN	_	_	
3-10	239-246	Speisen	O	O	NN	_	_	
3-11	247-250	aus	_	_	_	_	_	
3-12	251-267	Luxusrestaurants	O	O	NN	_	_	
3-13	268-270	im	_	_	_	_	_	
3-14	271-275	Wert	O	O	NN	_	_	
3-15	276-279	von	_	_	_	_	_	
3-16	280-291	umgerechnet	O	O	ADJD	_	_	
3-17	292-296	rund	_	_	_	_	_	
3-18	297-299	86	_	_	_	_	_	
3-19	300-303	000	_	_	_	_	_	
3-20	304-308	Euro	O	O	NN	_	_	
3-21	309-317	bestellt	O	O	VVPP	_	_	
3-22	318-321	hat	_	_	_	_	_	
3-23	322-323	-	_	_	_	_	_	
3-24	324-330	obwohl	_	_	_	_	_	
3-25	331-333	es	_	_	_	_	_	
3-26	334-338	eine	_	_	_	_	_	
3-27	339-350	angestellte	O	O	ADJA	_	_	
3-28	351-357	Köchin	O	O	NN	_	_	
3-29	358-360	in	_	_	_	_	_	
3-30	361-364	der	_	_	_	_	_	
3-31	365-373	Residenz	O	O	NN	_	_	
3-32	374-377	des	_	_	_	_	_	
3-33	378-393	Regierungschefs	O	O	NN	_	_	
3-34	394-398	gibt	O	O	VVFIN	_	_	
3-35	398-399	.	_	_	_	_	_	
3-36	399-400	
	_	_	_	_	_	

#Text=Diese Bestellungen betrafen den Zeitraum von September 2010 bis März 2013.
#Text=
4-1	400-405	Diese	_	_	_	_	_	
4-2	406-418	Bestellungen	O	O	NN	_	_	
4-3	419-427	betrafen	O	O	VVFIN	_	_	
4-4	428-431	den	_	_	_	_	_	
4-5	432-440	Zeitraum	O	O	NN	_	_	
4-6	441-444	von	_	_	_	_	_	
4-7	445-454	September	O	O	NN	_	_	
4-8	455-459	2010	_	_	_	_	_	
4-9	460-463	bis	_	_	_	_	_	
4-10	464-468	März	O	O	NN	_	_	
4-11	469-474	2013.	_	_	_	_	_	
4-12	474-475	
	_	_	_	_	_	

#Text=Die Anklage ging von Untreue und Betrug im besonders schweren Fall aus.
#Text=
5-1	475-478	Die	_	_	_	_	_	
5-2	479-486	Anklage	O	O	NN	_	_	
5-3	487-491	ging	O	O	VVFIN	_	_	
5-4	492-495	von	_	_	_	_	_	
5-5	496-503	Untreue	O	O	NN	_	_	
5-6	504-507	und	_	_	_	_	_	
5-7	508-514	Betrug	O	O	NN	_	_	
5-8	515-517	im	_	_	_	_	_	
5-9	518-527	besonders	_	_	_	_	_	
5-10	528-536	schweren	KON	MRW	ADJA	_	_	
5-11	537-541	Fall	O	O	NN	_	_	
5-12	542-545	aus	O	O	PTKVZ	belong together	5-3	
5-13	545-546	.	_	_	_	_	_	
5-14	546-547	
	_	_	_	_	_	

#Text=Netanjahu unterzeichnete am Mittwochmorgen eine Vereinbarung mit dem Staatsanwalt.
#Text=
6-1	547-556	Netanjahu	_	_	_	_	_	
6-2	557-571	unterzeichnete	O	O	VVFIN	_	_	
6-3	572-574	am	_	_	_	_	_	
6-4	575-589	Mittwochmorgen	O	O	NN	_	_	
6-5	590-594	eine	_	_	_	_	_	
6-6	595-607	Vereinbarung	O	O	NN	_	_	
6-7	608-611	mit	_	_	_	_	_	
6-8	612-615	dem	_	_	_	_	_	
6-9	616-628	Staatsanwalt	O	O	NN	_	_	
6-10	628-629	.	_	_	_	_	_	
6-11	629-630	
	_	_	_	_	_	

#Text=Darin wird der Vorwurf des Betrugs aus der Anklage nicht wiederholt.
#Text=
7-1	630-635	Darin	_	_	_	_	_	
7-2	636-640	wird	_	_	_	_	_	
7-3	641-644	der	_	_	_	_	_	
7-4	645-652	Vorwurf	O	O	NN	_	_	
7-5	653-656	des	_	_	_	_	_	
7-6	657-664	Betrugs	O	O	NN	_	_	
7-7	665-668	aus	_	_	_	_	_	
7-8	669-672	der	_	_	_	_	_	
7-9	673-680	Anklage	O	O	NN	_	_	
7-10	681-686	nicht	_	_	_	_	_	
7-11	687-697	wiederholt	O	O	VVPP	_	_	
7-12	697-698	.	_	_	_	_	_	
7-13	698-699	
	_	_	_	_	_	

#Text=Die First Lady gesteht lediglich ein, "unfaire Vorteile aus einem Fehler" gezogen zu haben und wird dafür verurteilt.
#Text=
8-1	699-702	Die	_	_	_	_	_	
8-2	703-708	First	_	_	_	_	_	
8-3	709-713	Lady	_	_	_	_	_	
8-4	714-721	gesteht	O	O	VVFIN	_	_	
8-5	722-731	lediglich	_	_	_	_	_	
8-6	732-735	ein	O	O	PTKVZ	belong together	8-4	
8-7	735-736	,	_	_	_	_	_	
8-8	737-738	"	_	_	_	_	_	
8-9	738-745	unfaire	O	O	ADJA	_	_	
8-10	746-754	Vorteile	O	O	NN	_	_	
8-11	755-758	aus	_	_	_	_	_	
8-12	759-764	einem	_	_	_	_	_	
8-13	765-771	Fehler	O	O	NN	_	_	
8-14	771-772	"	_	_	_	_	_	
8-15	773-780	gezogen	KON	MRW	VVPP	_	_	
8-16	781-783	zu	_	_	_	_	_	
8-17	784-789	haben	_	_	_	_	_	
8-18	790-793	und	_	_	_	_	_	
8-19	794-798	wird	_	_	_	_	_	
8-20	799-804	dafür	_	_	_	_	_	
8-21	805-815	verurteilt	O	O	VVPP	_	_	
8-22	815-816	.	_	_	_	_	_	
8-23	816-817	
	_	_	_	_	_	

#Text=Sie muss umgerechnet 13 500 Euro zahlen.
#Text=
9-1	817-820	Sie	_	_	_	_	_	
9-2	821-825	muss	_	_	_	_	_	
9-3	826-837	umgerechnet	O	O	ADJD	_	_	
9-4	838-840	13	_	_	_	_	_	
9-5	841-844	500	_	_	_	_	_	
9-6	845-849	Euro	O	O	NN	_	_	
9-7	850-856	zahlen	O	O	VVINF	_	_	
9-8	856-857	.	_	_	_	_	_	
9-9	857-858	
	_	_	_	_	_	

#Text=Davon sind 2400 Euro eine Geldstrafe, der Rest wird als "Wiedergutmachung" an die Staatskasse zurückfließen.
#Text=
10-1	858-863	Davon	_	_	_	_	_	
10-2	864-868	sind	_	_	_	_	_	
10-3	869-873	2400	_	_	_	_	_	
10-4	874-878	Euro	O	O	NN	_	_	
10-5	879-883	eine	_	_	_	_	_	
10-6	884-894	Geldstrafe	O	O	NN	_	_	
10-7	894-895	,	_	_	_	_	_	
10-8	896-899	der	_	_	_	_	_	
10-9	900-904	Rest	O	O	NN	_	_	
10-10	905-909	wird	_	_	_	_	_	
10-11	910-913	als	_	_	_	_	_	
10-12	914-915	"	_	_	_	_	_	
10-13	915-931	Wiedergutmachung	O	O	NN	_	_	
10-14	931-932	"	_	_	_	_	_	
10-15	933-935	an	_	_	_	_	_	
10-16	936-939	die	_	_	_	_	_	
10-17	940-951	Staatskasse	O	O	NN	_	_	
10-18	952-965	zurückfließen	KON	MRW	VVFIN	_	_	
10-19	965-966	.	_	_	_	_	_	
10-20	966-967	
	_	_	_	_	_	

#Text=Ebenfalls angeklagt war Ezra Saidoff, der ehemalige stellvertretende Leiter des Büros des Premierministers.
#Text=
11-1	967-976	Ebenfalls	_	_	_	_	_	
11-2	977-986	angeklagt	O	O	VVPP	_	_	
11-3	987-990	war	_	_	_	_	_	
11-4	991-995	Ezra	_	_	_	_	_	
11-5	996-1003	Saidoff	_	_	_	_	_	
11-6	1003-1004	,	_	_	_	_	_	
11-7	1005-1008	der	_	_	_	_	_	
11-8	1009-1018	ehemalige	O	O	ADJA	_	_	
11-9	1019-1035	stellvertretende	O	O	ADJA	_	_	
11-10	1036-1042	Leiter	O	O	NN	_	_	
11-11	1043-1046	des	_	_	_	_	_	
11-12	1047-1052	Büros	O	O	NN	_	_	
11-13	1053-1056	des	_	_	_	_	_	
11-14	1057-1073	Premierministers	O	O	NN	_	_	
11-15	1073-1074	.	_	_	_	_	_	
11-16	1074-1075	
	_	_	_	_	_	

#Text=Er soll auch Rechnungen gefälscht haben.
#Text=
12-1	1075-1077	Er	_	_	_	_	_	
12-2	1078-1082	soll	_	_	_	_	_	
12-3	1083-1087	auch	_	_	_	_	_	
12-4	1088-1098	Rechnungen	O	O	NN	_	_	
12-5	1099-1108	gefälscht	O	O	VVPP	_	_	
12-6	1109-1114	haben	_	_	_	_	_	
12-7	1114-1115	.	_	_	_	_	_	
12-8	1115-1116	
	_	_	_	_	_	

#Text=Er stimmte einer Zahlung von 2400 Euro zu und muss zusätzlich 120 Stunden bei einer gemeinnützigen Einrichtung arbeiten.
#Text=
13-1	1116-1118	Er	_	_	_	_	_	
13-2	1119-1126	stimmte	O	O	VVFIN	_	_	
13-3	1127-1132	einer	_	_	_	_	_	
13-4	1133-1140	Zahlung	O	O	NN	_	_	
13-5	1141-1144	von	_	_	_	_	_	
13-6	1145-1149	2400	_	_	_	_	_	
13-7	1150-1154	Euro	O	O	NN	_	_	
13-8	1155-1157	zu	O	O	PTKVZ	belong together	13-2	
13-9	1158-1161	und	_	_	_	_	_	
13-10	1162-1166	muss	_	_	_	_	_	
13-11	1167-1177	zusätzlich	O	O	ADJD	_	_	
13-12	1178-1181	120	_	_	_	_	_	
13-13	1182-1189	Stunden	O	O	NN	_	_	
13-14	1190-1193	bei	_	_	_	_	_	
13-15	1194-1199	einer	_	_	_	_	_	
13-16	1200-1214	gemeinnützigen	O	O	ADJA	_	_	
13-17	1215-1226	Einrichtung	O	O	NN	_	_	
13-18	1227-1235	arbeiten	O	O	VVFIN	_	_	
13-19	1235-1236	.	_	_	_	_	_	
13-20	1236-1237	
	_	_	_	_	_	

#Text=Generalstaatsanwalt Avichai Mandelblit wollte von Anfang an ein Gerichtsverfahren vermeiden und einen Vergleich schließen, was Sara Netanjahu jedoch ablehnte.
#Text=
14-1	1237-1256	Generalstaatsanwalt	O	O	NN	_	_	
14-2	1257-1264	Avichai	_	_	_	_	_	
14-3	1265-1275	Mandelblit	_	_	_	_	_	
14-4	1276-1282	wollte	_	_	_	_	_	
14-5	1283-1286	von	_	_	_	_	_	
14-6	1287-1293	Anfang	KON	MRW	NN	_	_	
14-7	1294-1296	an	_	_	_	_	_	
14-8	1297-1300	ein	_	_	_	_	_	
14-9	1301-1318	Gerichtsverfahren	O	O	NN	_	_	
14-10	1319-1328	vermeiden	O	O	VVINF	_	_	
14-11	1329-1332	und	_	_	_	_	_	
14-12	1333-1338	einen	_	_	_	_	_	
14-13	1339-1348	Vergleich	O	O	NN	_	_	
14-14	1349-1358	schließen	O	O	VVINF	_	_	
14-15	1358-1359	,	_	_	_	_	_	
14-16	1360-1363	was	_	_	_	_	_	
14-17	1364-1368	Sara	_	_	_	_	_	
14-18	1369-1378	Netanjahu	_	_	_	_	_	
14-19	1379-1385	jedoch	_	_	_	_	_	
14-20	1386-1394	ablehnte	O	O	VVFIN	_	_	
14-21	1394-1395	.	_	_	_	_	_	
14-22	1395-1396	
	_	_	_	_	_	

#Text=Daher stand, zum ersten Mal in der Geschichte des Landes, seit Oktober 2018 die Gattin eines Regierungschefs vor Gericht.
#Text=
15-1	1396-1401	Daher	_	_	_	_	_	
15-2	1402-1407	stand	O	WIDLII	VVFIN	_	_	
15-3	1407-1408	,	_	_	_	_	_	
15-4	1409-1412	zum	_	_	_	_	_	
15-5	1413-1419	ersten	O	O	ADJA	_	_	
15-6	1420-1423	Mal	O	O	NN	_	_	
15-7	1424-1426	in	_	_	_	_	_	
15-8	1427-1430	der	_	_	_	_	_	
15-9	1431-1441	Geschichte	O	O	NN	_	_	
15-10	1442-1445	des	_	_	_	_	_	
15-11	1446-1452	Landes	O	O	NN	_	_	
15-12	1452-1453	,	_	_	_	_	_	
15-13	1454-1458	seit	_	_	_	_	_	
15-14	1459-1466	Oktober	O	O	NN	_	_	
15-15	1467-1471	2018	_	_	_	_	_	
15-16	1472-1475	die	_	_	_	_	_	
15-17	1476-1482	Gattin	O	O	NN	_	_	
15-18	1483-1488	eines	_	_	_	_	_	
15-19	1489-1504	Regierungschefs	O	O	NN	_	_	
15-20	1505-1508	vor	_	_	_	_	_	
15-21	1509-1516	Gericht	O	O	NN	_	_	
15-22	1516-1517	.	_	_	_	_	_	
15-23	1517-1518	
	_	_	_	_	_	

#Text=Die 60-Jährige, die selten von der Seite ihres Mannes weicht, bestritt stets die Vorwürfe und sprach von einer Hexenjagd.
#Text=
16-1	1518-1521	Die	_	_	_	_	_	
16-2	1522-1532	60-Jährige	_	_	_	_	_	
16-3	1532-1533	,	_	_	_	_	_	
16-4	1534-1537	die	_	_	_	_	_	
16-5	1538-1544	selten	O	O	ADJD	_	_	
16-6	1545-1548	von	_	_	_	_	_	
16-7	1549-1552	der	_	_	_	_	_	
16-8	1553-1558	Seite	KON	MRW	NN	_	_	
16-9	1559-1564	ihres	_	_	_	_	_	
16-10	1565-1571	Mannes	O	O	NN	_	_	
16-11	1572-1578	weicht	O	O	VVFIN	_	_	
16-12	1578-1579	,	_	_	_	_	_	
16-13	1580-1588	bestritt	O	O	VVFIN	_	_	
16-14	1589-1594	stets	_	_	_	_	_	
16-15	1595-1598	die	_	_	_	_	_	
16-16	1599-1607	Vorwürfe	O	O	NN	_	_	
16-17	1608-1611	und	_	_	_	_	_	
16-18	1612-1618	sprach	O	O	VVFIN	_	_	
16-19	1619-1622	von	_	_	_	_	_	
16-20	1623-1628	einer	_	_	_	_	_	
16-21	1629-1638	Hexenjagd	KON	MRW	NN	_	_	
16-22	1638-1639	.	_	_	_	_	_	
16-23	1639-1640	
	_	_	_	_	_	

#Text=In einem der drei Korruptionsfälle, mit denen Benjamin Netanjahu konfrontiert ist, galt Sara Netanjahu als Verdächtige, in diesem Fall jedoch hat der Generalstaatsanwalt keine Anklageerhebung gegen sie empfohlen.
#Text=
17-1	1640-1642	In	_	_	_	_	_	
17-2	1643-1648	einem	_	_	_	_	_	
17-3	1649-1652	der	_	_	_	_	_	
17-4	1653-1657	drei	_	_	_	_	_	
17-5	1658-1674	Korruptionsfälle	O	O	NN	_	_	
17-6	1674-1675	,	_	_	_	_	_	
17-7	1676-1679	mit	_	_	_	_	_	
17-8	1680-1685	denen	_	_	_	_	_	
17-9	1686-1694	Benjamin	_	_	_	_	_	
17-10	1695-1704	Netanjahu	_	_	_	_	_	
17-11	1705-1717	konfrontiert	O	WIDLII	VVPP	_	_	
17-12	1718-1721	ist	_	_	_	_	_	
17-13	1721-1722	,	_	_	_	_	_	
17-14	1723-1727	galt	O	O	VVFIN	_	_	
17-15	1728-1732	Sara	_	_	_	_	_	
17-16	1733-1742	Netanjahu	_	_	_	_	_	
17-17	1743-1746	als	_	_	_	_	_	
17-18	1747-1758	Verdächtige	O	O	NN	_	_	
17-19	1758-1759	,	_	_	_	_	_	
17-20	1760-1762	in	_	_	_	_	_	
17-21	1763-1769	diesem	_	_	_	_	_	
17-22	1770-1774	Fall	O	O	NN	_	_	
17-23	1775-1781	jedoch	_	_	_	_	_	
17-24	1782-1785	hat	_	_	_	_	_	
17-25	1786-1789	der	_	_	_	_	_	
17-26	1790-1809	Generalstaatsanwalt	O	O	NN	_	_	
17-27	1810-1815	keine	_	_	_	_	_	
17-28	1816-1831	Anklageerhebung	O	O	NN	_	_	
17-29	1832-1837	gegen	_	_	_	_	_	
17-30	1838-1841	sie	_	_	_	_	_	
17-31	1842-1851	empfohlen	O	O	VVPP	_	_	
17-32	1851-1852	.	_	_	_	_	_	
17-33	1852-1853	
	_	_	_	_	_	

#Text=Es ist nicht das erste Mal, dass Sara Netanjahu für Schlagzeilen wegen ihres teuren Lebensstils auf Staatskosten sorgt.
#Text=
18-1	1853-1855	Es	_	_	_	_	_	
18-2	1856-1859	ist	_	_	_	_	_	
18-3	1860-1865	nicht	_	_	_	_	_	
18-4	1866-1869	das	_	_	_	_	_	
18-5	1870-1875	erste	O	O	ADJA	_	_	
18-6	1876-1879	Mal	O	O	NN	_	_	
18-7	1879-1880	,	_	_	_	_	_	
18-8	1881-1885	dass	_	_	_	_	_	
18-9	1886-1890	Sara	_	_	_	_	_	
18-10	1891-1900	Netanjahu	_	_	_	_	_	
18-11	1901-1904	für	_	_	_	_	_	
18-12	1905-1917	Schlagzeilen	O	O	NN	_	_	
18-13	1918-1923	wegen	_	_	_	_	_	
18-14	1924-1929	ihres	_	_	_	_	_	
18-15	1930-1936	teuren	O	O	ADJA	_	_	
18-16	1937-1948	Lebensstils	O	O	NN	_	_	
18-17	1949-1952	auf	_	_	_	_	_	
18-18	1953-1965	Staatskosten	O	O	NN	_	_	
18-19	1966-1971	sorgt	O	WIDLII	VVFIN	_	_	
18-20	1971-1972	.	_	_	_	_	_	
18-21	1972-1973	
	_	_	_	_	_	

#Text=So soll sie wiederholt bis zu acht Koffer voller Schmutzwäsche auf Auslandsreisen mitgenommen haben, damit der Inhalt dann auf Kosten der Steuerzahler gewaschen wird.
#Text=
19-1	1973-1975	So	_	_	_	_	_	
19-2	1976-1980	soll	_	_	_	_	_	
19-3	1981-1984	sie	_	_	_	_	_	
19-4	1985-1995	wiederholt	O	O	ADJD	_	_	
19-5	1996-1999	bis	_	_	_	_	_	
19-6	2000-2002	zu	_	_	_	_	_	
19-7	2003-2007	acht	_	_	_	_	_	
19-8	2008-2014	Koffer	O	O	NN	_	_	
19-9	2015-2021	voller	_	_	_	_	_	
19-10	2022-2035	Schmutzwäsche	O	O	NN	_	_	
19-11	2036-2039	auf	_	_	_	_	_	
19-12	2040-2054	Auslandsreisen	O	O	NN	_	_	
19-13	2055-2066	mitgenommen	O	O	VVPP	_	_	
19-14	2067-2072	haben	_	_	_	_	_	
19-15	2072-2073	,	_	_	_	_	_	
19-16	2074-2079	damit	_	_	_	_	_	
19-17	2080-2083	der	_	_	_	_	_	
19-18	2084-2090	Inhalt	O	O	NN	_	_	
19-19	2091-2095	dann	_	_	_	_	_	
19-20	2096-2099	auf	_	_	_	_	_	
19-21	2100-2106	Kosten	O	O	NN	_	_	
19-22	2107-2110	der	_	_	_	_	_	
19-23	2111-2123	Steuerzahler	O	O	NN	_	_	
19-24	2124-2133	gewaschen	O	O	VVPP	_	_	
19-25	2134-2138	wird	_	_	_	_	_	
19-26	2138-2139	.	_	_	_	_	_	
19-27	2139-2140	
	_	_	_	_	_	

#Text=2015 wurde bekannt, dass sie von Angestellten verlangte, das Pfand von Flaschen, die in der Residenz geleert wurden, bei ihr abzuliefern.
#Text=
20-1	2140-2144	2015	_	_	_	_	_	
20-2	2145-2150	wurde	_	_	_	_	_	
20-3	2151-2158	bekannt	O	O	ADJD	_	_	
20-4	2158-2159	,	_	_	_	_	_	
20-5	2160-2164	dass	_	_	_	_	_	
20-6	2165-2168	sie	_	_	_	_	_	
20-7	2169-2172	von	_	_	_	_	_	
20-8	2173-2185	Angestellten	O	O	NN	_	_	
20-9	2186-2195	verlangte	O	O	VVFIN	_	_	
20-10	2195-2196	,	_	_	_	_	_	
20-11	2197-2200	das	_	_	_	_	_	
20-12	2201-2206	Pfand	O	O	NN	_	_	
20-13	2207-2210	von	_	_	_	_	_	
20-14	2211-2219	Flaschen	O	O	NN	_	_	
20-15	2219-2220	,	_	_	_	_	_	
20-16	2221-2224	die	_	_	_	_	_	
20-17	2225-2227	in	_	_	_	_	_	
20-18	2228-2231	der	_	_	_	_	_	
20-19	2232-2240	Residenz	O	O	NN	_	_	
20-20	2241-2248	geleert	O	O	VVPP	_	_	
20-21	2249-2255	wurden	_	_	_	_	_	
20-22	2255-2256	,	_	_	_	_	_	
20-23	2257-2260	bei	_	_	_	_	_	
20-24	2261-2264	ihr	_	_	_	_	_	
20-25	2265-2276	abzuliefern	O	O	VVIZU	_	_	
20-26	2276-2277	.	_	_	_	_	_	
20-27	2277-2278	
	_	_	_	_	_	

#Text=Es gab auch mehrere Anzeigen von Hausangestellten wegen schlechter Behandlung.
#Text=
21-1	2278-2280	Es	_	_	_	_	_	
21-2	2281-2284	gab	O	O	VVFIN	_	_	
21-3	2285-2289	auch	_	_	_	_	_	
21-4	2290-2297	mehrere	_	_	_	_	_	
21-5	2298-2306	Anzeigen	O	O	NN	_	_	
21-6	2307-2310	von	_	_	_	_	_	
21-7	2311-2327	Hausangestellten	O	O	NN	_	_	
21-8	2328-2333	wegen	_	_	_	_	_	
21-9	2334-2344	schlechter	O	O	ADJA	_	_	
21-10	2345-2355	Behandlung	O	O	NN	_	_	
21-11	2355-2356	.	_	_	_	_	_	
21-12	2356-2357	
	_	_	_	_	_	

#Text=In einem Fall ordnete ein Gericht die Zahlung von umgerechnet 36 500 Euro an den Betroffenen an.
#Text=
22-1	2357-2359	In	_	_	_	_	_	
22-2	2360-2365	einem	_	_	_	_	_	
22-3	2366-2370	Fall	O	O	NN	_	_	
22-4	2371-2378	ordnete	O	O	VVFIN	_	_	
22-5	2379-2382	ein	_	_	_	_	_	
22-6	2383-2390	Gericht	O	O	NN	_	_	
22-7	2391-2394	die	_	_	_	_	_	
22-8	2395-2402	Zahlung	O	O	NN	_	_	
22-9	2403-2406	von	_	_	_	_	_	
22-10	2407-2418	umgerechnet	O	O	ADJD	_	_	
22-11	2419-2421	36	_	_	_	_	_	
22-12	2422-2425	500	_	_	_	_	_	
22-13	2426-2430	Euro	O	O	NN	_	_	
22-14	2431-2433	an	_	_	_	_	_	
22-15	2434-2437	den	_	_	_	_	_	
22-16	2438-2449	Betroffenen	O	O	NN	_	_	
22-17	2450-2452	an	O	O	PTKVZ	belong together	22-4	
22-18	2452-2453	.	_	_	_	_	_	
22-19	2453-2454	
	_	_	_	_	_	
