#FORMAT=WebAnno TSV 3.3
#T_SP=webanno.custom.Metaphors|Conventionality|Metaphern
#T_SP=webanno.custom.POS|pos_tag
#T_RL=webanno.custom.UnitofAnalysis|bidirectionalrelation|BT_webanno.custom.Metaphors


#Text=Washington, D.C. – In der sich intensivierenden Untersuchung zur Ukraine-Affäre hat der US-Botschafter bei der Europäischen Union, Gordon Sondland, eine bedeutende Kehrtwende vollzogen und seine frühere Aussage vor dem Kongress revidiert.
#Text=
1-1	0-10	Washington	_	_	_	_	_	
1-2	10-11	,	_	_	_	_	_	
1-3	12-16	D.C.	_	_	_	_	_	
1-4	17-18	–	_	_	_	_	_	
1-5	19-21	In	_	_	_	_	_	
1-6	22-25	der	_	_	_	_	_	
1-7	26-30	sich	_	_	_	_	_	
1-8	31-47	intensivierenden	O	O	ADJA	_	_	
1-9	48-60	Untersuchung	O	O	NN	_	_	
1-10	61-64	zur	_	_	_	_	_	
1-11	65-79	Ukraine-Affäre	_	_	_	_	_	
1-12	80-83	hat	_	_	_	_	_	
1-13	84-87	der	_	_	_	_	_	
1-14	88-102	US-Botschafter	_	_	_	_	_	
1-15	103-106	bei	_	_	_	_	_	
1-16	107-110	der	_	_	_	_	_	
1-17	111-123	Europäischen	_	_	_	_	_	
1-18	124-129	Union	_	_	_	_	_	
1-19	129-130	,	_	_	_	_	_	
1-20	131-137	Gordon	_	_	_	_	_	
1-21	138-146	Sondland	_	_	_	_	_	
1-22	146-147	,	_	_	_	_	_	
1-23	148-152	eine	_	_	_	_	_	
1-24	153-163	bedeutende	O	O	ADJA	_	_	
1-25	164-174	Kehrtwende	KON	MRW	NN	_	_	
1-26	175-184	vollzogen	O	O	VVPP	_	_	
1-27	185-188	und	_	_	_	_	_	
1-28	189-194	seine	_	_	_	_	_	
1-29	195-202	frühere	O	O	ADJA	_	_	
1-30	203-210	Aussage	O	O	NN	_	_	
1-31	211-214	vor	_	_	_	_	_	
1-32	215-218	dem	_	_	_	_	_	
1-33	219-227	Kongress	O	O	NN	_	_	
1-34	228-237	revidiert	O	O	VVPP	_	_	
1-35	237-238	.	_	_	_	_	_	
1-36	238-239	
	_	_	_	_	_	

#Text=In einer schriftlichen Erklärung, die am Dienstag veröffentlicht wurde, gab Sondland zu, dass die militärische Unterstützung für die Ukraine an die Bereitschaft des Landes geknüpft war, Ermittlungen aufzunehmen, die potenziell den politischen Rivalen von Präsident Donald Trump, Joe Biden, schaden könnten.
#Text=
2-1	239-241	In	_	_	_	_	_	
2-2	242-247	einer	_	_	_	_	_	
2-3	248-261	schriftlichen	O	O	ADJA	_	_	
2-4	262-271	Erklärung	O	O	NN	_	_	
2-5	271-272	,	_	_	_	_	_	
2-6	273-276	die	_	_	_	_	_	
2-7	277-279	am	_	_	_	_	_	
2-8	280-288	Dienstag	O	O	NN	_	_	
2-9	289-303	veröffentlicht	O	O	VVPP	_	_	
2-10	304-309	wurde	_	_	_	_	_	
2-11	309-310	,	_	_	_	_	_	
2-12	311-314	gab	O	O	VVFIN	_	_	
2-13	315-323	Sondland	_	_	_	_	_	
2-14	324-326	zu	O	O	PTKVZ	belong together	2-12	
2-15	326-327	,	_	_	_	_	_	
2-16	328-332	dass	_	_	_	_	_	
2-17	333-336	die	_	_	_	_	_	
2-18	337-349	militärische	O	O	ADJA	_	_	
2-19	350-363	Unterstützung	O	O	NN	_	_	
2-20	364-367	für	_	_	_	_	_	
2-21	368-371	die	_	_	_	_	_	
2-22	372-379	Ukraine	_	_	_	_	_	
2-23	380-382	an	_	_	_	_	_	
2-24	383-386	die	_	_	_	_	_	
2-25	387-399	Bereitschaft	O	O	NN	_	_	
2-26	400-403	des	_	_	_	_	_	
2-27	404-410	Landes	O	O	NN	_	_	
2-28	411-419	geknüpft	KON	MRW	VVPP	_	_	
2-29	420-423	war	_	_	_	_	_	
2-30	423-424	,	_	_	_	_	_	
2-31	425-437	Ermittlungen	O	O	NN	_	_	
2-32	438-449	aufzunehmen	KON	MRW	VVIZU	_	_	
2-33	449-450	,	_	_	_	_	_	
2-34	451-454	die	_	_	_	_	_	
2-35	455-465	potenziell	O	O	ADJD	_	_	
2-36	466-469	den	_	_	_	_	_	
2-37	470-481	politischen	O	O	ADJA	_	_	
2-38	482-489	Rivalen	O	O	NN	_	_	
2-39	490-493	von	_	_	_	_	_	
2-40	494-503	Präsident	O	O	NN	_	_	
2-41	504-510	Donald	_	_	_	_	_	
2-42	511-516	Trump	_	_	_	_	_	
2-43	516-517	,	_	_	_	_	_	
2-44	518-521	Joe	_	_	_	_	_	
2-45	522-527	Biden	_	_	_	_	_	
2-46	527-528	,	_	_	_	_	_	
2-47	529-536	schaden	O	O	VVINF	_	_	
2-48	537-544	könnten	_	_	_	_	_	
2-49	544-545	.	_	_	_	_	_	
2-50	545-546	
	_	_	_	_	_	

#Text=Sondland hatte ursprünglich jeglichen Zusammenhang zwischen den Militärhilfen und den geforderten Ermittlungen bestritten.
#Text=
3-1	546-554	Sondland	_	_	_	_	_	
3-2	555-560	hatte	_	_	_	_	_	
3-3	561-573	ursprünglich	O	O	ADJD	_	_	
3-4	574-583	jeglichen	_	_	_	_	_	
3-5	584-596	Zusammenhang	O	O	NN	_	_	
3-6	597-605	zwischen	_	_	_	_	_	
3-7	606-609	den	_	_	_	_	_	
3-8	610-623	Militärhilfen	O	O	NN	_	_	
3-9	624-627	und	_	_	_	_	_	
3-10	628-631	den	_	_	_	_	_	
3-11	632-643	geforderten	O	O	ADJA	_	_	
3-12	644-656	Ermittlungen	O	O	NN	_	_	
3-13	657-667	bestritten	O	O	VVPP	_	_	
3-14	667-668	.	_	_	_	_	_	
3-15	668-669	
	_	_	_	_	_	

#Text=Doch in seiner neuen Aussage erklärte er, dass er sich nun daran erinnere, den ukrainischen Beamten mitgeteilt zu haben, dass die Wiederaufnahme der US-Hilfe „wahrscheinlich nicht“ erfolgen würde, solange das Land nicht die gewünschte Anti-Korruptionsuntersuchung einleiten würde.
#Text=
4-1	669-673	Doch	_	_	_	_	_	
4-2	674-676	in	_	_	_	_	_	
4-3	677-683	seiner	_	_	_	_	_	
4-4	684-689	neuen	O	O	ADJA	_	_	
4-5	690-697	Aussage	O	O	NN	_	_	
4-6	698-706	erklärte	O	O	VVFIN	_	_	
4-7	707-709	er	_	_	_	_	_	
4-8	709-710	,	_	_	_	_	_	
4-9	711-715	dass	_	_	_	_	_	
4-10	716-718	er	_	_	_	_	_	
4-11	719-723	sich	_	_	_	_	_	
4-12	724-727	nun	_	_	_	_	_	
4-13	728-733	daran	_	_	_	_	_	
4-14	734-742	erinnere	O	O	VVFIN	_	_	
4-15	742-743	,	_	_	_	_	_	
4-16	744-747	den	_	_	_	_	_	
4-17	748-760	ukrainischen	O	O	ADJA	_	_	
4-18	761-768	Beamten	O	O	NN	_	_	
4-19	769-779	mitgeteilt	O	O	VVPP	_	_	
4-20	780-782	zu	_	_	_	_	_	
4-21	783-788	haben	_	_	_	_	_	
4-22	788-789	,	_	_	_	_	_	
4-23	790-794	dass	_	_	_	_	_	
4-24	795-798	die	_	_	_	_	_	
4-25	799-813	Wiederaufnahme	O	O	NN	_	_	
4-26	814-817	der	_	_	_	_	_	
4-27	818-826	US-Hilfe	_	_	_	_	_	
4-28	827-828	„	_	_	_	_	_	
4-29	828-842	wahrscheinlich	O	O	ADJD	_	_	
4-30	843-848	nicht	_	_	_	_	_	
4-31	848-849	“	_	_	_	_	_	
4-32	850-858	erfolgen	O	O	VVINF	_	_	
4-33	859-864	würde	_	_	_	_	_	
4-34	864-865	,	_	_	_	_	_	
4-35	866-873	solange	_	_	_	_	_	
4-36	874-877	das	_	_	_	_	_	
4-37	878-882	Land	O	O	NN	_	_	
4-38	883-888	nicht	_	_	_	_	_	
4-39	889-892	die	_	_	_	_	_	
4-40	893-903	gewünschte	O	O	ADJA	_	_	
4-41	904-932	Anti-Korruptionsuntersuchung	_	_	NN	_	_	
4-41.1	904-920	Anti-Korruptions	O	O	_	_	_	
4-41.2	920-932	untersuchung	O	O	_	_	_	
4-42	933-942	einleiten	O	O	VVINF	_	_	
4-43	943-948	würde	_	_	_	_	_	
4-44	948-949	.	_	_	_	_	_	
4-45	949-950	
	_	_	_	_	_	

#Text=Diese Entwicklung hat weitreichende Konsequenzen für die fortlaufenden Untersuchungen der Demokraten im Repräsentantenhaus, die Trump wegen Amtsmissbrauchs und der Beeinflussung von Wahlen beschuldigen.
#Text=
5-1	950-955	Diese	_	_	_	_	_	
5-2	956-967	Entwicklung	O	O	NN	_	_	
5-3	968-971	hat	_	_	_	_	_	
5-4	972-985	weitreichende	KON	MRW	ADJA	_	_	
5-5	986-998	Konsequenzen	O	O	NN	_	_	
5-6	999-1002	für	_	_	_	_	_	
5-7	1003-1006	die	_	_	_	_	_	
5-8	1007-1020	fortlaufenden	O	O	ADJA	_	_	
5-9	1021-1035	Untersuchungen	O	O	NN	_	_	
5-10	1036-1039	der	_	_	_	_	_	
5-11	1040-1050	Demokraten	O	O	NN	_	_	
5-12	1051-1053	im	_	_	_	_	_	
5-13	1054-1072	Repräsentantenhaus	O	O	NN	_	_	
5-14	1072-1073	,	_	_	_	_	_	
5-15	1074-1077	die	_	_	_	_	_	
5-16	1078-1083	Trump	_	_	_	_	_	
5-17	1084-1089	wegen	_	_	_	_	_	
5-18	1090-1105	Amtsmissbrauchs	O	O	NN	_	_	
5-19	1106-1109	und	_	_	_	_	_	
5-20	1110-1113	der	_	_	_	_	_	
5-21	1114-1127	Beeinflussung	O	O	NN	_	_	
5-22	1128-1131	von	_	_	_	_	_	
5-23	1132-1138	Wahlen	O	O	NN	_	_	
5-24	1139-1151	beschuldigen	O	O	VVINF	_	_	
5-25	1151-1152	.	_	_	_	_	_	
5-26	1152-1153	
	_	_	_	_	_	

#Text=Die Vorsitzenden der zuständigen Ausschüsse kündigten an, dass sie aufgrund der neuen Aussagen von Sondland weitere Befragungen und möglicherweise auch neue Subpoenas beantragen werden, um die Sachlage umfassend aufzuklären.
#Text=
6-1	1153-1156	Die	_	_	_	_	_	
6-2	1157-1169	Vorsitzenden	O	O	NN	_	_	
6-3	1170-1173	der	_	_	_	_	_	
6-4	1174-1185	zuständigen	O	O	ADJA	_	_	
6-5	1186-1196	Ausschüsse	O	O	NN	_	_	
6-6	1197-1206	kündigten	O	O	VVFIN	_	_	
6-7	1207-1209	an	O	O	PTKVZ	belong together	6-6	
6-8	1209-1210	,	_	_	_	_	_	
6-9	1211-1215	dass	_	_	_	_	_	
6-10	1216-1219	sie	_	_	_	_	_	
6-11	1220-1228	aufgrund	_	_	_	_	_	
6-12	1229-1232	der	_	_	_	_	_	
6-13	1233-1238	neuen	O	O	ADJA	_	_	
6-14	1239-1247	Aussagen	O	O	NN	_	_	
6-15	1248-1251	von	_	_	_	_	_	
6-16	1252-1260	Sondland	_	_	_	_	_	
6-17	1261-1268	weitere	O	O	ADJA	_	_	
6-18	1269-1280	Befragungen	O	O	NN	_	_	
6-19	1281-1284	und	_	_	_	_	_	
6-20	1285-1299	möglicherweise	_	_	_	_	_	
6-21	1300-1304	auch	_	_	_	_	_	
6-22	1305-1309	neue	O	O	ADJA	_	_	
6-23	1310-1319	Subpoenas	_	_	_	_	_	
6-24	1320-1330	beantragen	O	O	VVINF	_	_	
6-25	1331-1337	werden	_	_	_	_	_	
6-26	1337-1338	,	_	_	_	_	_	
6-27	1339-1341	um	_	_	_	_	_	
6-28	1342-1345	die	_	_	_	_	_	
6-29	1346-1354	Sachlage	O	O	NN	_	_	
6-30	1355-1364	umfassend	O	O	ADJD	_	_	
6-31	1365-1376	aufzuklären	O	O	VVIZU	_	_	
6-32	1376-1377	.	_	_	_	_	_	
6-33	1377-1378	
	_	_	_	_	_	

#Text=Sondlands revidierte Aussage kommt inmitten einer Reihe von Enthüllungen, die darauf hindeuten, dass mehrere hochrangige Regierungsbeamte in die Druckausübung auf die ukrainische Regierung involviert waren.
#Text=
7-1	1378-1387	Sondlands	_	_	_	_	_	
7-2	1388-1398	revidierte	O	O	ADJA	_	_	
7-3	1399-1406	Aussage	O	O	NN	_	_	
7-4	1407-1412	kommt	O	PERS	VVFIN	_	_	
7-5	1413-1421	inmitten	_	_	_	_	_	
7-6	1422-1427	einer	_	_	_	_	_	
7-7	1428-1433	Reihe	KON	MRW	NN	_	_	
7-8	1434-1437	von	_	_	_	_	_	
7-9	1438-1450	Enthüllungen	KON	MRW	NN	_	_	
7-10	1450-1451	,	_	_	_	_	_	
7-11	1452-1455	die	_	_	_	_	_	
7-12	1456-1462	darauf	_	_	_	_	_	
7-13	1463-1472	hindeuten	O	PERS	VVFIN	_	_	
7-14	1472-1473	,	_	_	_	_	_	
7-15	1474-1478	dass	_	_	_	_	_	
7-16	1479-1486	mehrere	_	_	_	_	_	
7-17	1487-1498	hochrangige	O	O	ADJA	_	_	
7-18	1499-1515	Regierungsbeamte	O	O	NN	_	_	
7-19	1516-1518	in	_	_	_	_	_	
7-20	1519-1522	die	_	_	_	_	_	
7-21	1523-1536	Druckausübung	_	_	NN	_	_	
7-21.1	1523-1528	Druck	KON	MRW	_	_	_	
7-21.2	1528-1536	ausübung	O	O	_	_	_	
7-22	1537-1540	auf	_	_	_	_	_	
7-23	1541-1544	die	_	_	_	_	_	
7-24	1545-1556	ukrainische	O	O	ADJA	_	_	
7-25	1557-1566	Regierung	O	O	NN	_	_	
7-26	1567-1577	involviert	O	O	VVPP	_	_	
7-27	1578-1583	waren	_	_	_	_	_	
7-28	1583-1584	.	_	_	_	_	_	
7-29	1584-1585	
	_	_	_	_	_	

#Text=Neben Sondland gelten auch Trumps Anwalt Rudy Giuliani und der amtierende Stabschef des Weißen Hauses, Mick Mulvaney, als Schlüsselakteure in dieser Affäre.
#Text=
8-1	1585-1590	Neben	_	_	_	_	_	
8-2	1591-1599	Sondland	_	_	_	_	_	
8-3	1600-1606	gelten	O	O	VVFIN	_	_	
8-4	1607-1611	auch	_	_	_	_	_	
8-5	1612-1618	Trumps	_	_	_	_	_	
8-6	1619-1625	Anwalt	O	O	NN	_	_	
8-7	1626-1630	Rudy	_	_	_	_	_	
8-8	1631-1639	Giuliani	_	_	_	_	_	
8-9	1640-1643	und	_	_	_	_	_	
8-10	1644-1647	der	_	_	_	_	_	
8-11	1648-1658	amtierende	O	O	ADJA	_	_	
8-12	1659-1668	Stabschef	O	O	NN	_	_	
8-13	1669-1672	des	_	_	_	_	_	
8-14	1673-1679	Weißen	_	_	_	_	_	
8-15	1680-1686	Hauses	_	_	_	_	_	
8-16	1686-1687	,	_	_	_	_	_	
8-17	1688-1692	Mick	_	_	_	_	_	
8-18	1693-1701	Mulvaney	_	_	_	_	_	
8-19	1701-1702	,	_	_	_	_	_	
8-20	1703-1706	als	_	_	_	_	_	
8-21	1707-1723	Schlüsselakteure	_	_	NN	_	_	
8-21.1	1707-1716	Schlüssel	KON	MRW	_	_	_	
8-21.2	1716-1723	akteure	O	O	_	_	_	
8-22	1724-1726	in	_	_	_	_	_	
8-23	1727-1733	dieser	_	_	_	_	_	
8-24	1734-1740	Affäre	O	O	NN	_	_	
8-25	1740-1741	.	_	_	_	_	_	
8-26	1741-1742	
	_	_	_	_	_	

#Text=Die Demokraten verweisen darauf, dass Sondlands neue Aussage die bisherigen Vorwürfe gegen Trump stützt und die Dringlichkeit weiterer Untersuchungen unterstreicht.
#Text=
9-1	1742-1745	Die	_	_	_	_	_	
9-2	1746-1756	Demokraten	O	O	NN	_	_	
9-3	1757-1766	verweisen	O	O	VVFIN	_	_	
9-4	1767-1773	darauf	_	_	_	_	_	
9-5	1773-1774	,	_	_	_	_	_	
9-6	1775-1779	dass	_	_	_	_	_	
9-7	1780-1789	Sondlands	_	_	_	_	_	
9-8	1790-1794	neue	O	O	ADJA	_	_	
9-9	1795-1802	Aussage	O	O	NN	_	_	
9-10	1803-1806	die	_	_	_	_	_	
9-11	1807-1817	bisherigen	O	O	ADJA	_	_	
9-12	1818-1826	Vorwürfe	O	O	NN	_	_	
9-13	1827-1832	gegen	_	_	_	_	_	
9-14	1833-1838	Trump	_	_	_	_	_	
9-15	1839-1845	stützt	KON	MRW	VVFIN	_	_	
9-16	1846-1849	und	_	_	_	_	_	
9-17	1850-1853	die	_	_	_	_	_	
9-18	1854-1867	Dringlichkeit	O	O	NN	_	_	
9-19	1868-1876	weiterer	O	O	ADJA	_	_	
9-20	1877-1891	Untersuchungen	O	O	NN	_	_	
9-21	1892-1905	unterstreicht	KON	MRW	VVFIN	_	_	
9-22	1905-1906	.	_	_	_	_	_	
9-23	1906-1907	
	_	_	_	_	_	

#Text=„Es wird immer klarer, dass der Präsident seine Macht missbraucht hat, um ausländische Regierungen zur Einmischung in unsere Wahlen zu drängen“, sagte der Vorsitzende des Geheimdienstausschusses, Adam Schiff.
#Text=
10-1	1907-1908	„	_	_	_	_	_	
10-2	1908-1910	Es	_	_	_	_	_	
10-3	1911-1915	wird	_	_	_	_	_	
10-4	1916-1921	immer	_	_	_	_	_	
10-5	1922-1928	klarer	KON	MRW	ADJD	_	_	
10-6	1928-1929	,	_	_	_	_	_	
10-7	1930-1934	dass	_	_	_	_	_	
10-8	1935-1938	der	_	_	_	_	_	
10-9	1939-1948	Präsident	O	O	NN	_	_	
10-10	1949-1954	seine	_	_	_	_	_	
10-11	1955-1960	Macht	O	O	NN	_	_	
10-12	1961-1972	missbraucht	O	O	VVPP	_	_	
10-13	1973-1976	hat	_	_	_	_	_	
10-14	1976-1977	,	_	_	_	_	_	
10-15	1978-1980	um	_	_	_	_	_	
10-16	1981-1993	ausländische	O	O	ADJA	_	_	
10-17	1994-2005	Regierungen	O	O	NN	_	_	
10-18	2006-2009	zur	_	_	_	_	_	
10-19	2010-2021	Einmischung	O	O	NN	_	_	
10-20	2022-2024	in	_	_	_	_	_	
10-21	2025-2031	unsere	_	_	_	_	_	
10-22	2032-2038	Wahlen	O	O	NN	_	_	
10-23	2039-2041	zu	_	_	_	_	_	
10-24	2042-2049	drängen	KON	MRW	VVINF	_	_	
10-25	2049-2050	“	_	_	_	_	_	
10-26	2050-2051	,	_	_	_	_	_	
10-27	2052-2057	sagte	O	O	VVFIN	_	_	
10-28	2058-2061	der	_	_	_	_	_	
10-29	2062-2073	Vorsitzende	O	O	NN	_	_	
10-30	2074-2077	des	_	_	_	_	_	
10-31	2078-2101	Geheimdienstausschusses	_	_	NN	_	_	
10-31.1	2078-2090	Geheimdienst	O	O	_	_	_	
10-31.2	2090-2101	ausschusses	O	O	_	_	_	
10-32	2101-2102	,	_	_	_	_	_	
10-33	2103-2107	Adam	_	_	_	_	_	
10-34	2108-2114	Schiff	_	_	_	_	_	
10-35	2114-2115	.	_	_	_	_	_	
10-36	2115-2116	
	_	_	_	_	_	

#Text=Die Republikaner hingegen bemühen sich weiterhin, den Präsidenten zu verteidigen und die Untersuchungen als politisch motiviert zu diskreditieren.
#Text=
11-1	2116-2119	Die	_	_	_	_	_	
11-2	2120-2132	Republikaner	O	O	NN	_	_	
11-3	2133-2141	hingegen	_	_	_	_	_	
11-4	2142-2149	bemühen	O	O	VVFIN	_	_	
11-5	2150-2154	sich	_	_	_	_	_	
11-6	2155-2164	weiterhin	_	_	_	_	_	
11-7	2164-2165	,	_	_	_	_	_	
11-8	2166-2169	den	_	_	_	_	_	
11-9	2170-2181	Präsidenten	O	O	NN	_	_	
11-10	2182-2184	zu	_	_	_	_	_	
11-11	2185-2196	verteidigen	KON	MRW	VVINF	_	_	
11-12	2197-2200	und	_	_	_	_	_	
11-13	2201-2204	die	_	_	_	_	_	
11-14	2205-2219	Untersuchungen	O	O	NN	_	_	
11-15	2220-2223	als	_	_	_	_	_	
11-16	2224-2233	politisch	O	O	ADJD	_	_	
11-17	2234-2243	motiviert	O	O	VVPP	_	_	
11-18	2244-2246	zu	_	_	_	_	_	
11-19	2247-2261	diskreditieren	O	O	VVINF	_	_	
11-20	2261-2262	.	_	_	_	_	_	
11-21	2262-2263	
	_	_	_	_	_	

#Text=Sie argumentieren, dass es keine direkte Verbindung zwischen Trump selbst und der angeblichen Druckausübung gebe und dass die Ermittlungen daher eingestellt werden sollten.
#Text=
12-1	2263-2266	Sie	_	_	_	_	_	
12-2	2267-2280	argumentieren	O	O	VVFIN	_	_	
12-3	2280-2281	,	_	_	_	_	_	
12-4	2282-2286	dass	_	_	_	_	_	
12-5	2287-2289	es	_	_	_	_	_	
12-6	2290-2295	keine	_	_	_	_	_	
12-7	2296-2303	direkte	O	KOMPL	ADJA	_	_	
12-8	2304-2314	Verbindung	O	KOMPL	NN	belong together	12-7	
12-9	2315-2323	zwischen	_	_	_	_	_	
12-10	2324-2329	Trump	_	_	_	_	_	
12-11	2330-2336	selbst	_	_	_	_	_	
12-12	2337-2340	und	_	_	_	_	_	
12-13	2341-2344	der	_	_	_	_	_	
12-14	2345-2356	angeblichen	O	O	ADJA	_	_	
12-15	2357-2370	Druckausübung	_	_	NN	_	_	
12-15.1	2357-2362	Druck	KON	MRW	_	_	_	
12-15.2	2362-2370	ausübung	O	O	_	_	_	
12-16	2371-2375	gebe	O	O	VVFIN	_	_	
12-17	2376-2379	und	_	_	_	_	_	
12-18	2380-2384	dass	_	_	_	_	_	
12-19	2385-2388	die	_	_	_	_	_	
12-20	2389-2401	Ermittlungen	O	O	NN	_	_	
12-21	2402-2407	daher	_	_	_	_	_	
12-22	2408-2419	eingestellt	O	WIDLII	VVPP	_	_	
12-23	2420-2426	werden	_	_	_	_	_	
12-24	2427-2434	sollten	_	_	_	_	_	
12-25	2434-2435	.	_	_	_	_	_	
12-26	2435-2436	
	_	_	_	_	_	

#Text=Die kommenden Wochen versprechen neue Enthüllungen und wachsende Spannungen zwischen den beiden politischen Lagern im Hinblick auf das mögliche Amtsenthebungsverfahren gegen den Präsidenten.
#Text=
13-1	2436-2439	Die	_	_	_	_	_	
13-2	2440-2449	kommenden	O	O	ADJA	_	_	
13-3	2450-2456	Wochen	O	O	NN	_	_	
13-4	2457-2468	versprechen	O	PERS	VVFIN	_	_	
13-5	2469-2473	neue	O	O	ADJA	_	_	
13-6	2474-2486	Enthüllungen	KON	MRW	NN	_	_	
13-7	2487-2490	und	_	_	_	_	_	
13-8	2491-2500	wachsende	O	PERS	ADJA	_	_	
13-9	2501-2511	Spannungen	KON	MRW	NN	_	_	
13-10	2512-2520	zwischen	_	_	_	_	_	
13-11	2521-2524	den	_	_	_	_	_	
13-12	2525-2531	beiden	_	_	_	_	_	
13-13	2532-2543	politischen	O	O	ADJA	_	_	
13-14	2544-2550	Lagern	KON	MRW	NN	_	_	
13-15	2551-2553	im	_	_	_	_	_	
13-16	2554-2562	Hinblick	O	O	NN	_	_	
13-17	2563-2566	auf	_	_	_	_	_	
13-18	2567-2570	das	_	_	_	_	_	
13-19	2571-2579	mögliche	O	O	ADJA	_	_	
13-20	2580-2603	Amtsenthebungsverfahren	O	O	NN	_	_	
13-21	2604-2609	gegen	_	_	_	_	_	
13-22	2610-2613	den	_	_	_	_	_	
13-23	2614-2625	Präsidenten	O	O	NN	_	_	
13-24	2625-2626	.	_	_	_	_	_	
13-25	2626-2627	
	_	_	_	_	_	

#Text=Es bleibt abzuwarten, welche weiteren Zeugen vor dem Kongress aussagen werden und wie diese Aussagen den Verlauf der Ukraine-Affäre beeinflussen werden.
#Text=
14-1	2627-2629	Es	_	_	_	_	_	
14-2	2630-2636	bleibt	O	O	VVFIN	_	_	
14-3	2637-2647	abzuwarten	O	O	VVIZU	_	_	
14-4	2647-2648	,	_	_	_	_	_	
14-5	2649-2655	welche	_	_	_	_	_	
14-6	2656-2664	weiteren	O	O	ADJA	_	_	
14-7	2665-2671	Zeugen	O	O	NN	_	_	
14-8	2672-2675	vor	_	_	_	_	_	
14-9	2676-2679	dem	_	_	_	_	_	
14-10	2680-2688	Kongress	O	O	NN	_	_	
14-11	2689-2697	aussagen	O	O	VVINF	_	_	
14-12	2698-2704	werden	_	_	_	_	_	
14-13	2705-2708	und	_	_	_	_	_	
14-14	2709-2712	wie	_	_	_	_	_	
14-15	2713-2718	diese	_	_	_	_	_	
14-16	2719-2727	Aussagen	O	O	NN	_	_	
14-17	2728-2731	den	_	_	_	_	_	
14-18	2732-2739	Verlauf	KON	MRW	NN	_	_	
14-19	2740-2743	der	_	_	_	_	_	
14-20	2744-2758	Ukraine-Affäre	_	_	_	_	_	
14-21	2759-2771	beeinflussen	O	O	VVINF	_	_	
14-22	2772-2778	werden	_	_	_	_	_	
14-23	2778-2779	.	_	_	_	_	_	
14-24	2779-2780	
	_	_	_	_	_	
