#FORMAT=WebAnno TSV 3.3
#T_SP=webanno.custom.Metaphors|Conventionality|Metaphern
#T_SP=webanno.custom.POS|pos_tag
#T_RL=webanno.custom.UnitofAnalysis|bidirectionalrelation|BT_webanno.custom.Metaphors


#Text=Plastikmüll, der in die Meere gelangt, ist in den vergangenen Jahren zu einemd der größten Umweltthemen geworden.
#Text=
1-1	0-11	Plastikmüll	O	O	NN	_	_	
1-2	11-12	,	_	_	_	_	_	
1-3	13-16	der	_	_	_	_	_	
1-4	17-19	in	_	_	_	_	_	
1-5	20-23	die	_	_	_	_	_	
1-6	24-29	Meere	O	O	NN	_	_	
1-7	30-37	gelangt	O	O	VVFIN	_	_	
1-8	37-38	,	_	_	_	_	_	
1-9	39-42	ist	_	_	_	_	_	
1-10	43-45	in	_	_	_	_	_	
1-11	46-49	den	_	_	_	_	_	
1-12	50-61	vergangenen	O	O	ADJA	_	_	
1-13	62-68	Jahren	O	O	NN	_	_	
1-14	69-71	zu	_	_	_	_	_	
1-15	72-78	einemd	_	_	_	_	_	
1-16	79-82	der	_	_	_	_	_	
1-17	83-90	größten	KON	MRW	ADJA	_	_	
1-18	91-103	Umweltthemen	_	_	NN	_	_	
1-18.1	91-97	Umwelt	O	O	_	_	_	
1-18.2	97-103	themen	O	O	_	_	_	
1-19	104-112	geworden	_	_	_	_	_	
1-20	112-113	.	_	_	_	_	_	
1-21	113-114	
	_	_	_	_	_	

#Text=Bundesumweltministerin Svenja Schulze will ein Verbot von Plastiktüten in Angriff nehmen.
#Text=
2-1	114-136	Bundesumweltministerin	O	O	NN	_	_	
2-2	137-143	Svenja	_	_	_	_	_	
2-3	144-151	Schulze	_	_	_	_	_	
2-4	152-156	will	_	_	_	_	_	
2-5	157-160	ein	_	_	_	_	_	
2-6	161-167	Verbot	O	O	NN	_	_	
2-7	168-171	von	_	_	_	_	_	
2-8	172-184	Plastiktüten	O	O	NN	_	_	
2-9	185-187	in	_	_	_	_	_	
2-10	188-195	Angriff	KON	KOMPL	NN	_	_	
2-11	196-202	nehmen	O	KOMPL	VVINF	belong together	2-10	
2-12	202-203	.	_	_	_	_	_	
2-13	203-204	
	_	_	_	_	_	

#Text="Mein Ministerium erarbeitet gerade die gesetzliche Regelung für ein Plastiktütenverbot", sagte die SPD-Politikerin der Bild am Sonntag.
#Text=
3-1	204-205	"	_	_	_	_	_	
3-2	205-209	Mein	_	_	_	_	_	
3-3	210-221	Ministerium	O	O	NN	_	_	
3-4	222-232	erarbeitet	O	O	VVFIN	_	_	
3-5	233-239	gerade	_	_	_	_	_	
3-6	240-243	die	_	_	_	_	_	
3-7	244-255	gesetzliche	O	O	ADJA	_	_	
3-8	256-264	Regelung	O	O	NN	_	_	
3-9	265-268	für	_	_	_	_	_	
3-10	269-272	ein	_	_	_	_	_	
3-11	273-291	Plastiktütenverbot	_	_	NN	_	_	
3-11.1	273-285	Plastiktüten	O	O	_	_	_	
3-11.2	285-291	verbot	O	O	_	_	_	
3-12	291-292	"	_	_	_	_	_	
3-13	292-293	,	_	_	_	_	_	
3-14	294-299	sagte	O	O	VVFIN	_	_	
3-15	300-303	die	_	_	_	_	_	
3-16	304-319	SPD-Politikerin	_	_	NN	_	_	
3-16.1	304-308	SPD-	O	O	_	_	_	
3-16.2	308-319	Politikerin	O	O	_	_	_	
3-17	320-323	der	_	_	_	_	_	
3-18	324-328	Bild	_	_	_	_	_	
3-19	329-331	am	_	_	_	_	_	
3-20	332-339	Sonntag	O	O	NN	_	_	
3-21	339-340	.	_	_	_	_	_	
3-22	340-341	
	_	_	_	_	_	

#Text=Eine freiwillige Vereinbarung mit dem Handel zur Verringerung der Tüten sei bereits sehr erfolgreich, seit 2016 sinke der Verbrauch deutlich.
#Text=
4-1	341-345	Eine	_	_	_	_	_	
4-2	346-357	freiwillige	O	O	ADJA	_	_	
4-3	358-370	Vereinbarung	O	O	NN	_	_	
4-4	371-374	mit	_	_	_	_	_	
4-5	375-378	dem	_	_	_	_	_	
4-6	379-385	Handel	O	O	NN	_	_	
4-7	386-389	zur	_	_	_	_	_	
4-8	390-402	Verringerung	O	O	NN	_	_	
4-9	403-406	der	_	_	_	_	_	
4-10	407-412	Tüten	O	O	NN	_	_	
4-11	413-416	sei	_	_	_	_	_	
4-12	417-424	bereits	_	_	_	_	_	
4-13	425-429	sehr	_	_	_	_	_	
4-14	430-441	erfolgreich	O	O	ADJD	_	_	
4-15	441-442	,	_	_	_	_	_	
4-16	443-447	seit	_	_	_	_	_	
4-17	448-452	2016	_	_	_	_	_	
4-18	453-458	sinke	KON	MRW	VVFIN	_	_	
4-19	459-462	der	_	_	_	_	_	
4-20	463-472	Verbrauch	O	O	NN	_	_	
4-21	473-481	deutlich	KON	MRW	ADJD	_	_	
4-22	481-482	.	_	_	_	_	_	
4-23	482-483	
	_	_	_	_	_	

#Text="Das sichern wir jetzt mit dem Verbot ab", so Schulze.
#Text=
5-1	483-484	"	_	_	_	_	_	
5-2	484-487	Das	_	_	_	_	_	
5-3	488-495	sichern	KON	MRW	VVFIN	_	_	
5-4	496-499	wir	_	_	_	_	_	
5-5	500-505	jetzt	_	_	_	_	_	
5-6	506-509	mit	_	_	_	_	_	
5-7	510-513	dem	_	_	_	_	_	
5-8	514-520	Verbot	O	O	NN	_	_	
5-9	521-523	ab	KON	MRW	PTKVZ	belong together	5-3	
5-10	523-524	"	_	_	_	_	_	
5-11	524-525	,	_	_	_	_	_	
5-12	526-528	so	_	_	_	_	_	
5-13	529-536	Schulze	_	_	_	_	_	
5-14	536-537	.	_	_	_	_	_	
5-15	537-538	
	_	_	_	_	_	

#Text=Das Ministerium wolle den Gesetzesentwurf "in Kürze" vorlegen, ergänzte ein Sprecher.
#Text=
6-1	538-541	Das	_	_	_	_	_	
6-2	542-553	Ministerium	O	O	NN	_	_	
6-3	554-559	wolle	_	_	_	_	_	
6-4	560-563	den	_	_	_	_	_	
6-5	564-579	Gesetzesentwurf	O	O	NN	_	_	
6-6	580-581	"	_	_	_	_	_	
6-7	581-583	in	_	_	_	_	_	
6-8	584-589	Kürze	KON	MRW	NN	_	_	
6-9	589-590	"	_	_	_	_	_	
6-10	591-599	vorlegen	O	WIDLII	VVINF	_	_	
6-11	599-600	,	_	_	_	_	_	
6-12	601-609	ergänzte	KON	MRW	VVFIN	_	_	
6-13	610-613	ein	_	_	_	_	_	
6-14	614-622	Sprecher	O	O	NN	_	_	
6-15	622-623	.	_	_	_	_	_	
6-16	623-624	
	_	_	_	_	_	

#Text=Zwar sind sehr viele Geschäfte und Supermärkte dazu übergegangen, nur noch Papier- oder Stofftaschen auszugeben.
#Text=
7-1	624-628	Zwar	_	_	_	_	_	
7-2	629-633	sind	_	_	_	_	_	
7-3	634-638	sehr	_	_	_	_	_	
7-4	639-644	viele	_	_	_	_	_	
7-5	645-654	Geschäfte	O	O	NN	_	_	
7-6	655-658	und	_	_	_	_	_	
7-7	659-670	Supermärkte	O	O	NN	_	_	
7-8	671-675	dazu	_	_	_	_	_	
7-9	676-688	übergegangen	KON	MRW	VVPP	_	_	
7-10	688-689	,	_	_	_	_	_	
7-11	690-693	nur	_	_	_	_	_	
7-12	694-698	noch	_	_	_	_	_	
7-13	699-706	Papier-	O	O	TRUNC	_	_	
7-14	707-711	oder	_	_	_	_	_	
7-15	712-724	Stofftaschen	_	_	NN	_	_	
7-15.1	712-717	Stoff	O	O	_	_	_	
7-15.2	717-724	taschen	O	O	_	_	_	
7-16	725-735	auszugeben	O	O	VVIZU	_	_	
7-17	735-736	.	_	_	_	_	_	
7-18	736-737	
	_	_	_	_	_	

#Text=Die klassischen Plastiktüten an der Kasse kosten inzwischen meist etwas - dazu hatte das Umweltministerium eine freiwillige Selbstverpflichtung mit dem Handel vereinbart.
#Text=
8-1	737-740	Die	_	_	_	_	_	
8-2	741-752	klassischen	KON	MRW	ADJA	_	_	
8-3	753-765	Plastiktüten	O	O	NN	_	_	
8-4	766-768	an	_	_	_	_	_	
8-5	769-772	der	_	_	_	_	_	
8-6	773-778	Kasse	O	O	NN	_	_	
8-7	779-785	kosten	O	O	VVFIN	_	_	
8-8	786-796	inzwischen	_	_	_	_	_	
8-9	797-802	meist	_	_	_	_	_	
8-10	803-808	etwas	_	_	_	_	_	
8-11	809-810	-	_	_	_	_	_	
8-12	811-815	dazu	_	_	_	_	_	
8-13	816-821	hatte	_	_	_	_	_	
8-14	822-825	das	_	_	_	_	_	
8-15	826-843	Umweltministerium	O	O	NN	_	_	
8-16	844-848	eine	_	_	_	_	_	
8-17	849-860	freiwillige	O	O	ADJA	_	_	
8-18	861-880	Selbstverpflichtung	O	O	NN	_	_	
8-19	881-884	mit	_	_	_	_	_	
8-20	885-888	dem	_	_	_	_	_	
8-21	889-895	Handel	O	O	NN	_	_	
8-22	896-906	vereinbart	O	O	VVPP	_	_	
8-23	906-907	.	_	_	_	_	_	
8-24	907-908	
	_	_	_	_	_	

#Text=Im Vergleich zu 2015 ist der Verbrauch nach Zahlen des Ministeriums um 64 Prozent zurückgegangen.
#Text=
9-1	908-910	Im	_	_	_	_	_	
9-2	911-920	Vergleich	O	O	NN	_	_	
9-3	921-923	zu	_	_	_	_	_	
9-4	924-928	2015	_	_	_	_	_	
9-5	929-932	ist	_	_	_	_	_	
9-6	933-936	der	_	_	_	_	_	
9-7	937-946	Verbrauch	O	O	NN	_	_	
9-8	947-951	nach	_	_	_	_	_	
9-9	952-958	Zahlen	O	O	NN	_	_	
9-10	959-962	des	_	_	_	_	_	
9-11	963-975	Ministeriums	O	O	NN	_	_	
9-12	976-978	um	_	_	_	_	_	
9-13	979-981	64	_	_	_	_	_	
9-14	982-989	Prozent	O	O	NN	_	_	
9-15	990-1004	zurückgegangen	KON	MRW	VVPP	_	_	
9-16	1004-1005	.	_	_	_	_	_	
9-17	1005-1006	
	_	_	_	_	_	

#Text=Trotzdem gingen 2018 noch zwei Milliarden Kunststofftragetaschen an die Kunden - das entspricht 24 Plastiktüten pro Einwohner.
#Text=
10-1	1006-1014	Trotzdem	_	_	_	_	_	
10-2	1015-1021	gingen	KON	MRW	VVFIN	_	_	
10-3	1022-1026	2018	_	_	_	_	_	
10-4	1027-1031	noch	_	_	_	_	_	
10-5	1032-1036	zwei	_	_	_	_	_	
10-6	1037-1047	Milliarden	O	O	NN	_	_	
10-7	1048-1070	Kunststofftragetaschen	_	_	NN	_	_	
10-7.1	1048-1058	Kunststoff	O	O	_	_	_	
10-7.2	1058-1070	tragetaschen	O	O	_	_	_	
10-8	1071-1073	an	_	_	_	_	_	
10-9	1074-1077	die	_	_	_	_	_	
10-10	1078-1084	Kunden	O	O	NN	_	_	
10-11	1085-1086	-	_	_	_	_	_	
10-12	1087-1090	das	_	_	_	_	_	
10-13	1091-1101	entspricht	O	O	VVFIN	_	_	
10-14	1102-1104	24	_	_	_	_	_	
10-15	1105-1117	Plastiktüten	O	O	NN	_	_	
10-16	1118-1121	pro	_	_	_	_	_	
10-17	1122-1131	Einwohner	O	O	NN	_	_	
10-18	1131-1132	.	_	_	_	_	_	
10-19	1132-1133	
	_	_	_	_	_	

#Text=Die Plastikverschmutzung ist in den vergangenen Jahren weltweit zu einem der großen Umweltthemen geworden.
#Text=
11-1	1133-1136	Die	_	_	_	_	_	
11-2	1137-1157	Plastikverschmutzung	_	_	NN	_	_	
11-2.1	1137-1144	Plastik	O	O	_	_	_	
11-2.2	1144-1157	verschmutzung	O	O	_	_	_	
11-3	1158-1161	ist	_	_	_	_	_	
11-4	1162-1164	in	_	_	_	_	_	
11-5	1165-1168	den	_	_	_	_	_	
11-6	1169-1180	vergangenen	O	O	ADJA	_	_	
11-7	1181-1187	Jahren	O	O	NN	_	_	
11-8	1188-1196	weltweit	O	O	ADJD	_	_	
11-9	1197-1199	zu	_	_	_	_	_	
11-10	1200-1205	einem	_	_	_	_	_	
11-11	1206-1209	der	_	_	_	_	_	
11-12	1210-1216	großen	KON	MRW	ADJA	_	_	
11-13	1217-1229	Umweltthemen	_	_	NN	_	_	
11-13.1	1217-1223	Umwelt	O	O	_	_	_	
11-13.2	1223-1229	themen	O	O	_	_	_	
11-14	1230-1238	geworden	_	_	_	_	_	
11-15	1238-1239	.	_	_	_	_	_	
11-16	1239-1240	
	_	_	_	_	_	

#Text=In den Meeren treiben Plastikinseln von der Größe ganzer Städte, selbst abgelegene Küsten werden mit Altplastik überschwemmt.
#Text=
12-1	1240-1242	In	_	_	_	_	_	
12-2	1243-1246	den	_	_	_	_	_	
12-3	1247-1253	Meeren	O	O	NN	_	_	
12-4	1254-1261	treiben	KON	MRW	VVFIN	_	_	
12-5	1262-1275	Plastikinseln	_	_	NN	_	_	
12-5.1	1262-1269	Plastik	O	O	_	_	_	
12-5.2	1269-1275	inseln	NKON	MRW	_	_	_	
12-6	1276-1279	von	_	_	_	_	_	
12-7	1280-1283	der	_	_	_	_	_	
12-8	1284-1289	Größe	O	O	NN	_	_	
12-9	1290-1296	ganzer	O	O	ADJA	_	_	
12-10	1297-1303	Städte	O	O	NN	_	_	
12-11	1303-1304	,	_	_	_	_	_	
12-12	1305-1311	selbst	_	_	_	_	_	
12-13	1312-1322	abgelegene	O	O	ADJA	_	_	
12-14	1323-1329	Küsten	O	O	NN	_	_	
12-15	1330-1336	werden	_	_	_	_	_	
12-16	1337-1340	mit	_	_	_	_	_	
12-17	1341-1351	Altplastik	_	_	NN	_	_	
12-17.1	1341-1344	Alt	KON	MRW	_	_	_	
12-17.2	1344-1351	plastik	O	O	_	_	_	
12-18	1352-1364	überschwemmt	KON	MRW	VVPP	_	_	
12-19	1364-1365	.	_	_	_	_	_	
12-20	1365-1366	
	_	_	_	_	_	

#Text=Die Umweltorganisation WWF schätzt, dass durch Plastikdreck 14 000 Tierarten bedroht sind, und fordert mit anderen Verbänden eine internationale verbindliche Konvention gegen die "Plastikflut".
#Text=
13-1	1366-1369	Die	_	_	_	_	_	
13-2	1370-1388	Umweltorganisation	O	O	NN	_	_	
13-3	1389-1392	WWF	_	_	_	_	_	
13-4	1393-1400	schätzt	O	O	VVFIN	_	_	
13-5	1400-1401	,	_	_	_	_	_	
13-6	1402-1406	dass	_	_	_	_	_	
13-7	1407-1412	durch	_	_	_	_	_	
13-8	1413-1425	Plastikdreck	_	_	NN	_	_	
13-8.1	1413-1420	Plastik	O	O	_	_	_	
13-8.2	1420-1425	dreck	O	O	_	_	_	
13-9	1426-1428	14	_	_	_	_	_	
13-10	1429-1432	000	_	_	_	_	_	
13-11	1433-1442	Tierarten	O	O	NN	_	_	
13-12	1443-1450	bedroht	KON	MRW	VVPP	_	_	
13-13	1451-1455	sind	_	_	_	_	_	
13-14	1455-1456	,	_	_	_	_	_	
13-15	1457-1460	und	_	_	_	_	_	
13-16	1461-1468	fordert	O	O	VVFIN	_	_	
13-17	1469-1472	mit	_	_	_	_	_	
13-18	1473-1480	anderen	O	O	ADJA	_	_	
13-19	1481-1490	Verbänden	O	O	NN	_	_	
13-20	1491-1495	eine	_	_	_	_	_	
13-21	1496-1510	internationale	O	O	ADJA	_	_	
13-22	1511-1523	verbindliche	O	O	ADJA	_	_	
13-23	1524-1534	Konvention	O	O	NN	_	_	
13-24	1535-1540	gegen	_	_	_	_	_	
13-25	1541-1544	die	_	_	_	_	_	
13-26	1545-1546	"	_	_	_	_	_	
13-27	1546-1557	Plastikflut	_	_	NN	_	_	
13-27.1	1546-1553	Plastik	O	O	_	_	_	
13-27.2	1553-1557	flut	NKON	MRW	_	_	_	
13-28	1557-1558	"	_	_	_	_	_	
13-29	1558-1559	.	_	_	_	_	_	
13-30	1559-1560	
	_	_	_	_	_	

#Text=Bisher hat sich die Staatengemeinschaft nicht auf eine solche Vereinbarung einigen können.
#Text=
14-1	1560-1566	Bisher	_	_	_	_	_	
14-2	1567-1570	hat	_	_	_	_	_	
14-3	1571-1575	sich	_	_	_	_	_	
14-4	1576-1579	die	_	_	_	_	_	
14-5	1580-1599	Staatengemeinschaft	O	O	NN	_	_	
14-6	1600-1605	nicht	_	_	_	_	_	
14-7	1606-1609	auf	_	_	_	_	_	
14-8	1610-1614	eine	_	_	_	_	_	
14-9	1615-1621	solche	_	_	_	_	_	
14-10	1622-1634	Vereinbarung	O	O	NN	_	_	
14-11	1635-1642	einigen	KON	MRW	VVINF	_	_	
14-12	1643-1649	können	_	_	_	_	_	
14-13	1649-1650	.	_	_	_	_	_	
14-14	1650-1651	
	_	_	_	_	_	

#Text=Dennoch wächst gerade in den Industriestaaten der Druck auf die Politik, mehr gegen das Problem zu unternehmen.
#Text=
15-1	1651-1658	Dennoch	_	_	_	_	_	
15-2	1659-1665	wächst	KON	MRW	VVFIN	_	_	
15-3	1666-1672	gerade	_	_	_	_	_	
15-4	1673-1675	in	_	_	_	_	_	
15-5	1676-1679	den	_	_	_	_	_	
15-6	1680-1696	Industriestaaten	O	O	NN	_	_	
15-7	1697-1700	der	_	_	_	_	_	
15-8	1701-1706	Druck	KON	MRW	NN	_	_	
15-9	1707-1710	auf	_	_	_	_	_	
15-10	1711-1714	die	_	_	_	_	_	
15-11	1715-1722	Politik	O	O	NN	_	_	
15-12	1722-1723	,	_	_	_	_	_	
15-13	1724-1728	mehr	_	_	_	_	_	
15-14	1729-1734	gegen	_	_	_	_	_	
15-15	1735-1738	das	_	_	_	_	_	
15-16	1739-1746	Problem	O	O	NN	_	_	
15-17	1747-1749	zu	_	_	_	_	_	
15-18	1750-1761	unternehmen	O	O	VVINF	_	_	
15-19	1761-1762	.	_	_	_	_	_	
15-20	1762-1763	
	_	_	_	_	_	

#Text=Das scheint nun zu wirken.
#Text=
16-1	1763-1766	Das	_	_	_	_	_	
16-2	1767-1774	scheint	KON	MRW	VVFIN	_	_	
16-3	1775-1778	nun	_	_	_	_	_	
16-4	1779-1781	zu	_	_	_	_	_	
16-5	1782-1788	wirken	O	O	VVINF	_	_	
16-6	1788-1789	.	_	_	_	_	_	
16-7	1789-1790	
	_	_	_	_	_	

#Text=Bayerns Ministerpräsident Markus Söder (CSU) hatte bereits Ende Juli eine Bundesratsinitiative für ein deutschlandweites Plastiktütenverbot angekündigt.
#Text=
17-1	1790-1797	Bayerns	_	_	_	_	_	
17-2	1798-1815	Ministerpräsident	O	O	NN	_	_	
17-3	1816-1822	Markus	_	_	_	_	_	
17-4	1823-1828	Söder	_	_	_	_	_	
17-5	1829-1830	(	_	_	_	_	_	
17-6	1830-1833	CSU	_	_	_	_	_	
17-7	1833-1834	)	_	_	_	_	_	
17-8	1835-1840	hatte	_	_	_	_	_	
17-9	1841-1848	bereits	_	_	_	_	_	
17-10	1849-1853	Ende	KON	MRW	NN	_	_	
17-11	1854-1858	Juli	O	O	NN	_	_	
17-12	1859-1863	eine	_	_	_	_	_	
17-13	1864-1884	Bundesratsinitiative	_	_	NN	_	_	
17-13.1	1864-1874	Bundesrats	O	O	_	_	_	
17-13.2	1874-1884	initiative	O	O	_	_	_	
17-14	1885-1888	für	_	_	_	_	_	
17-15	1889-1892	ein	_	_	_	_	_	
17-16	1893-1910	deutschlandweites	O	O	ADJA	_	_	
17-17	1911-1929	Plastiktütenverbot	_	_	NN	_	_	
17-17.1	1911-1923	Plastiktüten	O	O	_	_	_	
17-17.2	1923-1929	verbot	O	O	_	_	_	
17-18	1930-1941	angekündigt	O	O	VVPP	_	_	
17-19	1941-1942	.	_	_	_	_	_	
17-20	1942-1943	
	_	_	_	_	_	

#Text=Umweltministerin Schulze hatte einen solchen Schritt bisher skeptisch gesehen.
#Text=
18-1	1943-1959	Umweltministerin	O	O	NN	_	_	
18-2	1960-1967	Schulze	_	_	_	_	_	
18-3	1968-1973	hatte	_	_	_	_	_	
18-4	1974-1979	einen	_	_	_	_	_	
18-5	1980-1987	solchen	_	_	_	_	_	
18-6	1988-1995	Schritt	KON	MRW	NN	_	_	
18-7	1996-2002	bisher	_	_	_	_	_	
18-8	2003-2012	skeptisch	O	O	ADJD	_	_	
18-9	2013-2020	gesehen	KON	MRW	VVPP	_	_	
18-10	2020-2021	.	_	_	_	_	_	
18-11	2021-2022	
	_	_	_	_	_	

#Text=Noch im Frühjahr hatte ein Sprecher des Umweltministeriums gesagt, bei den Plastiktüten gehe es "im Grunde genommen um Peanuts": Sie machten weniger als ein Prozent des Verpackungsaufkommens aus Kunststoff aus.
#Text=
19-1	2022-2026	Noch	_	_	_	_	_	
19-2	2027-2029	im	_	_	_	_	_	
19-3	2030-2038	Frühjahr	O	O	NN	_	_	
19-4	2039-2044	hatte	_	_	_	_	_	
19-5	2045-2048	ein	_	_	_	_	_	
19-6	2049-2057	Sprecher	O	O	NN	_	_	
19-7	2058-2061	des	_	_	_	_	_	
19-8	2062-2080	Umweltministeriums	O	O	NN	_	_	
19-9	2081-2087	gesagt	O	O	VVPP	_	_	
19-10	2087-2088	,	_	_	_	_	_	
19-11	2089-2092	bei	_	_	_	_	_	
19-12	2093-2096	den	_	_	_	_	_	
19-13	2097-2109	Plastiktüten	O	O	NN	_	_	
19-14	2110-2114	gehe	O	WIDLII	VVFIN	_	_	
19-15	2115-2117	es	_	_	_	_	_	
19-16	2118-2119	"	_	_	_	_	_	
19-17	2119-2121	im	_	_	_	_	_	
19-18	2122-2128	Grunde	O	O	NN	_	_	
19-19	2129-2137	genommen	O	O	VVPP	_	_	
19-20	2138-2140	um	_	_	_	_	_	
19-21	2141-2148	Peanuts	O	O	NN	_	_	
19-22	2148-2149	"	_	_	_	_	_	
19-23	2149-2150	:	_	_	_	_	_	
19-24	2151-2154	Sie	_	_	_	_	_	
19-25	2155-2162	machten	O	WIDLII	VVFIN	_	_	
19-26	2163-2170	weniger	_	_	_	_	_	
19-27	2171-2174	als	_	_	_	_	_	
19-28	2175-2178	ein	_	_	_	_	_	
19-29	2179-2186	Prozent	O	O	NN	_	_	
19-30	2187-2190	des	_	_	_	_	_	
19-31	2191-2212	Verpackungsaufkommens	_	_	NN	_	_	
19-31.1	2191-2202	Verpackungs	O	O	_	_	_	
19-31.2	2202-2212	aufkommens	NKON	MRW	_	_	_	
19-32	2213-2216	aus	_	_	_	_	_	
19-33	2217-2227	Kunststoff	O	O	NN	_	_	
19-34	2228-2231	aus	O	WIDLII	PTKVZ	belong together	19-25	
19-35	2231-2232	.	_	_	_	_	_	
19-36	2232-2233	
	_	_	_	_	_	

#Text=Die neue Initiative aus dem Haus Schulze geht nun deutlich weiter.
#Text=
20-1	2233-2236	Die	_	_	_	_	_	
20-2	2237-2241	neue	O	O	ADJA	_	_	
20-3	2242-2252	Initiative	O	O	NN	_	_	
20-4	2253-2256	aus	_	_	_	_	_	
20-5	2257-2260	dem	_	_	_	_	_	
20-6	2261-2265	Haus	KON	MRW	NN	_	_	
20-7	2266-2273	Schulze	_	_	_	_	_	
20-8	2274-2278	geht	KON	MRW	VVFIN	_	_	
20-9	2279-2282	nun	_	_	_	_	_	
20-10	2283-2291	deutlich	KON	MRW	ADJD	belong together	20-6	
20-11	2292-2298	weiter	KON	MRW	PTKVZ	_	_	
20-12	2298-2299	.	_	_	_	_	_	
20-13	2299-2300	
	_	_	_	_	_	

#Text=Auch andere Verpackungen wie die sogenannten Hemdchenbeutel oder Plastikfolien um Früchte sollen zurückgedrängt werden.
#Text=
21-1	2300-2304	Auch	_	_	_	_	_	
21-2	2305-2311	andere	O	O	ADJA	_	_	
21-3	2312-2324	Verpackungen	O	O	NN	_	_	
21-4	2325-2328	wie	_	_	_	_	_	
21-5	2329-2332	die	_	_	_	_	_	
21-6	2333-2344	sogenannten	O	O	ADJA	_	_	
21-7	2345-2359	Hemdchenbeutel	_	_	NN	_	_	
21-7.1	2345-2353	Hemdchen	NKON	MRW	_	_	_	
21-7.2	2353-2359	beutel	O	O	_	_	_	
21-8	2360-2364	oder	_	_	_	_	_	
21-9	2365-2378	Plastikfolien	O	O	NN	_	_	
21-10	2379-2381	um	_	_	_	_	_	
21-11	2382-2389	Früchte	O	O	NN	_	_	
21-12	2390-2396	sollen	_	_	_	_	_	
21-13	2397-2411	zurückgedrängt	KON	MRW	VVPP	_	_	
21-14	2412-2418	werden	_	_	_	_	_	
21-15	2418-2419	.	_	_	_	_	_	
21-16	2419-2420	
	_	_	_	_	_	

#Text=Schulze will im Herbst eine weitere Vereinbarung mit dem Handel schließen, um bei Obst und Gemüse weniger Verpackungen zu erreichen.
#Text=
22-1	2420-2427	Schulze	_	_	_	_	_	
22-2	2428-2432	will	_	_	_	_	_	
22-3	2433-2435	im	_	_	_	_	_	
22-4	2436-2442	Herbst	O	O	NN	_	_	
22-5	2443-2447	eine	_	_	_	_	_	
22-6	2448-2455	weitere	O	O	ADJA	_	_	
22-7	2456-2468	Vereinbarung	O	O	NN	_	_	
22-8	2469-2472	mit	_	_	_	_	_	
22-9	2473-2476	dem	_	_	_	_	_	
22-10	2477-2483	Handel	O	O	NN	_	_	
22-11	2484-2493	schließen	KON	MRW	VVINF	_	_	
22-12	2493-2494	,	_	_	_	_	_	
22-13	2495-2497	um	_	_	_	_	_	
22-14	2498-2501	bei	_	_	_	_	_	
22-15	2502-2506	Obst	O	O	NN	_	_	
22-16	2507-2510	und	_	_	_	_	_	
22-17	2511-2517	Gemüse	O	O	NN	_	_	
22-18	2518-2525	weniger	_	_	_	_	_	
22-19	2526-2538	Verpackungen	O	O	NN	_	_	
22-20	2539-2541	zu	_	_	_	_	_	
22-21	2542-2551	erreichen	KON	MRW	VVINF	_	_	
22-22	2551-2552	.	_	_	_	_	_	
22-23	2552-2553	
	_	_	_	_	_	
