#FORMAT=WebAnno TSV 3.3
#T_SP=webanno.custom.POS|pos_tag


#Text=Plastikmüll, der in die Meere gelangt, ist in den vergangenen Jahren zu einemd der größten Umweltthemen geworden.
#Text=
1-1	0-11	Plastikmüll	NN	
1-2	11-12	,	_	
1-3	13-16	der	_	
1-4	17-19	in	_	
1-5	20-23	die	_	
1-6	24-29	Meere	NN	
1-7	30-37	gelangt	VVFIN	
1-8	37-38	,	_	
1-9	39-42	ist	_	
1-10	43-45	in	_	
1-11	46-49	den	_	
1-12	50-61	vergangenen	ADJA	
1-13	62-68	Jahren	NN	
1-14	69-71	zu	_	
1-15	72-78	einemd	ADJD	
1-16	79-82	der	_	
1-17	83-90	größten	ADJA	
1-18	91-103	Umweltthemen	NN	
1-19	104-112	geworden	_	
1-20	112-113	.	_	
1-21	113-114	
	_	

#Text=Bundesumweltministerin Svenja Schulze will ein Verbot von Plastiktüten in Angriff nehmen.
#Text=
2-1	114-136	Bundesumweltministerin	NN	
2-2	137-143	Svenja	_	
2-3	144-151	Schulze	_	
2-4	152-156	will	_	
2-5	157-160	ein	_	
2-6	161-167	Verbot	NN	
2-7	168-171	von	_	
2-8	172-184	Plastiktüten	NN	
2-9	185-187	in	_	
2-10	188-195	Angriff	NN	
2-11	196-202	nehmen	VVINF	
2-12	202-203	.	_	
2-13	203-204	
	_	

#Text="Mein Ministerium erarbeitet gerade die gesetzliche Regelung für ein Plastiktütenverbot", sagte die SPD-Politikerin der Bild am Sonntag.
#Text=
3-1	204-205	"	_	
3-2	205-209	Mein	_	
3-3	210-221	Ministerium	NN	
3-4	222-232	erarbeitet	VVFIN	
3-5	233-239	gerade	_	
3-6	240-243	die	_	
3-7	244-255	gesetzliche	ADJA	
3-8	256-264	Regelung	NN	
3-9	265-268	für	_	
3-10	269-272	ein	_	
3-11	273-291	Plastiktütenverbot	NN	
3-12	291-292	"	_	
3-13	292-293	,	_	
3-14	294-299	sagte	VVFIN	
3-15	300-303	die	_	
3-16	304-319	SPD-Politikerin	NN	
3-17	320-323	der	_	
3-18	324-328	Bild	_	
3-19	329-331	am	_	
3-20	332-339	Sonntag	NN	
3-21	339-340	.	_	
3-22	340-341	
	_	

#Text=Eine freiwillige Vereinbarung mit dem Handel zur Verringerung der Tüten sei bereits sehr erfolgreich, seit 2016 sinke der Verbrauch deutlich.
#Text=
4-1	341-345	Eine	_	
4-2	346-357	freiwillige	ADJA	
4-3	358-370	Vereinbarung	NN	
4-4	371-374	mit	_	
4-5	375-378	dem	_	
4-6	379-385	Handel	NN	
4-7	386-389	zur	_	
4-8	390-402	Verringerung	NN	
4-9	403-406	der	_	
4-10	407-412	Tüten	NN	
4-11	413-416	sei	_	
4-12	417-424	bereits	_	
4-13	425-429	sehr	_	
4-14	430-441	erfolgreich	ADJD	
4-15	441-442	,	_	
4-16	443-447	seit	_	
4-17	448-452	2016	_	
4-18	453-458	sinke	VVFIN	
4-19	459-462	der	_	
4-20	463-472	Verbrauch	NN	
4-21	473-481	deutlich	ADJD	
4-22	481-482	.	_	
4-23	482-483	
	_	

#Text="Das sichern wir jetzt mit dem Verbot ab", so Schulze.
#Text=
5-1	483-484	"	_	
5-2	484-487	Das	_	
5-3	488-495	sichern	VVFIN	
5-4	496-499	wir	_	
5-5	500-505	jetzt	_	
5-6	506-509	mit	_	
5-7	510-513	dem	_	
5-8	514-520	Verbot	NN	
5-9	521-523	ab	PTKVZ	
5-10	523-524	"	_	
5-11	524-525	,	_	
5-12	526-528	so	_	
5-13	529-536	Schulze	_	
5-14	536-537	.	_	
5-15	537-538	
	_	

#Text=Das Ministerium wolle den Gesetzesentwurf "in Kürze" vorlegen, ergänzte ein Sprecher.
#Text=
6-1	538-541	Das	_	
6-2	542-553	Ministerium	NN	
6-3	554-559	wolle	_	
6-4	560-563	den	_	
6-5	564-579	Gesetzesentwurf	NN	
6-6	580-581	"	_	
6-7	581-583	in	_	
6-8	584-589	Kürze	NN	
6-9	589-590	"	_	
6-10	591-599	vorlegen	VVINF	
6-11	599-600	,	_	
6-12	601-609	ergänzte	VVFIN	
6-13	610-613	ein	_	
6-14	614-622	Sprecher	NN	
6-15	622-623	.	_	
6-16	623-624	
	_	

#Text=Zwar sind sehr viele Geschäfte und Supermärkte dazu übergegangen, nur noch Papier- oder Stofftaschen auszugeben.
#Text=
7-1	624-628	Zwar	_	
7-2	629-633	sind	_	
7-3	634-638	sehr	_	
7-4	639-644	viele	_	
7-5	645-654	Geschäfte	NN	
7-6	655-658	und	_	
7-7	659-670	Supermärkte	NN	
7-8	671-675	dazu	_	
7-9	676-688	übergegangen	VVPP	
7-10	688-689	,	_	
7-11	690-693	nur	_	
7-12	694-698	noch	_	
7-13	699-706	Papier-	TRUNC	
7-14	707-711	oder	_	
7-15	712-724	Stofftaschen	NN	
7-16	725-735	auszugeben	VVIZU	
7-17	735-736	.	_	
7-18	736-737	
	_	

#Text=Die klassischen Plastiktüten an der Kasse kosten inzwischen meist etwas - dazu hatte das Umweltministerium eine freiwillige Selbstverpflichtung mit dem Handel vereinbart.
#Text=
8-1	737-740	Die	_	
8-2	741-752	klassischen	ADJA	
8-3	753-765	Plastiktüten	NN	
8-4	766-768	an	_	
8-5	769-772	der	_	
8-6	773-778	Kasse	NN	
8-7	779-785	kosten	VVFIN	
8-8	786-796	inzwischen	_	
8-9	797-802	meist	_	
8-10	803-808	etwas	_	
8-11	809-810	-	_	
8-12	811-815	dazu	_	
8-13	816-821	hatte	_	
8-14	822-825	das	_	
8-15	826-843	Umweltministerium	NN	
8-16	844-848	eine	_	
8-17	849-860	freiwillige	ADJA	
8-18	861-880	Selbstverpflichtung	NN	
8-19	881-884	mit	_	
8-20	885-888	dem	_	
8-21	889-895	Handel	NN	
8-22	896-906	vereinbart	VVPP	
8-23	906-907	.	_	
8-24	907-908	
	_	

#Text=Im Vergleich zu 2015 ist der Verbrauch nach Zahlen des Ministeriums um 64 Prozent zurückgegangen.
#Text=
9-1	908-910	Im	_	
9-2	911-920	Vergleich	NN	
9-3	921-923	zu	_	
9-4	924-928	2015	_	
9-5	929-932	ist	_	
9-6	933-936	der	_	
9-7	937-946	Verbrauch	NN	
9-8	947-951	nach	_	
9-9	952-958	Zahlen	NN	
9-10	959-962	des	_	
9-11	963-975	Ministeriums	NN	
9-12	976-978	um	_	
9-13	979-981	64	_	
9-14	982-989	Prozent	NN	
9-15	990-1004	zurückgegangen	VVPP	
9-16	1004-1005	.	_	
9-17	1005-1006	
	_	

#Text=Trotzdem gingen 2018 noch zwei Milliarden Kunststofftragetaschen an die Kunden - das entspricht 24 Plastiktüten pro Einwohner.
#Text=
10-1	1006-1014	Trotzdem	_	
10-2	1015-1021	gingen	VVFIN	
10-3	1022-1026	2018	_	
10-4	1027-1031	noch	_	
10-5	1032-1036	zwei	_	
10-6	1037-1047	Milliarden	NN	
10-7	1048-1070	Kunststofftragetaschen	NN	
10-8	1071-1073	an	_	
10-9	1074-1077	die	_	
10-10	1078-1084	Kunden	NN	
10-11	1085-1086	-	_	
10-12	1087-1090	das	_	
10-13	1091-1101	entspricht	VVFIN	
10-14	1102-1104	24	_	
10-15	1105-1117	Plastiktüten	NN	
10-16	1118-1121	pro	_	
10-17	1122-1131	Einwohner	NN	
10-18	1131-1132	.	_	
10-19	1132-1133	
	_	

#Text=Die Plastikverschmutzung ist in den vergangenen Jahren weltweit zu einem der großen Umweltthemen geworden.
#Text=
11-1	1133-1136	Die	_	
11-2	1137-1157	Plastikverschmutzung	NN	
11-3	1158-1161	ist	_	
11-4	1162-1164	in	_	
11-5	1165-1168	den	_	
11-6	1169-1180	vergangenen	ADJA	
11-7	1181-1187	Jahren	NN	
11-8	1188-1196	weltweit	ADJD	
11-9	1197-1199	zu	_	
11-10	1200-1205	einem	_	
11-11	1206-1209	der	_	
11-12	1210-1216	großen	ADJA	
11-13	1217-1229	Umweltthemen	NN	
11-14	1230-1238	geworden	_	
11-15	1238-1239	.	_	
11-16	1239-1240	
	_	

#Text=In den Meeren treiben Plastikinseln von der Größe ganzer Städte, selbst abgelegene Küsten werden mit Altplastik überschwemmt.
#Text=
12-1	1240-1242	In	_	
12-2	1243-1246	den	_	
12-3	1247-1253	Meeren	NN	
12-4	1254-1261	treiben	VVFIN	
12-5	1262-1275	Plastikinseln	NN	
12-6	1276-1279	von	_	
12-7	1280-1283	der	_	
12-8	1284-1289	Größe	NN	
12-9	1290-1296	ganzer	ADJA	
12-10	1297-1303	Städte	NN	
12-11	1303-1304	,	_	
12-12	1305-1311	selbst	_	
12-13	1312-1322	abgelegene	ADJA	
12-14	1323-1329	Küsten	NN	
12-15	1330-1336	werden	_	
12-16	1337-1340	mit	_	
12-17	1341-1351	Altplastik	NN	
12-18	1352-1364	überschwemmt	VVPP	
12-19	1364-1365	.	_	
12-20	1365-1366	
	_	

#Text=Die Umweltorganisation WWF schätzt, dass durch Plastikdreck 14 000 Tierarten bedroht sind, und fordert mit anderen Verbänden eine internationale verbindliche Konvention gegen die "Plastikflut".
#Text=
13-1	1366-1369	Die	_	
13-2	1370-1388	Umweltorganisation	NN	
13-3	1389-1392	WWF	_	
13-4	1393-1400	schätzt	VVFIN	
13-5	1400-1401	,	_	
13-6	1402-1406	dass	_	
13-7	1407-1412	durch	_	
13-8	1413-1425	Plastikdreck	NN	
13-9	1426-1428	14	_	
13-10	1429-1432	000	_	
13-11	1433-1442	Tierarten	NN	
13-12	1443-1450	bedroht	VVPP	
13-13	1451-1455	sind	_	
13-14	1455-1456	,	_	
13-15	1457-1460	und	_	
13-16	1461-1468	fordert	VVFIN	
13-17	1469-1472	mit	_	
13-18	1473-1480	anderen	ADJA	
13-19	1481-1490	Verbänden	NN	
13-20	1491-1495	eine	_	
13-21	1496-1510	internationale	ADJA	
13-22	1511-1523	verbindliche	ADJA	
13-23	1524-1534	Konvention	NN	
13-24	1535-1540	gegen	_	
13-25	1541-1544	die	_	
13-26	1545-1546	"	_	
13-27	1546-1557	Plastikflut	NN	
13-28	1557-1558	"	_	
13-29	1558-1559	.	_	
13-30	1559-1560	
	_	

#Text=Bisher hat sich die Staatengemeinschaft nicht auf eine solche Vereinbarung einigen können.
#Text=
14-1	1560-1566	Bisher	_	
14-2	1567-1570	hat	_	
14-3	1571-1575	sich	_	
14-4	1576-1579	die	_	
14-5	1580-1599	Staatengemeinschaft	NN	
14-6	1600-1605	nicht	_	
14-7	1606-1609	auf	_	
14-8	1610-1614	eine	_	
14-9	1615-1621	solche	_	
14-10	1622-1634	Vereinbarung	NN	
14-11	1635-1642	einigen	VVINF	
14-12	1643-1649	können	_	
14-13	1649-1650	.	_	
14-14	1650-1651	
	_	

#Text=Dennoch wächst gerade in den Industriestaaten der Druck auf die Politik, mehr gegen das Problem zu unternehmen.
#Text=
15-1	1651-1658	Dennoch	_	
15-2	1659-1665	wächst	VVFIN	
15-3	1666-1672	gerade	_	
15-4	1673-1675	in	_	
15-5	1676-1679	den	_	
15-6	1680-1696	Industriestaaten	NN	
15-7	1697-1700	der	_	
15-8	1701-1706	Druck	NN	
15-9	1707-1710	auf	_	
15-10	1711-1714	die	_	
15-11	1715-1722	Politik	NN	
15-12	1722-1723	,	_	
15-13	1724-1728	mehr	_	
15-14	1729-1734	gegen	_	
15-15	1735-1738	das	_	
15-16	1739-1746	Problem	NN	
15-17	1747-1749	zu	_	
15-18	1750-1761	unternehmen	VVINF	
15-19	1761-1762	.	_	
15-20	1762-1763	
	_	

#Text=Das scheint nun zu wirken.
#Text=
16-1	1763-1766	Das	_	
16-2	1767-1774	scheint	VVFIN	
16-3	1775-1778	nun	_	
16-4	1779-1781	zu	_	
16-5	1782-1788	wirken	VVINF	
16-6	1788-1789	.	_	
16-7	1789-1790	
	_	

#Text=Bayerns Ministerpräsident Markus Söder (CSU) hatte bereits Ende Juli eine Bundesratsinitiative für ein deutschlandweites Plastiktütenverbot angekündigt.
#Text=
17-1	1790-1797	Bayerns	_	
17-2	1798-1815	Ministerpräsident	NN	
17-3	1816-1822	Markus	_	
17-4	1823-1828	Söder	_	
17-5	1829-1830	(	_	
17-6	1830-1833	CSU	_	
17-7	1833-1834	)	_	
17-8	1835-1840	hatte	_	
17-9	1841-1848	bereits	_	
17-10	1849-1853	Ende	NN	
17-11	1854-1858	Juli	NN	
17-12	1859-1863	eine	_	
17-13	1864-1884	Bundesratsinitiative	NN	
17-14	1885-1888	für	_	
17-15	1889-1892	ein	_	
17-16	1893-1910	deutschlandweites	ADJA	
17-17	1911-1929	Plastiktütenverbot	NN	
17-18	1930-1941	angekündigt	VVPP	
17-19	1941-1942	.	_	
17-20	1942-1943	
	_	

#Text=Umweltministerin Schulze hatte einen solchen Schritt bisher skeptisch gesehen.
#Text=
18-1	1943-1959	Umweltministerin	NN	
18-2	1960-1967	Schulze	_	
18-3	1968-1973	hatte	_	
18-4	1974-1979	einen	_	
18-5	1980-1987	solchen	_	
18-6	1988-1995	Schritt	NN	
18-7	1996-2002	bisher	_	
18-8	2003-2012	skeptisch	ADJD	
18-9	2013-2020	gesehen	VVPP	
18-10	2020-2021	.	_	
18-11	2021-2022	
	_	

#Text=Noch im Frühjahr hatte ein Sprecher des Umweltministeriums gesagt, bei den Plastiktüten gehe es "im Grunde genommen um Peanuts": Sie machten weniger als ein Prozent des Verpackungsaufkommens aus Kunststoff aus.
#Text=
19-1	2022-2026	Noch	_	
19-2	2027-2029	im	_	
19-3	2030-2038	Frühjahr	NN	
19-4	2039-2044	hatte	_	
19-5	2045-2048	ein	_	
19-6	2049-2057	Sprecher	NN	
19-7	2058-2061	des	_	
19-8	2062-2080	Umweltministeriums	NN	
19-9	2081-2087	gesagt	VVPP	
19-10	2087-2088	,	_	
19-11	2089-2092	bei	_	
19-12	2093-2096	den	_	
19-13	2097-2109	Plastiktüten	NN	
19-14	2110-2114	gehe	VVFIN	
19-15	2115-2117	es	_	
19-16	2118-2119	"	_	
19-17	2119-2121	im	_	
19-18	2122-2128	Grunde	NN	
19-19	2129-2137	genommen	VVPP	
19-20	2138-2140	um	_	
19-21	2141-2148	Peanuts	NN	
19-22	2148-2149	"	_	
19-23	2149-2150	:	_	
19-24	2151-2154	Sie	_	
19-25	2155-2162	machten	VVFIN	
19-26	2163-2170	weniger	_	
19-27	2171-2174	als	_	
19-28	2175-2178	ein	_	
19-29	2179-2186	Prozent	NN	
19-30	2187-2190	des	_	
19-31	2191-2212	Verpackungsaufkommens	NN	
19-32	2213-2216	aus	_	
19-33	2217-2227	Kunststoff	NN	
19-34	2228-2231	aus	PTKVZ	
19-35	2231-2232	.	_	
19-36	2232-2233	
	_	

#Text=Die neue Initiative aus dem Haus Schulze geht nun deutlich weiter.
#Text=
20-1	2233-2236	Die	_	
20-2	2237-2241	neue	ADJA	
20-3	2242-2252	Initiative	NN	
20-4	2253-2256	aus	_	
20-5	2257-2260	dem	_	
20-6	2261-2265	Haus	NN	
20-7	2266-2273	Schulze	_	
20-8	2274-2278	geht	VVFIN	
20-9	2279-2282	nun	_	
20-10	2283-2291	deutlich	ADJD	
20-11	2292-2298	weiter	PTKVZ	
20-12	2298-2299	.	_	
20-13	2299-2300	
	_	

#Text=Auch andere Verpackungen wie die sogenannten Hemdchenbeutel oder Plastikfolien um Früchte sollen zurückgedrängt werden.
#Text=
21-1	2300-2304	Auch	_	
21-2	2305-2311	andere	ADJA	
21-3	2312-2324	Verpackungen	NN	
21-4	2325-2328	wie	_	
21-5	2329-2332	die	_	
21-6	2333-2344	sogenannten	ADJA	
21-7	2345-2359	Hemdchenbeutel	NN	
21-8	2360-2364	oder	_	
21-9	2365-2378	Plastikfolien	NN	
21-10	2379-2381	um	_	
21-11	2382-2389	Früchte	NN	
21-12	2390-2396	sollen	_	
21-13	2397-2411	zurückgedrängt	VVPP	
21-14	2412-2418	werden	_	
21-15	2418-2419	.	_	
21-16	2419-2420	
	_	

#Text=Schulze will im Herbst eine weitere Vereinbarung mit dem Handel schließen, um bei Obst und Gemüse weniger Verpackungen zu erreichen.
#Text=
22-1	2420-2427	Schulze	_	
22-2	2428-2432	will	_	
22-3	2433-2435	im	_	
22-4	2436-2442	Herbst	NN	
22-5	2443-2447	eine	_	
22-6	2448-2455	weitere	ADJA	
22-7	2456-2468	Vereinbarung	NN	
22-8	2469-2472	mit	_	
22-9	2473-2476	dem	_	
22-10	2477-2483	Handel	NN	
22-11	2484-2493	schließen	VVINF	
22-12	2493-2494	,	_	
22-13	2495-2497	um	_	
22-14	2498-2501	bei	_	
22-15	2502-2506	Obst	NN	
22-16	2507-2510	und	_	
22-17	2511-2517	Gemüse	NN	
22-18	2518-2525	weniger	_	
22-19	2526-2538	Verpackungen	NN	
22-20	2539-2541	zu	_	
22-21	2542-2551	erreichen	VVINF	
22-22	2551-2552	.	_	
22-23	2552-2553	
	_	
