#FORMAT=WebAnno TSV 3.3
#T_SP=webanno.custom.Metaphors|Conventionality|Metaphern
#T_SP=webanno.custom.POS|pos_tag
#T_RL=webanno.custom.UnitofAnalysis|bidirectionalrelation|BT_webanno.custom.Metaphors


#Text=Selbst wenn die Nutzung von Plastiktüten in den letzten Jahren zurückgegangen ist, bleibt die Verschmutzung der Meere durch Plastikmüll ein riesiges Problem.
#Text=
1-1	0-6	Selbst	_	_	_	_	_	
1-2	7-11	wenn	_	_	_	_	_	
1-3	12-15	die	_	_	_	_	_	
1-4	16-23	Nutzung	O	O	NN	_	_	
1-5	24-27	von	_	_	_	_	_	
1-6	28-40	Plastiktüten	O	O	NN	_	_	
1-7	41-43	in	_	_	_	_	_	
1-8	44-47	den	_	_	_	_	_	
1-9	48-55	letzten	O	O	ADJA	_	_	
1-10	56-62	Jahren	O	O	NN	_	_	
1-11	63-77	zurückgegangen	O	PERS	VVPP	_	_	
1-12	78-81	ist	_	_	_	_	_	
1-13	81-82	,	_	_	_	_	_	
1-14	83-89	bleibt	O	O	VVFIN	_	_	
1-15	90-93	die	_	_	_	_	_	
1-16	94-107	Verschmutzung	O	O	NN	_	_	
1-17	108-111	der	_	_	_	_	_	
1-18	112-117	Meere	O	O	NN	_	_	
1-19	118-123	durch	_	_	_	_	_	
1-20	124-135	Plastikmüll	O	O	NN	_	_	
1-21	136-139	ein	_	_	_	_	_	
1-22	140-148	riesiges	KON	MRW	ADJA	_	_	
1-23	149-156	Problem	O	O	NN	_	_	
1-24	156-157	.	_	_	_	_	_	
1-25	157-158	
	_	_	_	_	_	

#Text=Umweltministerin Svenja Schulze erklärte gestern in Berlin, dass die Bundesregierung die Plastiktüten vollständig verbieten will.
#Text=
2-1	158-174	Umweltministerin	O	O	NN	_	_	
2-2	175-181	Svenja	_	_	_	_	_	
2-3	182-189	Schulze	_	_	_	_	_	
2-4	190-198	erklärte	O	O	VVFIN	_	_	
2-5	199-206	gestern	_	_	_	_	_	
2-6	207-209	in	_	_	_	_	_	
2-7	210-216	Berlin	_	_	_	_	_	
2-8	216-217	,	_	_	_	_	_	
2-9	218-222	dass	_	_	_	_	_	
2-10	223-226	die	_	_	_	_	_	
2-11	227-242	Bundesregierung	O	O	NN	_	_	
2-12	243-246	die	_	_	_	_	_	
2-13	247-259	Plastiktüten	O	O	NN	_	_	
2-14	260-271	vollständig	O	O	ADJD	_	_	
2-15	272-281	verbieten	O	O	VVINF	_	_	
2-16	282-286	will	_	_	_	_	_	
2-17	286-287	.	_	_	_	_	_	
2-18	287-288	
	_	_	_	_	_	

#Text=Dies sei ein notwendiger Schritt, um die drastischen Umweltschäden durch Einwegplastik zu verringern und langfristig eine saubere und nachhaltige Umwelt zu fördern.
#Text=
3-1	288-292	Dies	_	_	_	_	_	
3-2	293-296	sei	_	_	_	_	_	
3-3	297-300	ein	_	_	_	_	_	
3-4	301-312	notwendiger	O	O	ADJA	_	_	
3-5	313-320	Schritt	KON	MRW	NN	_	_	
3-6	320-321	,	_	_	_	_	_	
3-7	322-324	um	_	_	_	_	_	
3-8	325-328	die	_	_	_	_	_	
3-9	329-340	drastischen	O	O	ADJA	_	_	
3-10	341-354	Umweltschäden	O	O	NN	_	_	
3-11	355-360	durch	_	_	_	_	_	
3-12	361-374	Einwegplastik	O	O	NN	_	_	
3-13	375-377	zu	_	_	_	_	_	
3-14	378-388	verringern	O	O	VVINF	_	_	
3-15	389-392	und	_	_	_	_	_	
3-16	393-404	langfristig	O	O	ADJD	_	_	
3-17	405-409	eine	_	_	_	_	_	
3-18	410-417	saubere	O	O	ADJA	_	_	
3-19	418-421	und	_	_	_	_	_	
3-20	422-433	nachhaltige	O	O	ADJA	_	_	
3-21	434-440	Umwelt	O	O	NN	_	_	
3-22	441-443	zu	_	_	_	_	_	
3-23	444-451	fördern	O	O	VVINF	_	_	
3-24	451-452	.	_	_	_	_	_	
3-25	452-453	
	_	_	_	_	_	

#Text=„Es reicht nicht aus, nur den Verbrauch zu senken.
#Text=
4-1	453-454	„	_	_	_	_	_	
4-2	454-456	Es	_	_	_	_	_	
4-3	457-463	reicht	O	O	VVFIN	_	_	
4-4	464-469	nicht	_	_	_	_	_	
4-5	470-473	aus	O	O	PTKVZ	belong together	4-3	
4-6	473-474	,	_	_	_	_	_	
4-7	475-478	nur	_	_	_	_	_	
4-8	479-482	den	_	_	_	_	_	
4-9	483-492	Verbrauch	O	O	NN	_	_	
4-10	493-495	zu	_	_	_	_	_	
4-11	496-502	senken	KON	MRW	VVINF	_	_	
4-12	502-503	.	_	_	_	_	_	
4-13	503-504	
	_	_	_	_	_	

#Text=Wir müssen Plastiktüten komplett aus dem Verkehr ziehen“, betonte Schulze.
#Text=
5-1	504-507	Wir	_	_	_	_	_	
5-2	508-514	müssen	_	_	_	_	_	
5-3	515-527	Plastiktüten	O	O	NN	_	_	
5-4	528-536	komplett	O	O	ADJD	_	_	
5-5	537-540	aus	_	_	_	_	_	
5-6	541-544	dem	_	_	_	_	_	
5-7	545-552	Verkehr	O	KOMPL	NN	_	_	
5-8	553-559	ziehen	O	KOMPL	VVINF	belong together	5-7	
5-9	559-560	“	_	_	_	_	_	
5-10	560-561	,	_	_	_	_	_	
5-11	562-569	betonte	KON	MRW	VVFIN	_	_	
5-12	570-577	Schulze	_	_	_	_	_	
5-13	577-578	.	_	_	_	_	_	
5-14	578-579	
	_	_	_	_	_	

#Text=Auch der Handel soll in die Pflicht genommen werden.
#Text=
6-1	579-583	Auch	_	_	_	_	_	
6-2	584-587	der	_	_	_	_	_	
6-3	588-594	Handel	O	O	NN	_	_	
6-4	595-599	soll	_	_	_	_	_	
6-5	600-602	in	_	_	_	_	_	
6-6	603-606	die	_	_	_	_	_	
6-7	607-614	Pflicht	O	DFMA	NN	_	_	
6-8	615-623	genommen	O	DFMA	VVPP	_	_	
6-9	624-630	werden	_	_	_	_	_	
6-10	630-631	.	_	_	_	_	_	
6-11	631-632	
	_	_	_	_	_	

#Text=Besonders besorgniserregend sei die Menge an Verpackungsmaterial, die für Obst und Gemüse verwendet wird.
#Text=
7-1	632-641	Besonders	_	_	_	_	_	
7-2	642-659	besorgniserregend	O	O	ADJD	_	_	
7-3	660-663	sei	_	_	_	_	_	
7-4	664-667	die	_	_	_	_	_	
7-5	668-673	Menge	O	O	NN	_	_	
7-6	674-676	an	_	_	_	_	_	
7-7	677-696	Verpackungsmaterial	O	O	NN	_	_	
7-8	696-697	,	_	_	_	_	_	
7-9	698-701	die	_	_	_	_	_	
7-10	702-705	für	_	_	_	_	_	
7-11	706-710	Obst	O	O	NN	_	_	
7-12	711-714	und	_	_	_	_	_	
7-13	715-721	Gemüse	O	O	NN	_	_	
7-14	722-731	verwendet	O	O	VVPP	_	_	
7-15	732-736	wird	_	_	_	_	_	
7-16	736-737	.	_	_	_	_	_	
7-17	737-738	
	_	_	_	_	_	

#Text=Schulze fordert den Einzelhandel daher auf, innovative und umweltfreundlichere Verpackungslösungen zu entwickeln und umzusetzen.
#Text=
8-1	738-745	Schulze	_	_	_	_	_	
8-2	746-753	fordert	O	O	VVFIN	_	_	
8-3	754-757	den	_	_	_	_	_	
8-4	758-770	Einzelhandel	O	O	NN	_	_	
8-5	771-776	daher	_	_	_	_	_	
8-6	777-780	auf	O	O	PTKVZ	belong together	8-2	
8-7	780-781	,	_	_	_	_	_	
8-8	782-792	innovative	O	O	ADJA	_	_	
8-9	793-796	und	_	_	_	_	_	
8-10	797-816	umweltfreundlichere	O	O	ADJA	_	_	
8-11	817-836	Verpackungslösungen	_	_	NN	_	_	
8-11.1	817-828	Verpackungs	O	O	_	_	_	
8-11.2	828-836	lösungen	O	O	_	_	_	
8-12	837-839	zu	_	_	_	_	_	
8-13	840-850	entwickeln	O	O	VVINF	_	_	
8-14	851-854	und	_	_	_	_	_	
8-15	855-865	umzusetzen	O	O	VVIZU	_	_	
8-16	865-866	.	_	_	_	_	_	
8-17	866-867	
	_	_	_	_	_	

#Text=Studien belegen, dass ein Großteil des Meeresmülls aus Kunststoffverpackungen besteht, die von Land in die Ozeane gelangen.
#Text=
9-1	867-874	Studien	O	O	NN	_	_	
9-2	875-882	belegen	O	O	VVFIN	_	_	
9-3	882-883	,	_	_	_	_	_	
9-4	884-888	dass	_	_	_	_	_	
9-5	889-892	ein	_	_	_	_	_	
9-6	893-901	Großteil	O	O	NN	_	_	
9-7	902-905	des	_	_	_	_	_	
9-8	906-917	Meeresmülls	_	_	NN	_	_	
9-8.1	906-912	Meeres	O	O	_	_	_	
9-8.2	912-917	mülls	O	O	_	_	_	
9-9	918-921	aus	_	_	_	_	_	
9-10	922-944	Kunststoffverpackungen	_	_	NN	_	_	
9-10.1	922-932	Kunststoff	O	O	_	_	_	
9-10.2	932-944	verpackungen	O	O	_	_	_	
9-11	945-952	besteht	O	O	VVFIN	_	_	
9-12	952-953	,	_	_	_	_	_	
9-13	954-957	die	_	_	_	_	_	
9-14	958-961	von	_	_	_	_	_	
9-15	962-966	Land	O	O	NN	_	_	
9-16	967-969	in	_	_	_	_	_	
9-17	970-973	die	_	_	_	_	_	
9-18	974-980	Ozeane	O	O	NN	_	_	
9-19	981-989	gelangen	O	O	VVFIN	_	_	
9-20	989-990	.	_	_	_	_	_	
9-21	990-991	
	_	_	_	_	_	

#Text=Diese Kunststoffteile gefährden die Meeresfauna erheblich, da Tiere sie mit Nahrung verwechseln und daran ersticken oder schwerwiegende gesundheitliche Schäden erleiden können.
#Text=
10-1	991-996	Diese	_	_	_	_	_	
10-2	997-1012	Kunststoffteile	_	_	NN	_	_	
10-2.1	997-1007	Kunststoff	O	O	_	_	_	
10-2.2	1007-1012	teile	O	O	_	_	_	
10-3	1013-1022	gefährden	O	O	VVFIN	_	_	
10-4	1023-1026	die	_	_	_	_	_	
10-5	1027-1038	Meeresfauna	O	O	NN	_	_	
10-6	1039-1048	erheblich	O	O	ADJD	_	_	
10-7	1048-1049	,	_	_	_	_	_	
10-8	1050-1052	da	_	_	_	_	_	
10-9	1053-1058	Tiere	O	O	NN	_	_	
10-10	1059-1062	sie	_	_	_	_	_	
10-11	1063-1066	mit	_	_	_	_	_	
10-12	1067-1074	Nahrung	O	O	NN	_	_	
10-13	1075-1086	verwechseln	O	O	VVINF	_	_	
10-14	1087-1090	und	_	_	_	_	_	
10-15	1091-1096	daran	_	_	_	_	_	
10-16	1097-1106	ersticken	O	O	VVINF	_	_	
10-17	1107-1111	oder	_	_	_	_	_	
10-18	1112-1126	schwerwiegende	O	O	ADJA	_	_	
10-19	1127-1142	gesundheitliche	O	O	ADJA	_	_	
10-20	1143-1150	Schäden	O	O	NN	_	_	
10-21	1151-1159	erleiden	O	O	VVINF	_	_	
10-22	1160-1166	können	_	_	_	_	_	
10-23	1166-1167	.	_	_	_	_	_	
10-24	1167-1168	
	_	_	_	_	_	

#Text=Es wird geschätzt, dass bis zu 12 Millionen Tonnen Plastik jährlich in die Weltmeere gelangen.
#Text=
11-1	1168-1170	Es	_	_	_	_	_	
11-2	1171-1175	wird	_	_	_	_	_	
11-3	1176-1185	geschätzt	O	O	VVPP	_	_	
11-4	1185-1186	,	_	_	_	_	_	
11-5	1187-1191	dass	_	_	_	_	_	
11-6	1192-1195	bis	_	_	_	_	_	
11-7	1196-1198	zu	_	_	_	_	_	
11-8	1199-1201	12	_	_	_	_	_	
11-9	1202-1211	Millionen	O	O	NN	_	_	
11-10	1212-1218	Tonnen	O	O	NN	_	_	
11-11	1219-1226	Plastik	O	O	NN	_	_	
11-12	1227-1235	jährlich	O	O	ADJD	_	_	
11-13	1236-1238	in	_	_	_	_	_	
11-14	1239-1242	die	_	_	_	_	_	
11-15	1243-1252	Weltmeere	O	O	NN	_	_	
11-16	1253-1261	gelangen	O	O	VVFIN	_	_	
11-17	1261-1262	.	_	_	_	_	_	
11-18	1262-1263	
	_	_	_	_	_	

#Text=Die geplanten Maßnahmen der Regierung sollen nicht nur die Umwelt schützen, sondern auch die Bürger dazu anregen, bewusstere Entscheidungen in ihrem Alltag zu treffen.
#Text=
12-1	1263-1266	Die	_	_	_	_	_	
12-2	1267-1276	geplanten	O	O	ADJA	_	_	
12-3	1277-1286	Maßnahmen	O	O	NN	_	_	
12-4	1287-1290	der	_	_	_	_	_	
12-5	1291-1300	Regierung	O	O	NN	_	_	
12-6	1301-1307	sollen	_	_	_	_	_	
12-7	1308-1313	nicht	_	_	_	_	_	
12-8	1314-1317	nur	_	_	_	_	_	
12-9	1318-1321	die	_	_	_	_	_	
12-10	1322-1328	Umwelt	O	O	NN	_	_	
12-11	1329-1337	schützen	O	O	VVINF	_	_	
12-12	1337-1338	,	_	_	_	_	_	
12-13	1339-1346	sondern	_	_	_	_	_	
12-14	1347-1351	auch	_	_	_	_	_	
12-15	1352-1355	die	_	_	_	_	_	
12-16	1356-1362	Bürger	O	O	NN	_	_	
12-17	1363-1367	dazu	_	_	_	_	_	
12-18	1368-1375	anregen	O	O	VVINF	_	_	
12-19	1375-1376	,	_	_	_	_	_	
12-20	1377-1387	bewusstere	O	O	ADJA	_	_	
12-21	1388-1402	Entscheidungen	O	O	NN	_	_	
12-22	1403-1405	in	_	_	_	_	_	
12-23	1406-1411	ihrem	_	_	_	_	_	
12-24	1412-1418	Alltag	O	O	NN	_	_	
12-25	1419-1421	zu	_	_	_	_	_	
12-26	1422-1429	treffen	O	WIDLII	VVINF	_	_	
12-27	1429-1430	.	_	_	_	_	_	
12-28	1430-1431	
	_	_	_	_	_	

#Text=„Ein Verbot von Plastiktüten ist ein klares Signal an die Bevölkerung, dass wir gemeinsam handeln müssen“, so Schulze.
#Text=
13-1	1431-1432	„	_	_	_	_	_	
13-2	1432-1435	Ein	_	_	_	_	_	
13-3	1436-1442	Verbot	O	O	NN	_	_	
13-4	1443-1446	von	_	_	_	_	_	
13-5	1447-1459	Plastiktüten	O	O	NN	_	_	
13-6	1460-1463	ist	_	_	_	_	_	
13-7	1464-1467	ein	_	_	_	_	_	
13-8	1468-1474	klares	O	KOMPL	ADJA	_	_	
13-9	1475-1481	Signal	O	KOMPL	NN	belong together	13-8	
13-10	1482-1484	an	_	_	_	_	_	
13-11	1485-1488	die	_	_	_	_	_	
13-12	1489-1500	Bevölkerung	O	O	NN	_	_	
13-13	1500-1501	,	_	_	_	_	_	
13-14	1502-1506	dass	_	_	_	_	_	
13-15	1507-1510	wir	_	_	_	_	_	
13-16	1511-1520	gemeinsam	O	O	ADJD	_	_	
13-17	1521-1528	handeln	O	O	VVINF	_	_	
13-18	1529-1535	müssen	_	_	_	_	_	
13-19	1535-1536	“	_	_	_	_	_	
13-20	1536-1537	,	_	_	_	_	_	
13-21	1538-1540	so	_	_	_	_	_	
13-22	1541-1548	Schulze	_	_	_	_	_	
13-23	1548-1549	.	_	_	_	_	_	
13-24	1549-1550	
	_	_	_	_	_	

#Text=Der Handel habe bereits viele kreative Ansätze gezeigt, die auf Wiederverwendbarkeit und Recycling setzen, es müsse jedoch noch mehr geschehen.
#Text=
14-1	1550-1553	Der	_	_	_	_	_	
14-2	1554-1560	Handel	O	O	NN	_	_	
14-3	1561-1565	habe	_	_	_	_	_	
14-4	1566-1573	bereits	_	_	_	_	_	
14-5	1574-1579	viele	_	_	_	_	_	
14-6	1580-1588	kreative	O	O	ADJA	_	_	
14-7	1589-1596	Ansätze	O	O	NN	_	_	
14-8	1597-1604	gezeigt	KON	MRW	VVPP	_	_	
14-9	1604-1605	,	_	_	_	_	_	
14-10	1606-1609	die	_	_	_	_	_	
14-11	1610-1613	auf	_	_	_	_	_	
14-12	1614-1634	Wiederverwendbarkeit	O	O	NN	_	_	
14-13	1635-1638	und	_	_	_	_	_	
14-14	1639-1648	Recycling	O	O	NN	_	_	
14-15	1649-1655	setzen	KON	MRW	VVINF	_	_	
14-16	1655-1656	,	_	_	_	_	_	
14-17	1657-1659	es	_	_	_	_	_	
14-18	1660-1665	müsse	_	_	_	_	_	
14-19	1666-1672	jedoch	_	_	_	_	_	
14-20	1673-1677	noch	_	_	_	_	_	
14-21	1678-1682	mehr	_	_	_	_	_	
14-22	1683-1692	geschehen	O	O	VVINF	_	_	
14-23	1692-1693	.	_	_	_	_	_	
14-24	1693-1694	
	_	_	_	_	_	

#Text=Die Reaktionen aus der Wirtschaft sind gemischt.
#Text=
15-1	1694-1697	Die	_	_	_	_	_	
15-2	1698-1708	Reaktionen	KON	MRW	NN	_	_	
15-3	1709-1712	aus	_	_	_	_	_	
15-4	1713-1716	der	_	_	_	_	_	
15-5	1717-1727	Wirtschaft	O	O	NN	_	_	
15-6	1728-1732	sind	_	_	_	_	_	
15-7	1733-1741	gemischt	O	WIDLII	VVPP	_	_	
15-8	1741-1742	.	_	_	_	_	_	
15-9	1742-1743	
	_	_	_	_	_	

#Text=Während Umweltverbände und viele Verbraucher die Initiative begrüßen, gibt es auch kritische Stimmen.
#Text=
16-1	1743-1750	Während	_	_	_	_	_	
16-2	1751-1765	Umweltverbände	O	O	NN	_	_	
16-3	1766-1769	und	_	_	_	_	_	
16-4	1770-1775	viele	_	_	_	_	_	
16-5	1776-1787	Verbraucher	O	O	NN	_	_	
16-6	1788-1791	die	_	_	_	_	_	
16-7	1792-1802	Initiative	O	O	NN	_	_	
16-8	1803-1811	begrüßen	KON	MRW	VVFIN	_	_	
16-9	1811-1812	,	_	_	_	_	_	
16-10	1813-1817	gibt	O	O	VVFIN	_	_	
16-11	1818-1820	es	_	_	_	_	_	
16-12	1821-1825	auch	_	_	_	_	_	
16-13	1826-1835	kritische	O	O	ADJA	_	_	
16-14	1836-1843	Stimmen	O	O	NN	_	_	
16-15	1843-1844	.	_	_	_	_	_	
16-16	1844-1845	
	_	_	_	_	_	

#Text=Handelsvertreter warnen vor hohen Umstellungskosten und befürchten Einbußen im Verkauf.
#Text=
17-1	1845-1861	Handelsvertreter	O	O	NN	_	_	
17-2	1862-1868	warnen	O	O	VVFIN	_	_	
17-3	1869-1872	vor	_	_	_	_	_	
17-4	1873-1878	hohen	KON	MRW	ADJA	_	_	
17-5	1879-1896	Umstellungskosten	_	_	NN	_	_	
17-5.1	1879-1890	Umstellungs	KON	MRW	_	_	_	
17-5.2	1890-1896	kosten	O	O	_	_	_	
17-6	1897-1900	und	_	_	_	_	_	
17-7	1901-1911	befürchten	O	O	VVFIN	_	_	
17-8	1912-1920	Einbußen	O	O	NN	_	_	
17-9	1921-1923	im	_	_	_	_	_	
17-10	1924-1931	Verkauf	O	O	NN	_	_	
17-11	1931-1932	.	_	_	_	_	_	
17-12	1932-1933	
	_	_	_	_	_	

#Text=Doch Schulze bleibt optimistisch: „Die Anpassung mag Zeit und Investitionen verlangen, doch letzten Endes ist es eine Investition in die Zukunft unseres Planeten und unserer Kinder.
#Text=
18-1	1933-1937	Doch	_	_	_	_	_	
18-2	1938-1945	Schulze	_	_	_	_	_	
18-3	1946-1952	bleibt	O	O	VVFIN	_	_	
18-4	1953-1965	optimistisch	O	O	ADJD	_	_	
18-5	1965-1966	:	_	_	_	_	_	
18-6	1967-1968	„	_	_	_	_	_	
18-7	1968-1971	Die	_	_	_	_	_	
18-8	1972-1981	Anpassung	O	O	NN	_	_	
18-9	1982-1985	mag	_	_	_	_	_	
18-10	1986-1990	Zeit	O	O	NN	_	_	
18-11	1991-1994	und	_	_	_	_	_	
18-12	1995-2008	Investitionen	O	O	NN	_	_	
18-13	2009-2018	verlangen	O	PERS	VVFIN	_	_	
18-14	2018-2019	,	_	_	_	_	_	
18-15	2020-2024	doch	_	_	_	_	_	
18-16	2025-2032	letzten	O	DFMA	ADJA	_	_	
18-17	2033-2038	Endes	O	DFMA	NN	_	_	
18-18	2039-2042	ist	_	_	_	_	_	
18-19	2043-2045	es	_	_	_	_	_	
18-20	2046-2050	eine	_	_	_	_	_	
18-21	2051-2062	Investition	KON	MRW	NN	_	_	
18-22	2063-2065	in	_	_	_	_	_	
18-23	2066-2069	die	_	_	_	_	_	
18-24	2070-2077	Zukunft	O	O	NN	_	_	
18-25	2078-2085	unseres	_	_	_	_	_	
18-26	2086-2094	Planeten	O	O	NN	_	_	
18-27	2095-2098	und	_	_	_	_	_	
18-28	2099-2106	unserer	_	_	_	_	_	
18-29	2107-2113	Kinder	O	O	NN	_	_	
18-30	2113-2114	.	_	_	_	_	_	
18-31	2114-2115	
	_	_	_	_	_	

#Text=“Das Thema Plastiktütenverbot soll in der nächsten Sitzung des Bundestages diskutiert und möglicherweise noch in diesem Jahr verabschiedet werden.
#Text=
19-1	2115-2116	“	_	_	_	_	_	
19-2	2116-2119	Das	_	_	_	_	_	
19-3	2120-2125	Thema	O	O	NN	_	_	
19-4	2126-2144	Plastiktütenverbot	_	_	NN	_	_	
19-4.1	2126-2138	Plastiktüten	O	O	_	_	_	
19-4.2	2138-2144	verbot	O	O	_	_	_	
19-5	2145-2149	soll	_	_	_	_	_	
19-6	2150-2152	in	_	_	_	_	_	
19-7	2153-2156	der	_	_	_	_	_	
19-8	2157-2165	nächsten	KON	MRW	ADJA	_	_	
19-9	2166-2173	Sitzung	O	O	NN	_	_	
19-10	2174-2177	des	_	_	_	_	_	
19-11	2178-2189	Bundestages	O	O	NN	_	_	
19-12	2190-2200	diskutiert	O	O	VVPP	_	_	
19-13	2201-2204	und	_	_	_	_	_	
19-14	2205-2219	möglicherweise	_	_	_	_	_	
19-15	2220-2224	noch	_	_	_	_	_	
19-16	2225-2227	in	_	_	_	_	_	
19-17	2228-2234	diesem	_	_	_	_	_	
19-18	2235-2239	Jahr	O	O	NN	_	_	
19-19	2240-2253	verabschiedet	O	O	VVPP	_	_	
19-20	2254-2260	werden	_	_	_	_	_	
19-21	2260-2261	.	_	_	_	_	_	
19-22	2261-2262	
	_	_	_	_	_	

#Text=Die Bundesregierung hofft, damit einen wichtigen Schritt im globalen Kampf gegen Plastikmüll und für den Erhalt der Meeresökosysteme zu leisten.
#Text=
20-1	2262-2265	Die	_	_	_	_	_	
20-2	2266-2281	Bundesregierung	O	O	NN	_	_	
20-3	2282-2287	hofft	O	O	VVFIN	_	_	
20-4	2287-2288	,	_	_	_	_	_	
20-5	2289-2294	damit	_	_	_	_	_	
20-6	2295-2300	einen	_	_	_	_	_	
20-7	2301-2310	wichtigen	O	O	ADJA	_	_	
20-8	2311-2318	Schritt	KON	MRW	NN	_	_	
20-9	2319-2321	im	_	_	_	_	_	
20-10	2322-2330	globalen	O	O	ADJA	_	_	
20-11	2331-2336	Kampf	KON	MRW	NN	_	_	
20-12	2337-2342	gegen	_	_	_	_	_	
20-13	2343-2354	Plastikmüll	O	O	NN	_	_	
20-14	2355-2358	und	_	_	_	_	_	
20-15	2359-2362	für	_	_	_	_	_	
20-16	2363-2366	den	_	_	_	_	_	
20-17	2367-2373	Erhalt	O	O	NN	_	_	
20-18	2374-2377	der	_	_	_	_	_	
20-19	2378-2394	Meeresökosysteme	_	_	NN	_	_	
20-19.1	2378-2384	Meeres	O	O	_	_	_	
20-19.2	2384-2394	ökosysteme	O	O	_	_	_	
20-20	2395-2397	zu	_	_	_	_	_	
20-21	2398-2405	leisten	O	O	VVINF	_	_	
20-22	2405-2406	.	_	_	_	_	_	
20-23	2406-2407	
	_	_	_	_	_	

#Text=Das umfassende Verbot von Plastiktüten und die Reduzierung von Einwegverpackungen für Obst und Gemüse sind entscheidende Maßnahmen, um die Verschmutzung der Meere zu reduzieren und den Verbrauchern nachhaltigere Alternativen zu bieten.
#Text=
21-1	2407-2410	Das	_	_	_	_	_	
21-2	2411-2421	umfassende	O	O	ADJA	_	_	
21-3	2422-2428	Verbot	O	O	NN	_	_	
21-4	2429-2432	von	_	_	_	_	_	
21-5	2433-2445	Plastiktüten	O	O	NN	_	_	
21-6	2446-2449	und	_	_	_	_	_	
21-7	2450-2453	die	_	_	_	_	_	
21-8	2454-2465	Reduzierung	O	O	NN	_	_	
21-9	2466-2469	von	_	_	_	_	_	
21-10	2470-2488	Einwegverpackungen	O	O	NN	_	_	
21-11	2489-2492	für	_	_	_	_	_	
21-12	2493-2497	Obst	O	O	NN	_	_	
21-13	2498-2501	und	_	_	_	_	_	
21-14	2502-2508	Gemüse	O	O	NN	_	_	
21-15	2509-2513	sind	_	_	_	_	_	
21-16	2514-2527	entscheidende	O	O	ADJA	_	_	
21-17	2528-2537	Maßnahmen	O	O	NN	_	_	
21-18	2537-2538	,	_	_	_	_	_	
21-19	2539-2541	um	_	_	_	_	_	
21-20	2542-2545	die	_	_	_	_	_	
21-21	2546-2559	Verschmutzung	O	O	NN	_	_	
21-22	2560-2563	der	_	_	_	_	_	
21-23	2564-2569	Meere	O	O	NN	_	_	
21-24	2570-2572	zu	_	_	_	_	_	
21-25	2573-2583	reduzieren	O	O	VVINF	_	_	
21-26	2584-2587	und	_	_	_	_	_	
21-27	2588-2591	den	_	_	_	_	_	
21-28	2592-2604	Verbrauchern	O	O	NN	_	_	
21-29	2605-2618	nachhaltigere	O	O	ADJA	_	_	
21-30	2619-2631	Alternativen	O	O	NN	_	_	
21-31	2632-2634	zu	_	_	_	_	_	
21-32	2635-2641	bieten	O	O	VVINF	_	_	
21-33	2641-2642	.	_	_	_	_	_	
21-34	2642-2643	
	_	_	_	_	_	

#Text=Jeder Beitrag zählt, um unsere Ozeane und die Natur zu schützen.
#Text=
22-1	2643-2648	Jeder	_	_	_	_	_	
22-2	2649-2656	Beitrag	O	WIDLII	NN	_	_	
22-3	2657-2662	zählt	O	O	VVFIN	_	_	
22-4	2662-2663	,	_	_	_	_	_	
22-5	2664-2666	um	_	_	_	_	_	
22-6	2667-2673	unsere	_	_	_	_	_	
22-7	2674-2680	Ozeane	O	O	NN	_	_	
22-8	2681-2684	und	_	_	_	_	_	
22-9	2685-2688	die	_	_	_	_	_	
22-10	2689-2694	Natur	O	O	NN	_	_	
22-11	2695-2697	zu	_	_	_	_	_	
22-12	2698-2706	schützen	O	O	VVINF	_	_	
22-13	2706-2707	.	_	_	_	_	_	
22-14	2707-2708	
	_	_	_	_	_	
