#FORMAT=WebAnno TSV 3.3
#T_SP=webanno.custom.POS|pos_tag


#Text=Selbst wenn die Nutzung von Plastiktüten in den letzten Jahren zurückgegangen ist, bleibt die Verschmutzung der Meere durch Plastikmüll ein riesiges Problem.
#Text=
1-1	0-6	Selbst	_	
1-2	7-11	wenn	_	
1-3	12-15	die	_	
1-4	16-23	Nutzung	NN	
1-5	24-27	von	_	
1-6	28-40	Plastiktüten	NN	
1-7	41-43	in	_	
1-8	44-47	den	_	
1-9	48-55	letzten	ADJA	
1-10	56-62	Jahren	NN	
1-11	63-77	zurückgegangen	VVPP	
1-12	78-81	ist	_	
1-13	81-82	,	_	
1-14	83-89	bleibt	VVFIN	
1-15	90-93	die	_	
1-16	94-107	Verschmutzung	NN	
1-17	108-111	der	_	
1-18	112-117	Meere	NN	
1-19	118-123	durch	_	
1-20	124-135	Plastikmüll	NN	
1-21	136-139	ein	_	
1-22	140-148	riesiges	ADJA	
1-23	149-156	Problem	NN	
1-24	156-157	.	_	
1-25	157-158	
	_	

#Text=Umweltministerin Svenja Schulze erklärte gestern in Berlin, dass die Bundesregierung die Plastiktüten vollständig verbieten will.
#Text=
2-1	158-174	Umweltministerin	NN	
2-2	175-181	Svenja	_	
2-3	182-189	Schulze	_	
2-4	190-198	erklärte	VVFIN	
2-5	199-206	gestern	_	
2-6	207-209	in	_	
2-7	210-216	Berlin	_	
2-8	216-217	,	_	
2-9	218-222	dass	_	
2-10	223-226	die	_	
2-11	227-242	Bundesregierung	NN	
2-12	243-246	die	_	
2-13	247-259	Plastiktüten	NN	
2-14	260-271	vollständig	ADJD	
2-15	272-281	verbieten	VVINF	
2-16	282-286	will	_	
2-17	286-287	.	_	
2-18	287-288	
	_	

#Text=Dies sei ein notwendiger Schritt, um die drastischen Umweltschäden durch Einwegplastik zu verringern und langfristig eine saubere und nachhaltige Umwelt zu fördern.
#Text=
3-1	288-292	Dies	_	
3-2	293-296	sei	_	
3-3	297-300	ein	_	
3-4	301-312	notwendiger	ADJA	
3-5	313-320	Schritt	NN	
3-6	320-321	,	_	
3-7	322-324	um	_	
3-8	325-328	die	_	
3-9	329-340	drastischen	ADJA	
3-10	341-354	Umweltschäden	NN	
3-11	355-360	durch	_	
3-12	361-374	Einwegplastik	NN	
3-13	375-377	zu	_	
3-14	378-388	verringern	VVINF	
3-15	389-392	und	_	
3-16	393-404	langfristig	ADJD	
3-17	405-409	eine	_	
3-18	410-417	saubere	ADJA	
3-19	418-421	und	_	
3-20	422-433	nachhaltige	ADJA	
3-21	434-440	Umwelt	NN	
3-22	441-443	zu	_	
3-23	444-451	fördern	VVINF	
3-24	451-452	.	_	
3-25	452-453	
	_	

#Text=„Es reicht nicht aus, nur den Verbrauch zu senken.
#Text=
4-1	453-454	„	_	
4-2	454-456	Es	_	
4-3	457-463	reicht	VVFIN	
4-4	464-469	nicht	_	
4-5	470-473	aus	PTKVZ	
4-6	473-474	,	_	
4-7	475-478	nur	_	
4-8	479-482	den	_	
4-9	483-492	Verbrauch	NN	
4-10	493-495	zu	_	
4-11	496-502	senken	VVINF	
4-12	502-503	.	_	
4-13	503-504	
	_	

#Text=Wir müssen Plastiktüten komplett aus dem Verkehr ziehen“, betonte Schulze.
#Text=
5-1	504-507	Wir	_	
5-2	508-514	müssen	_	
5-3	515-527	Plastiktüten	NN	
5-4	528-536	komplett	ADJD	
5-5	537-540	aus	_	
5-6	541-544	dem	_	
5-7	545-552	Verkehr	NN	
5-8	553-559	ziehen	VVINF	
5-9	559-560	“	_	
5-10	560-561	,	_	
5-11	562-569	betonte	VVFIN	
5-12	570-577	Schulze	_	
5-13	577-578	.	_	
5-14	578-579	
	_	

#Text=Auch der Handel soll in die Pflicht genommen werden.
#Text=
6-1	579-583	Auch	_	
6-2	584-587	der	_	
6-3	588-594	Handel	NN	
6-4	595-599	soll	_	
6-5	600-602	in	_	
6-6	603-606	die	_	
6-7	607-614	Pflicht	NN	
6-8	615-623	genommen	VVPP	
6-9	624-630	werden	_	
6-10	630-631	.	_	
6-11	631-632	
	_	

#Text=Besonders besorgniserregend sei die Menge an Verpackungsmaterial, die für Obst und Gemüse verwendet wird.
#Text=
7-1	632-641	Besonders	_	
7-2	642-659	besorgniserregend	ADJD	
7-3	660-663	sei	_	
7-4	664-667	die	_	
7-5	668-673	Menge	NN	
7-6	674-676	an	_	
7-7	677-696	Verpackungsmaterial	NN	
7-8	696-697	,	_	
7-9	698-701	die	_	
7-10	702-705	für	_	
7-11	706-710	Obst	NN	
7-12	711-714	und	_	
7-13	715-721	Gemüse	NN	
7-14	722-731	verwendet	VVPP	
7-15	732-736	wird	_	
7-16	736-737	.	_	
7-17	737-738	
	_	

#Text=Schulze fordert den Einzelhandel daher auf, innovative und umweltfreundlichere Verpackungslösungen zu entwickeln und umzusetzen.
#Text=
8-1	738-745	Schulze	_	
8-2	746-753	fordert	VVFIN	
8-3	754-757	den	_	
8-4	758-770	Einzelhandel	NN	
8-5	771-776	daher	_	
8-6	777-780	auf	PTKVZ	
8-7	780-781	,	_	
8-8	782-792	innovative	ADJA	
8-9	793-796	und	_	
8-10	797-816	umweltfreundlichere	ADJA	
8-11	817-836	Verpackungslösungen	NN	
8-12	837-839	zu	_	
8-13	840-850	entwickeln	VVINF	
8-14	851-854	und	_	
8-15	855-865	umzusetzen	VVIZU	
8-16	865-866	.	_	
8-17	866-867	
	_	

#Text=Studien belegen, dass ein Großteil des Meeresmülls aus Kunststoffverpackungen besteht, die von Land in die Ozeane gelangen.
#Text=
9-1	867-874	Studien	NN	
9-2	875-882	belegen	VVFIN	
9-3	882-883	,	_	
9-4	884-888	dass	_	
9-5	889-892	ein	_	
9-6	893-901	Großteil	NN	
9-7	902-905	des	_	
9-8	906-917	Meeresmülls	NN	
9-9	918-921	aus	_	
9-10	922-944	Kunststoffverpackungen	NN	
9-11	945-952	besteht	VVFIN	
9-12	952-953	,	_	
9-13	954-957	die	_	
9-14	958-961	von	_	
9-15	962-966	Land	NN	
9-16	967-969	in	_	
9-17	970-973	die	_	
9-18	974-980	Ozeane	NN	
9-19	981-989	gelangen	VVFIN	
9-20	989-990	.	_	
9-21	990-991	
	_	

#Text=Diese Kunststoffteile gefährden die Meeresfauna erheblich, da Tiere sie mit Nahrung verwechseln und daran ersticken oder schwerwiegende gesundheitliche Schäden erleiden können.
#Text=
10-1	991-996	Diese	_	
10-2	997-1012	Kunststoffteile	NN	
10-3	1013-1022	gefährden	VVFIN	
10-4	1023-1026	die	_	
10-5	1027-1038	Meeresfauna	NN	
10-6	1039-1048	erheblich	ADJD	
10-7	1048-1049	,	_	
10-8	1050-1052	da	_	
10-9	1053-1058	Tiere	NN	
10-10	1059-1062	sie	_	
10-11	1063-1066	mit	_	
10-12	1067-1074	Nahrung	NN	
10-13	1075-1086	verwechseln	VVINF	
10-14	1087-1090	und	_	
10-15	1091-1096	daran	_	
10-16	1097-1106	ersticken	VVINF	
10-17	1107-1111	oder	_	
10-18	1112-1126	schwerwiegende	ADJA	
10-19	1127-1142	gesundheitliche	ADJA	
10-20	1143-1150	Schäden	NN	
10-21	1151-1159	erleiden	VVINF	
10-22	1160-1166	können	_	
10-23	1166-1167	.	_	
10-24	1167-1168	
	_	

#Text=Es wird geschätzt, dass bis zu 12 Millionen Tonnen Plastik jährlich in die Weltmeere gelangen.
#Text=
11-1	1168-1170	Es	_	
11-2	1171-1175	wird	_	
11-3	1176-1185	geschätzt	VVPP	
11-4	1185-1186	,	_	
11-5	1187-1191	dass	_	
11-6	1192-1195	bis	_	
11-7	1196-1198	zu	_	
11-8	1199-1201	12	_	
11-9	1202-1211	Millionen	NN	
11-10	1212-1218	Tonnen	NN	
11-11	1219-1226	Plastik	NN	
11-12	1227-1235	jährlich	ADJD	
11-13	1236-1238	in	_	
11-14	1239-1242	die	_	
11-15	1243-1252	Weltmeere	NN	
11-16	1253-1261	gelangen	VVFIN	
11-17	1261-1262	.	_	
11-18	1262-1263	
	_	

#Text=Die geplanten Maßnahmen der Regierung sollen nicht nur die Umwelt schützen, sondern auch die Bürger dazu anregen, bewusstere Entscheidungen in ihrem Alltag zu treffen.
#Text=
12-1	1263-1266	Die	_	
12-2	1267-1276	geplanten	ADJA	
12-3	1277-1286	Maßnahmen	NN	
12-4	1287-1290	der	_	
12-5	1291-1300	Regierung	NN	
12-6	1301-1307	sollen	_	
12-7	1308-1313	nicht	_	
12-8	1314-1317	nur	_	
12-9	1318-1321	die	_	
12-10	1322-1328	Umwelt	NN	
12-11	1329-1337	schützen	VVINF	
12-12	1337-1338	,	_	
12-13	1339-1346	sondern	_	
12-14	1347-1351	auch	_	
12-15	1352-1355	die	_	
12-16	1356-1362	Bürger	NN	
12-17	1363-1367	dazu	_	
12-18	1368-1375	anregen	VVINF	
12-19	1375-1376	,	_	
12-20	1377-1387	bewusstere	ADJA	
12-21	1388-1402	Entscheidungen	NN	
12-22	1403-1405	in	_	
12-23	1406-1411	ihrem	_	
12-24	1412-1418	Alltag	NN	
12-25	1419-1421	zu	_	
12-26	1422-1429	treffen	VVINF	
12-27	1429-1430	.	_	
12-28	1430-1431	
	_	

#Text=„Ein Verbot von Plastiktüten ist ein klares Signal an die Bevölkerung, dass wir gemeinsam handeln müssen“, so Schulze.
#Text=
13-1	1431-1432	„	_	
13-2	1432-1435	Ein	_	
13-3	1436-1442	Verbot	NN	
13-4	1443-1446	von	_	
13-5	1447-1459	Plastiktüten	NN	
13-6	1460-1463	ist	_	
13-7	1464-1467	ein	_	
13-8	1468-1474	klares	ADJA	
13-9	1475-1481	Signal	NN	
13-10	1482-1484	an	_	
13-11	1485-1488	die	_	
13-12	1489-1500	Bevölkerung	NN	
13-13	1500-1501	,	_	
13-14	1502-1506	dass	_	
13-15	1507-1510	wir	_	
13-16	1511-1520	gemeinsam	ADJD	
13-17	1521-1528	handeln	VVINF	
13-18	1529-1535	müssen	_	
13-19	1535-1536	“	_	
13-20	1536-1537	,	_	
13-21	1538-1540	so	_	
13-22	1541-1548	Schulze	_	
13-23	1548-1549	.	_	
13-24	1549-1550	
	_	

#Text=Der Handel habe bereits viele kreative Ansätze gezeigt, die auf Wiederverwendbarkeit und Recycling setzen, es müsse jedoch noch mehr geschehen.
#Text=
14-1	1550-1553	Der	_	
14-2	1554-1560	Handel	NN	
14-3	1561-1565	habe	_	
14-4	1566-1573	bereits	_	
14-5	1574-1579	viele	_	
14-6	1580-1588	kreative	ADJA	
14-7	1589-1596	Ansätze	NN	
14-8	1597-1604	gezeigt	VVPP	
14-9	1604-1605	,	_	
14-10	1606-1609	die	_	
14-11	1610-1613	auf	_	
14-12	1614-1634	Wiederverwendbarkeit	NN	
14-13	1635-1638	und	_	
14-14	1639-1648	Recycling	NN	
14-15	1649-1655	setzen	VVINF	
14-16	1655-1656	,	_	
14-17	1657-1659	es	_	
14-18	1660-1665	müsse	_	
14-19	1666-1672	jedoch	_	
14-20	1673-1677	noch	_	
14-21	1678-1682	mehr	_	
14-22	1683-1692	geschehen	VVINF	
14-23	1692-1693	.	_	
14-24	1693-1694	
	_	

#Text=Die Reaktionen aus der Wirtschaft sind gemischt.
#Text=
15-1	1694-1697	Die	_	
15-2	1698-1708	Reaktionen	NN	
15-3	1709-1712	aus	_	
15-4	1713-1716	der	_	
15-5	1717-1727	Wirtschaft	NN	
15-6	1728-1732	sind	_	
15-7	1733-1741	gemischt	VVPP	
15-8	1741-1742	.	_	
15-9	1742-1743	
	_	

#Text=Während Umweltverbände und viele Verbraucher die Initiative begrüßen, gibt es auch kritische Stimmen.
#Text=
16-1	1743-1750	Während	_	
16-2	1751-1765	Umweltverbände	NN	
16-3	1766-1769	und	_	
16-4	1770-1775	viele	_	
16-5	1776-1787	Verbraucher	NN	
16-6	1788-1791	die	_	
16-7	1792-1802	Initiative	NN	
16-8	1803-1811	begrüßen	VVFIN	
16-9	1811-1812	,	_	
16-10	1813-1817	gibt	VVFIN	
16-11	1818-1820	es	_	
16-12	1821-1825	auch	_	
16-13	1826-1835	kritische	ADJA	
16-14	1836-1843	Stimmen	NN	
16-15	1843-1844	.	_	
16-16	1844-1845	
	_	

#Text=Handelsvertreter warnen vor hohen Umstellungskosten und befürchten Einbußen im Verkauf.
#Text=
17-1	1845-1861	Handelsvertreter	NN	
17-2	1862-1868	warnen	VVFIN	
17-3	1869-1872	vor	_	
17-4	1873-1878	hohen	ADJA	
17-5	1879-1896	Umstellungskosten	NN	
17-6	1897-1900	und	_	
17-7	1901-1911	befürchten	VVFIN	
17-8	1912-1920	Einbußen	NN	
17-9	1921-1923	im	_	
17-10	1924-1931	Verkauf	NN	
17-11	1931-1932	.	_	
17-12	1932-1933	
	_	

#Text=Doch Schulze bleibt optimistisch: „Die Anpassung mag Zeit und Investitionen verlangen, doch letzten Endes ist es eine Investition in die Zukunft unseres Planeten und unserer Kinder.
#Text=
18-1	1933-1937	Doch	_	
18-2	1938-1945	Schulze	_	
18-3	1946-1952	bleibt	VVFIN	
18-4	1953-1965	optimistisch	ADJD	
18-5	1965-1966	:	_	
18-6	1967-1968	„	_	
18-7	1968-1971	Die	_	
18-8	1972-1981	Anpassung	NN	
18-9	1982-1985	mag	_	
18-10	1986-1990	Zeit	NN	
18-11	1991-1994	und	_	
18-12	1995-2008	Investitionen	NN	
18-13	2009-2018	verlangen	VVFIN	
18-14	2018-2019	,	_	
18-15	2020-2024	doch	_	
18-16	2025-2032	letzten	ADJA	
18-17	2033-2038	Endes	NN	
18-18	2039-2042	ist	_	
18-19	2043-2045	es	_	
18-20	2046-2050	eine	_	
18-21	2051-2062	Investition	NN	
18-22	2063-2065	in	_	
18-23	2066-2069	die	_	
18-24	2070-2077	Zukunft	NN	
18-25	2078-2085	unseres	_	
18-26	2086-2094	Planeten	NN	
18-27	2095-2098	und	_	
18-28	2099-2106	unserer	_	
18-29	2107-2113	Kinder	NN	
18-30	2113-2114	.	_	
18-31	2114-2115	
	_	

#Text=“Das Thema Plastiktütenverbot soll in der nächsten Sitzung des Bundestages diskutiert und möglicherweise noch in diesem Jahr verabschiedet werden.
#Text=
19-1	2115-2116	“	_	
19-2	2116-2119	Das	_	
19-3	2120-2125	Thema	NN	
19-4	2126-2144	Plastiktütenverbot	NN	
19-5	2145-2149	soll	_	
19-6	2150-2152	in	_	
19-7	2153-2156	der	_	
19-8	2157-2165	nächsten	ADJA	
19-9	2166-2173	Sitzung	NN	
19-10	2174-2177	des	_	
19-11	2178-2189	Bundestages	NN	
19-12	2190-2200	diskutiert	VVPP	
19-13	2201-2204	und	_	
19-14	2205-2219	möglicherweise	_	
19-15	2220-2224	noch	_	
19-16	2225-2227	in	_	
19-17	2228-2234	diesem	_	
19-18	2235-2239	Jahr	NN	
19-19	2240-2253	verabschiedet	VVPP	
19-20	2254-2260	werden	_	
19-21	2260-2261	.	_	
19-22	2261-2262	
	_	

#Text=Die Bundesregierung hofft, damit einen wichtigen Schritt im globalen Kampf gegen Plastikmüll und für den Erhalt der Meeresökosysteme zu leisten.
#Text=
20-1	2262-2265	Die	_	
20-2	2266-2281	Bundesregierung	NN	
20-3	2282-2287	hofft	VVFIN	
20-4	2287-2288	,	_	
20-5	2289-2294	damit	_	
20-6	2295-2300	einen	_	
20-7	2301-2310	wichtigen	ADJA	
20-8	2311-2318	Schritt	NN	
20-9	2319-2321	im	_	
20-10	2322-2330	globalen	ADJA	
20-11	2331-2336	Kampf	NN	
20-12	2337-2342	gegen	_	
20-13	2343-2354	Plastikmüll	NN	
20-14	2355-2358	und	_	
20-15	2359-2362	für	_	
20-16	2363-2366	den	_	
20-17	2367-2373	Erhalt	NN	
20-18	2374-2377	der	_	
20-19	2378-2394	Meeresökosysteme	NN	
20-20	2395-2397	zu	_	
20-21	2398-2405	leisten	VVINF	
20-22	2405-2406	.	_	
20-23	2406-2407	
	_	

#Text=Das umfassende Verbot von Plastiktüten und die Reduzierung von Einwegverpackungen für Obst und Gemüse sind entscheidende Maßnahmen, um die Verschmutzung der Meere zu reduzieren und den Verbrauchern nachhaltigere Alternativen zu bieten.
#Text=
21-1	2407-2410	Das	_	
21-2	2411-2421	umfassende	ADJA	
21-3	2422-2428	Verbot	NN	
21-4	2429-2432	von	_	
21-5	2433-2445	Plastiktüten	NN	
21-6	2446-2449	und	_	
21-7	2450-2453	die	_	
21-8	2454-2465	Reduzierung	NN	
21-9	2466-2469	von	_	
21-10	2470-2488	Einwegverpackungen	NN	
21-11	2489-2492	für	_	
21-12	2493-2497	Obst	NN	
21-13	2498-2501	und	_	
21-14	2502-2508	Gemüse	NN	
21-15	2509-2513	sind	_	
21-16	2514-2527	entscheidende	ADJA	
21-17	2528-2537	Maßnahmen	NN	
21-18	2537-2538	,	_	
21-19	2539-2541	um	_	
21-20	2542-2545	die	_	
21-21	2546-2559	Verschmutzung	NN	
21-22	2560-2563	der	_	
21-23	2564-2569	Meere	NN	
21-24	2570-2572	zu	_	
21-25	2573-2583	reduzieren	VVINF	
21-26	2584-2587	und	_	
21-27	2588-2591	den	_	
21-28	2592-2604	Verbrauchern	NN	
21-29	2605-2618	nachhaltigere	ADJA	
21-30	2619-2631	Alternativen	NN	
21-31	2632-2634	zu	_	
21-32	2635-2641	bieten	VVINF	
21-33	2641-2642	.	_	
21-34	2642-2643	
	_	

#Text=Jeder Beitrag zählt, um unsere Ozeane und die Natur zu schützen.
#Text=
22-1	2643-2648	Jeder	_	
22-2	2649-2656	Beitrag	NN	
22-3	2657-2662	zählt	VVFIN	
22-4	2662-2663	,	_	
22-5	2664-2666	um	_	
22-6	2667-2673	unsere	_	
22-7	2674-2680	Ozeane	NN	
22-8	2681-2684	und	_	
22-9	2685-2688	die	_	
22-10	2689-2694	Natur	NN	
22-11	2695-2697	zu	_	
22-12	2698-2706	schützen	VVINF	
22-13	2706-2707	.	_	
22-14	2707-2708	
	_	
