#FORMAT=WebAnno TSV 3.3
#T_SP=webanno.custom.Metaphors|Conventionality|Metaphern
#T_SP=webanno.custom.POS|pos_tag
#T_RL=webanno.custom.UnitofAnalysis|bidirectionalrelation|BT_webanno.custom.Metaphors


#Text=Sara Netanjahu, die Frau des israelischen Premierministers Benjamin Netanjahu, hat sich in einem Fall von Korruption schuldig bekannt.
#Text=
1-1	0-4	Sara	_	_	_	_	_	
1-2	5-14	Netanjahu	_	_	_	_	_	
1-3	14-15	,	_	_	_	_	_	
1-4	16-19	die	_	_	_	_	_	
1-5	20-24	Frau	O	O	NN	_	_	
1-6	25-28	des	_	_	_	_	_	
1-7	29-41	israelischen	O	O	ADJA	_	_	
1-8	42-58	Premierministers	O	O	NN	_	_	
1-9	59-67	Benjamin	_	_	_	_	_	
1-10	68-77	Netanjahu	_	_	_	_	_	
1-11	77-78	,	_	_	_	_	_	
1-12	79-82	hat	_	_	_	_	_	
1-13	83-87	sich	_	_	_	_	_	
1-14	88-90	in	_	_	_	_	_	
1-15	91-96	einem	_	_	_	_	_	
1-16	97-101	Fall	O	O	NN	_	_	
1-17	102-105	von	_	_	_	_	_	
1-18	106-116	Korruption	O	O	NN	_	_	
1-19	117-125	schuldig	O	O	ADJD	_	_	
1-20	126-133	bekannt	O	O	VVPP	_	_	
1-21	133-134	.	_	_	_	_	_	
1-22	134-135	
	_	_	_	_	_	

#Text=Dabei geht es um den Vorwurf, dass sie Luxusessen auf Staatskosten bestellt hat.
#Text=
2-1	135-140	Dabei	_	_	_	_	_	
2-2	141-145	geht	O	O	VVFIN	_	_	
2-3	146-148	es	_	_	_	_	_	
2-4	149-151	um	_	_	_	_	_	
2-5	152-155	den	_	_	_	_	_	
2-6	156-163	Vorwurf	O	O	NN	_	_	
2-7	163-164	,	_	_	_	_	_	
2-8	165-169	dass	_	_	_	_	_	
2-9	170-173	sie	_	_	_	_	_	
2-10	174-184	Luxusessen	_	_	NN	_	_	
2-10.1	174-179	Luxus	O	O	_	_	_	
2-10.2	179-184	essen	O	O	_	_	_	
2-11	185-188	auf	_	_	_	_	_	
2-12	189-201	Staatskosten	O	O	NN	_	_	
2-13	202-210	bestellt	O	O	VVPP	_	_	
2-14	211-214	hat	_	_	_	_	_	
2-15	214-215	.	_	_	_	_	_	
2-16	215-216	
	_	_	_	_	_	

#Text=Der Prozess wurde eingestellt, jedoch muss sie eine Geldstrafe zahlen und ihre Schuld eingestehen.
#Text=
3-1	216-219	Der	_	_	_	_	_	
3-2	220-227	Prozess	O	O	NN	_	_	
3-3	228-233	wurde	_	_	_	_	_	
3-4	234-245	eingestellt	O	O	VVPP	_	_	
3-5	245-246	,	_	_	_	_	_	
3-6	247-253	jedoch	_	_	_	_	_	
3-7	254-258	muss	_	_	_	_	_	
3-8	259-262	sie	_	_	_	_	_	
3-9	263-267	eine	_	_	_	_	_	
3-10	268-278	Geldstrafe	O	O	NN	_	_	
3-11	279-285	zahlen	O	O	VVINF	_	_	
3-12	286-289	und	_	_	_	_	_	
3-13	290-294	ihre	_	_	_	_	_	
3-14	295-301	Schuld	O	O	NN	_	_	
3-15	302-313	eingestehen	O	O	VVINF	_	_	
3-16	313-314	.	_	_	_	_	_	
3-17	314-315	
	_	_	_	_	_	

#Text=Nach langen Ermittlungen und einem langwierigen Prozess hat Sara Netanjahu endlich ihre Schuld eingestanden.
#Text=
4-1	315-319	Nach	_	_	_	_	_	
4-2	320-326	langen	KON	MRW	ADJA	_	_	
4-3	327-339	Ermittlungen	O	O	NN	_	_	
4-4	340-343	und	_	_	_	_	_	
4-5	344-349	einem	_	_	_	_	_	
4-6	350-362	langwierigen	O	O	ADJA	_	_	
4-7	363-370	Prozess	O	O	NN	_	_	
4-8	371-374	hat	_	_	_	_	_	
4-9	375-379	Sara	_	_	_	_	_	
4-10	380-389	Netanjahu	_	_	_	_	_	
4-11	390-397	endlich	_	_	_	_	_	
4-12	398-402	ihre	_	_	_	_	_	
4-13	403-409	Schuld	O	O	NN	_	_	
4-14	410-422	eingestanden	O	O	VVPP	_	_	
4-15	422-423	.	_	_	_	_	_	
4-16	423-424	
	_	_	_	_	_	

#Text=Die Anklage gegen sie lautete auf Betrug und Veruntreuung von Staatsgeldern.
#Text=
5-1	424-427	Die	_	_	_	_	_	
5-2	428-435	Anklage	O	O	NN	_	_	
5-3	436-441	gegen	_	_	_	_	_	
5-4	442-445	sie	_	_	_	_	_	
5-5	446-453	lautete	O	O	VVFIN	_	_	
5-6	454-457	auf	_	_	_	_	_	
5-7	458-464	Betrug	O	O	NN	_	_	
5-8	465-468	und	_	_	_	_	_	
5-9	469-481	Veruntreuung	O	O	NN	_	_	
5-10	482-485	von	_	_	_	_	_	
5-11	486-499	Staatsgeldern	O	O	NN	_	_	
5-12	499-500	.	_	_	_	_	_	
5-13	500-501	
	_	_	_	_	_	

#Text=Es wurde festgestellt, dass sie über einen längeren Zeitraum hinweg teure Essen für sich und ihre Familie auf Kosten des Staates bestellt hatte.
#Text=
6-1	501-503	Es	_	_	_	_	_	
6-2	504-509	wurde	_	_	_	_	_	
6-3	510-522	festgestellt	O	O	VVPP	_	_	
6-4	522-523	,	_	_	_	_	_	
6-5	524-528	dass	_	_	_	_	_	
6-6	529-532	sie	_	_	_	_	_	
6-7	533-537	über	_	_	_	_	_	
6-8	538-543	einen	_	_	_	_	_	
6-9	544-552	längeren	KON	MRW	ADJA	_	_	
6-10	553-561	Zeitraum	O	O	NN	_	_	
6-11	562-568	hinweg	_	_	_	_	_	
6-12	569-574	teure	O	O	ADJA	_	_	
6-13	575-580	Essen	O	O	NN	_	_	
6-14	581-584	für	_	_	_	_	_	
6-15	585-589	sich	_	_	_	_	_	
6-16	590-593	und	_	_	_	_	_	
6-17	594-598	ihre	_	_	_	_	_	
6-18	599-606	Familie	O	O	NN	_	_	
6-19	607-610	auf	_	_	_	_	_	
6-20	611-617	Kosten	O	O	NN	_	_	
6-21	618-621	des	_	_	_	_	_	
6-22	622-629	Staates	O	O	NN	_	_	
6-23	630-638	bestellt	O	O	VVPP	_	_	
6-24	639-644	hatte	_	_	_	_	_	
6-25	644-645	.	_	_	_	_	_	
6-26	645-646	
	_	_	_	_	_	

#Text=Darunter fielen auch extravagante Menüs von renommierten Spitzenköchen, die in ihrem Haus serviert wurden.
#Text=
7-1	646-654	Darunter	_	_	_	_	_	
7-2	655-661	fielen	KON	MRW	VVFIN	_	_	
7-3	662-666	auch	_	_	_	_	_	
7-4	667-679	extravagante	O	O	ADJA	_	_	
7-5	680-685	Menüs	O	O	NN	_	_	
7-6	686-689	von	_	_	_	_	_	
7-7	690-702	renommierten	O	O	ADJA	_	_	
7-8	703-716	Spitzenköchen	O	O	NN	_	_	
7-9	716-717	,	_	_	_	_	_	
7-10	718-721	die	_	_	_	_	_	
7-11	722-724	in	_	_	_	_	_	
7-12	725-730	ihrem	_	_	_	_	_	
7-13	731-735	Haus	O	O	NN	_	_	
7-14	736-744	serviert	O	O	VVPP	_	_	
7-15	745-751	wurden	_	_	_	_	_	
7-16	751-752	.	_	_	_	_	_	
7-17	752-753	
	_	_	_	_	_	

#Text=Die Anklage stützte sich auf umfangreiche Beweise, darunter auch E-Mails und Rechnungen, die belegten, dass die Bestellungen von Sara Netanjahu persönlich autorisiert wurden.
#Text=
8-1	753-756	Die	_	_	_	_	_	
8-2	757-764	Anklage	O	O	NN	_	_	
8-3	765-772	stützte	O	PERS	VVFIN	_	_	
8-4	773-777	sich	_	_	_	_	_	
8-5	778-781	auf	_	_	_	_	_	
8-6	782-794	umfangreiche	O	O	ADJA	_	_	
8-7	795-802	Beweise	O	O	NN	_	_	
8-8	802-803	,	_	_	_	_	_	
8-9	804-812	darunter	_	_	_	_	_	
8-10	813-817	auch	_	_	_	_	_	
8-11	818-825	E-Mails	O	O	NN	_	_	
8-12	826-829	und	_	_	_	_	_	
8-13	830-840	Rechnungen	O	O	NN	_	_	
8-14	840-841	,	_	_	_	_	_	
8-15	842-845	die	_	_	_	_	_	
8-16	846-854	belegten	O	O	VVFIN	_	_	
8-17	854-855	,	_	_	_	_	_	
8-18	856-860	dass	_	_	_	_	_	
8-19	861-864	die	_	_	_	_	_	
8-20	865-877	Bestellungen	O	O	NN	_	_	
8-21	878-881	von	_	_	_	_	_	
8-22	882-886	Sara	_	_	_	_	_	
8-23	887-896	Netanjahu	_	_	_	_	_	
8-24	897-907	persönlich	O	O	ADJD	_	_	
8-25	908-919	autorisiert	O	O	VVPP	_	_	
8-26	920-926	wurden	_	_	_	_	_	
8-27	926-927	.	_	_	_	_	_	
8-28	927-928	
	_	_	_	_	_	

#Text=Trotz anfänglicher Leugnungen und der Behauptung, dass alles im Rahmen der staatlichen Vorschriften sei, konnte sie letztendlich nicht mehr leugnen und gab ihre Schuld zu.
#Text=
9-1	928-933	Trotz	_	_	_	_	_	
9-2	934-946	anfänglicher	O	O	ADJA	_	_	
9-3	947-957	Leugnungen	O	O	NN	_	_	
9-4	958-961	und	_	_	_	_	_	
9-5	962-965	der	_	_	_	_	_	
9-6	966-976	Behauptung	O	O	NN	_	_	
9-7	976-977	,	_	_	_	_	_	
9-8	978-982	dass	_	_	_	_	_	
9-9	983-988	alles	_	_	_	_	_	
9-10	989-991	im	_	_	_	_	_	
9-11	992-998	Rahmen	KON	MRW	NN	_	_	
9-12	999-1002	der	_	_	_	_	_	
9-13	1003-1014	staatlichen	O	O	ADJA	_	_	
9-14	1015-1027	Vorschriften	O	O	NN	_	_	
9-15	1028-1031	sei	_	_	_	_	_	
9-16	1031-1032	,	_	_	_	_	_	
9-17	1033-1039	konnte	_	_	_	_	_	
9-18	1040-1043	sie	_	_	_	_	_	
9-19	1044-1056	letztendlich	_	_	_	_	_	
9-20	1057-1062	nicht	_	_	_	_	_	
9-21	1063-1067	mehr	_	_	_	_	_	
9-22	1068-1075	leugnen	O	O	VVINF	_	_	
9-23	1076-1079	und	_	_	_	_	_	
9-24	1080-1083	gab	O	O	VVFIN	_	_	
9-25	1084-1088	ihre	_	_	_	_	_	
9-26	1089-1095	Schuld	O	O	NN	_	_	
9-27	1096-1098	zu	O	O	PTKVZ	belong together	9-24	
9-28	1098-1099	.	_	_	_	_	_	
9-29	1099-1100	
	_	_	_	_	_	

#Text=Im Zuge des Schuldeingeständnisses wurde der Prozess gegen Sara Netanjahu eingestellt.
#Text=
10-1	1100-1102	Im	_	_	_	_	_	
10-2	1103-1107	Zuge	KON	MRW	NN	_	_	
10-3	1108-1111	des	_	_	_	_	_	
10-4	1112-1134	Schuldeingeständnisses	O	O	NN	_	_	
10-5	1135-1140	wurde	_	_	_	_	_	
10-6	1141-1144	der	_	_	_	_	_	
10-7	1145-1152	Prozess	O	O	NN	_	_	
10-8	1153-1158	gegen	_	_	_	_	_	
10-9	1159-1163	Sara	_	_	_	_	_	
10-10	1164-1173	Netanjahu	_	_	_	_	_	
10-11	1174-1185	eingestellt	O	O	VVPP	_	_	
10-12	1185-1186	.	_	_	_	_	_	
10-13	1186-1187	
	_	_	_	_	_	

#Text=Sie muss nun eine Geldstrafe in Höhe von 10.000 Euro zahlen und zudem eine öffentliche Erklärung mit ihrem Schuldeingeständnis abgeben.
#Text=
11-1	1187-1190	Sie	_	_	_	_	_	
11-2	1191-1195	muss	_	_	_	_	_	
11-3	1196-1199	nun	_	_	_	_	_	
11-4	1200-1204	eine	_	_	_	_	_	
11-5	1205-1215	Geldstrafe	O	O	NN	_	_	
11-6	1216-1218	in	_	_	_	_	_	
11-7	1219-1223	Höhe	KON	MRW	NN	_	_	
11-8	1224-1227	von	_	_	_	_	_	
11-9	1228-1234	10.000	_	_	_	_	_	
11-10	1235-1239	Euro	O	O	NN	_	_	
11-11	1240-1246	zahlen	O	O	VVINF	_	_	
11-12	1247-1250	und	_	_	_	_	_	
11-13	1251-1256	zudem	_	_	_	_	_	
11-14	1257-1261	eine	_	_	_	_	_	
11-15	1262-1273	öffentliche	O	O	ADJA	_	_	
11-16	1274-1283	Erklärung	O	O	NN	_	_	
11-17	1284-1287	mit	_	_	_	_	_	
11-18	1288-1293	ihrem	_	_	_	_	_	
11-19	1294-1313	Schuldeingeständnis	O	O	NN	_	_	
11-20	1314-1321	abgeben	KON	MRW	VVINF	_	_	
11-21	1321-1322	.	_	_	_	_	_	
11-22	1322-1323	
	_	_	_	_	_	

#Text=Dies ist ein ungewöhnlicher Schritt in einem Land, in dem Korruptionsfälle oft mit langen Gefängnisstrafen geahndet werden.
#Text=
12-1	1323-1327	Dies	_	_	_	_	_	
12-2	1328-1331	ist	_	_	_	_	_	
12-3	1332-1335	ein	_	_	_	_	_	
12-4	1336-1350	ungewöhnlicher	O	O	ADJA	_	_	
12-5	1351-1358	Schritt	KON	MRW	NN	_	_	
12-6	1359-1361	in	_	_	_	_	_	
12-7	1362-1367	einem	_	_	_	_	_	
12-8	1368-1372	Land	O	O	NN	_	_	
12-9	1372-1373	,	_	_	_	_	_	
12-10	1374-1376	in	_	_	_	_	_	
12-11	1377-1380	dem	_	_	_	_	_	
12-12	1381-1397	Korruptionsfälle	O	O	NN	_	_	
12-13	1398-1401	oft	_	_	_	_	_	
12-14	1402-1405	mit	_	_	_	_	_	
12-15	1406-1412	langen	KON	MRW	ADJA	_	_	
12-16	1413-1429	Gefängnisstrafen	O	O	NN	_	_	
12-17	1430-1438	geahndet	O	O	VVPP	_	_	
12-18	1439-1445	werden	_	_	_	_	_	
12-19	1445-1446	.	_	_	_	_	_	
12-20	1446-1447	
	_	_	_	_	_	

#Text=Für viele Beobachter stellt diese Entscheidung ein ungewöhnliches Ende eines langwierigen und öffentlichkeitswirksamen Prozesses dar.
#Text=
13-1	1447-1450	Für	_	_	_	_	_	
13-2	1451-1456	viele	_	_	_	_	_	
13-3	1457-1467	Beobachter	O	O	NN	_	_	
13-4	1468-1474	stellt	O	O	VVFIN	_	_	
13-5	1475-1480	diese	_	_	_	_	_	
13-6	1481-1493	Entscheidung	O	O	NN	_	_	
13-7	1494-1497	ein	_	_	_	_	_	
13-8	1498-1512	ungewöhnliches	O	O	ADJA	_	_	
13-9	1513-1517	Ende	KON	MRW	NN	_	_	
13-10	1518-1523	eines	_	_	_	_	_	
13-11	1524-1536	langwierigen	O	O	ADJA	_	_	
13-12	1537-1540	und	_	_	_	_	_	
13-13	1541-1565	öffentlichkeitswirksamen	O	O	ADJA	_	_	
13-14	1566-1575	Prozesses	O	O	NN	_	_	
13-15	1576-1579	dar	O	O	PTKVZ	belong together	13-4	
13-16	1579-1580	.	_	_	_	_	_	
13-17	1580-1581	
	_	_	_	_	_	

#Text=Sara Netanjahu war in den vergangenen Jahren immer wieder wegen unterschiedlicher Korruptionsvorwürfe im Visier der Ermittler.
#Text=
14-1	1581-1585	Sara	_	_	_	_	_	
14-2	1586-1595	Netanjahu	_	_	_	_	_	
14-3	1596-1599	war	_	_	_	_	_	
14-4	1600-1602	in	_	_	_	_	_	
14-5	1603-1606	den	_	_	_	_	_	
14-6	1607-1618	vergangenen	O	O	ADJA	_	_	
14-7	1619-1625	Jahren	O	O	NN	_	_	
14-8	1626-1631	immer	_	_	_	_	_	
14-9	1632-1638	wieder	_	_	_	_	_	
14-10	1639-1644	wegen	_	_	_	_	_	
14-11	1645-1662	unterschiedlicher	O	O	ADJA	_	_	
14-12	1663-1682	Korruptionsvorwürfe	O	O	NN	_	_	
14-13	1683-1685	im	_	_	_	_	_	
14-14	1686-1692	Visier	KON	MRW	NN	_	_	
14-15	1693-1696	der	_	_	_	_	_	
14-16	1697-1706	Ermittler	O	O	NN	_	_	
14-17	1706-1707	.	_	_	_	_	_	
14-18	1707-1708	
	_	_	_	_	_	

#Text=So wurde beispielsweise auch gegen sie und ihren Ehemann Benjamin Netanjahu wegen des Verdachts auf Vorteilsnahme ermittelt.
#Text=
15-1	1708-1710	So	_	_	_	_	_	
15-2	1711-1716	wurde	_	_	_	_	_	
15-3	1717-1731	beispielsweise	_	_	_	_	_	
15-4	1732-1736	auch	_	_	_	_	_	
15-5	1737-1742	gegen	_	_	_	_	_	
15-6	1743-1746	sie	_	_	_	_	_	
15-7	1747-1750	und	_	_	_	_	_	
15-8	1751-1756	ihren	_	_	_	_	_	
15-9	1757-1764	Ehemann	O	O	NN	_	_	
15-10	1765-1773	Benjamin	_	_	_	_	_	
15-11	1774-1783	Netanjahu	_	_	_	_	_	
15-12	1784-1789	wegen	_	_	_	_	_	
15-13	1790-1793	des	_	_	_	_	_	
15-14	1794-1803	Verdachts	O	O	NN	_	_	
15-15	1804-1807	auf	_	_	_	_	_	
15-16	1808-1821	Vorteilsnahme	O	O	NN	_	_	
15-17	1822-1831	ermittelt	O	O	VVPP	_	_	
15-18	1831-1832	.	_	_	_	_	_	
15-19	1832-1833	
	_	_	_	_	_	

#Text=Der Fall Sara Netanjahu wirft erneut ein Schlaglicht auf die Korruptionsprobleme innerhalb der politischen Elite Israels.
#Text=
16-1	1833-1836	Der	_	_	_	_	_	
16-2	1837-1841	Fall	O	O	NN	_	_	
16-3	1842-1846	Sara	_	_	_	_	_	
16-4	1847-1856	Netanjahu	_	_	_	_	_	
16-5	1857-1862	wirft	O	KOMPL	VVFIN	_	_	
16-6	1863-1869	erneut	O	O	ADJD	_	_	
16-7	1870-1873	ein	_	_	_	_	_	
16-8	1874-1885	Schlaglicht	O	KOMPL	NN	belong together	16-5	
16-9	1886-1889	auf	_	_	_	_	_	
16-10	1890-1893	die	_	_	_	_	_	
16-11	1894-1913	Korruptionsprobleme	_	_	NN	_	_	
16-11.1	1894-1905	Korruptions	O	O	_	_	_	
16-11.2	1905-1913	probleme	O	O	_	_	_	
16-12	1914-1923	innerhalb	_	_	_	_	_	
16-13	1924-1927	der	_	_	_	_	_	
16-14	1928-1939	politischen	O	O	ADJA	_	_	
16-15	1940-1945	Elite	O	O	NN	_	_	
16-16	1946-1953	Israels	_	_	_	_	_	
16-17	1953-1954	.	_	_	_	_	_	
16-18	1954-1955	
	_	_	_	_	_	

#Text=Viele Bürgerinnen und Bürger sind zunehmend frustriert über die häufigen Korruptionsfälle und fordern eine härtere Bestrafung der Täter.
#Text=
17-1	1955-1960	Viele	_	_	_	_	_	
17-2	1961-1972	Bürgerinnen	O	O	NN	_	_	
17-3	1973-1976	und	_	_	_	_	_	
17-4	1977-1983	Bürger	O	O	NN	_	_	
17-5	1984-1988	sind	_	_	_	_	_	
17-6	1989-1998	zunehmend	O	O	ADJD	_	_	
17-7	1999-2009	frustriert	O	O	ADJD	_	_	
17-8	2010-2014	über	_	_	_	_	_	
17-9	2015-2018	die	_	_	_	_	_	
17-10	2019-2027	häufigen	O	O	ADJA	_	_	
17-11	2028-2044	Korruptionsfälle	O	O	NN	_	_	
17-12	2045-2048	und	_	_	_	_	_	
17-13	2049-2056	fordern	O	O	VVFIN	_	_	
17-14	2057-2061	eine	_	_	_	_	_	
17-15	2062-2069	härtere	KON	MRW	ADJA	_	_	
17-16	2070-2080	Bestrafung	O	O	NN	_	_	
17-17	2081-2084	der	_	_	_	_	_	
17-18	2085-2090	Täter	O	O	NN	_	_	
17-19	2090-2091	.	_	_	_	_	_	
17-20	2091-2092	
	_	_	_	_	_	

#Text=Die Entscheidung im Fall Netanjahu wird daher auch kontrovers diskutiert und wirft die Frage auf, ob die Strafe angemessen war.
#Text=
18-1	2092-2095	Die	_	_	_	_	_	
18-2	2096-2108	Entscheidung	O	O	NN	_	_	
18-3	2109-2111	im	_	_	_	_	_	
18-4	2112-2116	Fall	O	O	NN	_	_	
18-5	2117-2126	Netanjahu	_	_	_	_	_	
18-6	2127-2131	wird	_	_	_	_	_	
18-7	2132-2137	daher	_	_	_	_	_	
18-8	2138-2142	auch	_	_	_	_	_	
18-9	2143-2153	kontrovers	O	O	ADJD	_	_	
18-10	2154-2164	diskutiert	O	O	VVPP	_	_	
18-11	2165-2168	und	_	_	_	_	_	
18-12	2169-2174	wirft	KON	MRW	VVFIN	_	_	
18-13	2175-2178	die	_	_	_	_	_	
18-14	2179-2184	Frage	O	O	NN	_	_	
18-15	2185-2188	auf	KON	MRW	PTKVZ	belong together	18-12	
18-16	2188-2189	,	_	_	_	_	_	
18-17	2190-2192	ob	_	_	_	_	_	
18-18	2193-2196	die	_	_	_	_	_	
18-19	2197-2203	Strafe	O	O	NN	_	_	
18-20	2204-2214	angemessen	O	O	ADJD	_	_	
18-21	2215-2218	war	_	_	_	_	_	
18-22	2218-2219	.	_	_	_	_	_	
18-23	2219-2220	
	_	_	_	_	_	

#Text=Insgesamt zeigt der Fall Sara Netanjahu, dass selbst die einflussreichsten Personen nicht über dem Gesetz stehen.
#Text=
19-1	2220-2229	Insgesamt	_	_	_	_	_	
19-2	2230-2235	zeigt	O	PERS	VVFIN	_	_	
19-3	2236-2239	der	_	_	_	_	_	
19-4	2240-2244	Fall	O	O	NN	_	_	
19-5	2245-2249	Sara	_	_	_	_	_	
19-6	2250-2259	Netanjahu	_	_	_	_	_	
19-7	2259-2260	,	_	_	_	_	_	
19-8	2261-2265	dass	_	_	_	_	_	
19-9	2266-2272	selbst	_	_	_	_	_	
19-10	2273-2276	die	_	_	_	_	_	
19-11	2277-2294	einflussreichsten	O	O	ADJA	_	_	
19-12	2295-2303	Personen	O	O	NN	_	_	
19-13	2304-2309	nicht	_	_	_	_	_	
19-14	2310-2314	über	_	_	_	_	_	
19-15	2315-2318	dem	_	_	_	_	_	
19-16	2319-2325	Gesetz	O	O	NN	_	_	
19-17	2326-2332	stehen	KON	MRW	VVFIN	_	_	
19-18	2332-2333	.	_	_	_	_	_	
19-19	2333-2334	
	_	_	_	_	_	

#Text=Trotz ihrer prominenten Stellung musste sie letztendlich für ihre Taten geradestehen und eine Strafe akzeptieren.
#Text=
20-1	2334-2339	Trotz	_	_	_	_	_	
20-2	2340-2345	ihrer	_	_	_	_	_	
20-3	2346-2357	prominenten	O	O	ADJA	_	_	
20-4	2358-2366	Stellung	KON	MRW	NN	_	_	
20-5	2367-2373	musste	_	_	_	_	_	
20-6	2374-2377	sie	_	_	_	_	_	
20-7	2378-2390	letztendlich	_	_	_	_	_	
20-8	2391-2394	für	_	_	_	_	_	
20-9	2395-2399	ihre	_	_	_	_	_	
20-10	2400-2405	Taten	O	O	NN	_	_	
20-11	2406-2418	geradestehen	O	O	VVINF	_	_	
20-12	2419-2422	und	_	_	_	_	_	
20-13	2423-2427	eine	_	_	_	_	_	
20-14	2428-2434	Strafe	O	O	NN	_	_	
20-15	2435-2446	akzeptieren	O	O	VVINF	_	_	
20-16	2446-2447	.	_	_	_	_	_	
20-17	2447-2448	
	_	_	_	_	_	

#Text=Es bleibt abzuwarten, ob diese Entscheidung auch abschreckende Wirkung auf andere politische Amtsträger haben wird und zu einem bewussteren Umgang mit öffentlichen Geldern führen wird.
#Text=
21-1	2448-2450	Es	_	_	_	_	_	
21-2	2451-2457	bleibt	O	O	VVFIN	_	_	
21-3	2458-2468	abzuwarten	O	O	VVIZU	_	_	
21-4	2468-2469	,	_	_	_	_	_	
21-5	2470-2472	ob	_	_	_	_	_	
21-6	2473-2478	diese	_	_	_	_	_	
21-7	2479-2491	Entscheidung	O	O	NN	_	_	
21-8	2492-2496	auch	_	_	_	_	_	
21-9	2497-2510	abschreckende	O	O	ADJA	_	_	
21-10	2511-2518	Wirkung	O	O	NN	_	_	
21-11	2519-2522	auf	_	_	_	_	_	
21-12	2523-2529	andere	O	O	ADJA	_	_	
21-13	2530-2540	politische	O	O	ADJA	_	_	
21-14	2541-2551	Amtsträger	O	O	NN	_	_	
21-15	2552-2557	haben	_	_	_	_	_	
21-16	2558-2562	wird	_	_	_	_	_	
21-17	2563-2566	und	_	_	_	_	_	
21-18	2567-2569	zu	_	_	_	_	_	
21-19	2570-2575	einem	_	_	_	_	_	
21-20	2576-2587	bewussteren	O	O	ADJA	_	_	
21-21	2588-2594	Umgang	O	O	NN	_	_	
21-22	2595-2598	mit	_	_	_	_	_	
21-23	2599-2611	öffentlichen	O	O	ADJA	_	_	
21-24	2612-2619	Geldern	O	O	NN	_	_	
21-25	2620-2626	führen	O	PERS	VVINF	_	_	
21-26	2627-2631	wird	_	_	_	_	_	
21-27	2631-2632	.	_	_	_	_	_	
21-28	2632-2633	
	_	_	_	_	_	
