#FORMAT=WebAnno TSV 3.3
#T_SP=webanno.custom.Metaphors|Conventionality|Metaphern
#T_SP=webanno.custom.POS|pos_tag
#T_RL=webanno.custom.UnitofAnalysis|bidirectionalrelation|BT_webanno.custom.Metaphors


#Text=Bundesgesundheitsminister Jens Spahn hat angekündigt, sogenannte Konversionstherapien zur "Heilung" von Homosexualität gesetzlich verbieten zu lassen.
#Text=
1-1	0-25	Bundesgesundheitsminister	O	O	NN	_	_	
1-2	26-30	Jens	_	_	_	_	_	
1-3	31-36	Spahn	_	_	_	_	_	
1-4	37-40	hat	_	_	_	_	_	
1-5	41-52	angekündigt	O	O	VVPP	_	_	
1-6	52-53	,	_	_	_	_	_	
1-7	54-64	sogenannte	O	O	ADJA	_	_	
1-8	65-85	Konversionstherapien	O	O	NN	_	_	
1-9	86-89	zur	_	_	_	_	_	
1-10	90-91	"	_	_	_	_	_	
1-11	91-98	Heilung	O	O	NN	_	_	
1-12	98-99	"	_	_	_	_	_	
1-13	100-103	von	_	_	_	_	_	
1-14	104-118	Homosexualität	O	O	NN	_	_	
1-15	119-129	gesetzlich	O	O	ADJD	_	_	
1-16	130-139	verbieten	O	O	VVINF	_	_	
1-17	140-142	zu	_	_	_	_	_	
1-18	143-149	lassen	O	O	VVINF	_	_	
1-19	149-150	.	_	_	_	_	_	
1-20	150-151	
	_	_	_	_	_	

#Text=Zwei Gutachten, die im Auftrag des Ministeriums erstellt wurden, stützen den Vorstoß und verdeutlichen die schweren psychischen Folgen, die diese umstrittenen Methoden bei Betroffenen hervorrufen können.
#Text=
2-1	151-155	Zwei	_	_	_	_	_	
2-2	156-165	Gutachten	O	O	NN	_	_	
2-3	165-166	,	_	_	_	_	_	
2-4	167-170	die	_	_	_	_	_	
2-5	171-173	im	_	_	_	_	_	
2-6	174-181	Auftrag	O	O	NN	_	_	
2-7	182-185	des	_	_	_	_	_	
2-8	186-198	Ministeriums	O	O	NN	_	_	
2-9	199-207	erstellt	O	O	VVPP	_	_	
2-10	208-214	wurden	_	_	_	_	_	
2-11	214-215	,	_	_	_	_	_	
2-12	216-223	stützen	O	PERS	VVFIN	_	_	
2-13	224-227	den	_	_	_	_	_	
2-14	228-235	Vorstoß	KON	MRW	NN	_	_	
2-15	236-239	und	_	_	_	_	_	
2-16	240-253	verdeutlichen	O	PERS	VVFIN	_	_	
2-17	254-257	die	_	_	_	_	_	
2-18	258-266	schweren	KON	MRW	ADJA	_	_	
2-19	267-278	psychischen	O	O	ADJA	_	_	
2-20	279-285	Folgen	O	O	NN	_	_	
2-21	285-286	,	_	_	_	_	_	
2-22	287-290	die	_	_	_	_	_	
2-23	291-296	diese	_	_	_	_	_	
2-24	297-309	umstrittenen	O	O	ADJA	_	_	
2-25	310-318	Methoden	O	O	NN	_	_	
2-26	319-322	bei	_	_	_	_	_	
2-27	323-334	Betroffenen	O	O	NN	_	_	
2-28	335-346	hervorrufen	O	PERS	VVINF	_	_	
2-29	347-353	können	_	_	_	_	_	
2-30	353-354	.	_	_	_	_	_	
2-31	354-355	
	_	_	_	_	_	

#Text=Die Gutachten, verfasst von der Bundesstiftung Magnus Hirschfeld und der Deutschen Gesellschaft für Sexualforschung, befassen sich intensiv mit den sogenannten "Umpolungstherapien".
#Text=
3-1	355-358	Die	_	_	_	_	_	
3-2	359-368	Gutachten	O	O	NN	_	_	
3-3	368-369	,	_	_	_	_	_	
3-4	370-378	verfasst	O	O	VVPP	_	_	
3-5	379-382	von	_	_	_	_	_	
3-6	383-386	der	_	_	_	_	_	
3-7	387-401	Bundesstiftung	_	_	NN	_	_	
3-7.1	387-393	Bundes	O	O	_	_	_	
3-7.2	393-401	stiftung	O	O	_	_	_	
3-8	402-408	Magnus	_	_	_	_	_	
3-9	409-419	Hirschfeld	_	_	_	_	_	
3-10	420-423	und	_	_	_	_	_	
3-11	424-427	der	_	_	_	_	_	
3-12	428-437	Deutschen	O	O	ADJA	_	_	
3-13	438-450	Gesellschaft	O	O	NN	_	_	
3-14	451-454	für	_	_	_	_	_	
3-15	455-470	Sexualforschung	O	O	NN	_	_	
3-16	470-471	,	_	_	_	_	_	
3-17	472-480	befassen	O	PERS	VVFIN	_	_	
3-18	481-485	sich	_	_	_	_	_	
3-19	486-494	intensiv	O	O	ADJD	_	_	
3-20	495-498	mit	_	_	_	_	_	
3-21	499-502	den	_	_	_	_	_	
3-22	503-514	sogenannten	O	O	ADJA	_	_	
3-23	515-516	"	_	_	_	_	_	
3-24	516-534	Umpolungstherapien	_	_	NN	_	_	
3-24.1	516-525	Umpolungs	NKON	MRW	_	_	_	
3-24.2	525-534	therapien	O	O	_	_	_	
3-25	534-535	"	_	_	_	_	_	
3-26	535-536	.	_	_	_	_	_	
3-27	536-537	
	_	_	_	_	_	

#Text=Dabei handelt es sich um pseudowissenschaftliche Praktiken, die behaupten, Homosexualität sei eine Krankheit und könne durch spezielle Therapien "geheilt" werden.
#Text=
4-1	537-542	Dabei	_	_	_	_	_	
4-2	543-550	handelt	O	O	VVFIN	_	_	
4-3	551-553	es	_	_	_	_	_	
4-4	554-558	sich	_	_	_	_	_	
4-5	559-561	um	_	_	_	_	_	
4-6	562-585	pseudowissenschaftliche	O	O	ADJA	_	_	
4-7	586-595	Praktiken	O	O	NN	_	_	
4-8	595-596	,	_	_	_	_	_	
4-9	597-600	die	_	_	_	_	_	
4-10	601-610	behaupten	O	PERS	VVFIN	_	_	
4-11	610-611	,	_	_	_	_	_	
4-12	612-626	Homosexualität	O	O	NN	_	_	
4-13	627-630	sei	_	_	_	_	_	
4-14	631-635	eine	_	_	_	_	_	
4-15	636-645	Krankheit	O	O	NN	_	_	
4-16	646-649	und	_	_	_	_	_	
4-17	650-655	könne	_	_	_	_	_	
4-18	656-661	durch	_	_	_	_	_	
4-19	662-671	spezielle	O	O	ADJA	_	_	
4-20	672-681	Therapien	O	O	NN	_	_	
4-21	682-683	"	_	_	_	_	_	
4-22	683-690	geheilt	O	O	VVPP	_	_	
4-23	690-691	"	_	_	_	_	_	
4-24	692-698	werden	_	_	_	_	_	
4-25	698-699	.	_	_	_	_	_	
4-26	699-700	
	_	_	_	_	_	

#Text=Beide Studien kommen zu dem Ergebnis, dass es keine wissenschaftlichen Beweise für die Wirksamkeit solcher Methoden gibt und dass sie stattdessen erheblichen Schaden anrichten können.
#Text=
5-1	700-705	Beide	_	_	_	_	_	
5-2	706-713	Studien	O	O	NN	_	_	
5-3	714-720	kommen	O	PERS	VVFIN	_	_	
5-4	721-723	zu	_	_	_	_	_	
5-5	724-727	dem	_	_	_	_	_	
5-6	728-736	Ergebnis	O	O	NN	_	_	
5-7	736-737	,	_	_	_	_	_	
5-8	738-742	dass	_	_	_	_	_	
5-9	743-745	es	_	_	_	_	_	
5-10	746-751	keine	_	_	_	_	_	
5-11	752-770	wissenschaftlichen	O	O	ADJA	_	_	
5-12	771-778	Beweise	O	O	NN	_	_	
5-13	779-782	für	_	_	_	_	_	
5-14	783-786	die	_	_	_	_	_	
5-15	787-798	Wirksamkeit	O	O	NN	_	_	
5-16	799-806	solcher	_	_	_	_	_	
5-17	807-815	Methoden	O	O	NN	_	_	
5-18	816-820	gibt	O	O	VVFIN	_	_	
5-19	821-824	und	_	_	_	_	_	
5-20	825-829	dass	_	_	_	_	_	
5-21	830-833	sie	_	_	_	_	_	
5-22	834-845	stattdessen	_	_	_	_	_	
5-23	846-857	erheblichen	O	O	ADJA	_	_	
5-24	858-865	Schaden	KON	MRW	NN	_	_	
5-25	866-875	anrichten	O	PERS	VVINF	_	_	
5-26	876-882	können	_	_	_	_	_	
5-27	882-883	.	_	_	_	_	_	
5-28	883-884	
	_	_	_	_	_	

#Text=In den Berichten wird deutlich, dass viele Betroffene nach solchen "Therapien" unter schweren psychischen Belastungen wie Depressionen, Angstzuständen und sogar Selbstmordgedanken leiden.
#Text=
6-1	884-886	In	_	_	_	_	_	
6-2	887-890	den	_	_	_	_	_	
6-3	891-900	Berichten	O	O	NN	_	_	
6-4	901-905	wird	_	_	_	_	_	
6-5	906-914	deutlich	KON	MRW	ADJD	_	_	
6-6	914-915	,	_	_	_	_	_	
6-7	916-920	dass	_	_	_	_	_	
6-8	921-926	viele	_	_	_	_	_	
6-9	927-937	Betroffene	O	O	NN	_	_	
6-10	938-942	nach	_	_	_	_	_	
6-11	943-950	solchen	_	_	_	_	_	
6-12	951-952	"	_	_	_	_	_	
6-13	952-961	Therapien	O	O	NN	_	_	
6-14	961-962	"	_	_	_	_	_	
6-15	963-968	unter	_	_	_	_	_	
6-16	969-977	schweren	KON	MRW	ADJA	_	_	
6-17	978-989	psychischen	O	O	ADJA	_	_	
6-18	990-1001	Belastungen	KON	MRW	NN	_	_	
6-19	1002-1005	wie	_	_	_	_	_	
6-20	1006-1018	Depressionen	O	O	NN	_	_	
6-21	1018-1019	,	_	_	_	_	_	
6-22	1020-1034	Angstzuständen	O	O	NN	_	_	
6-23	1035-1038	und	_	_	_	_	_	
6-24	1039-1044	sogar	_	_	_	_	_	
6-25	1045-1063	Selbstmordgedanken	O	O	NN	_	_	
6-26	1064-1070	leiden	O	O	VVINF	_	_	
6-27	1070-1071	.	_	_	_	_	_	
6-28	1071-1072	
	_	_	_	_	_	

#Text=Einige Menschen berichten von traumatischen Erfahrungen, die sie innerhalb der Therapiesitzungen gemacht haben.
#Text=
7-1	1072-1078	Einige	_	_	_	_	_	
7-2	1079-1087	Menschen	O	O	NN	_	_	
7-3	1088-1097	berichten	O	O	VVFIN	_	_	
7-4	1098-1101	von	_	_	_	_	_	
7-5	1102-1115	traumatischen	KON	MRW	ADJA	_	_	
7-6	1116-1127	Erfahrungen	O	O	NN	_	_	
7-7	1127-1128	,	_	_	_	_	_	
7-8	1129-1132	die	_	_	_	_	_	
7-9	1133-1136	sie	_	_	_	_	_	
7-10	1137-1146	innerhalb	_	_	_	_	_	
7-11	1147-1150	der	_	_	_	_	_	
7-12	1151-1168	Therapiesitzungen	_	_	NN	_	_	
7-12.1	1151-1159	Therapie	O	O	_	_	_	
7-12.2	1159-1168	sitzungen	O	O	_	_	_	
7-13	1169-1176	gemacht	O	WIDLII	VVPP	_	_	
7-14	1177-1182	haben	_	_	_	_	_	
7-15	1182-1183	.	_	_	_	_	_	
7-16	1183-1184	
	_	_	_	_	_	

#Text=Besonders gefährdet sind Jugendliche, die oft unter dem Druck ihrer Familie oder religiösen Gemeinschaften an solchen "Therapien" teilnehmen.
#Text=
8-1	1184-1193	Besonders	_	_	_	_	_	
8-2	1194-1203	gefährdet	O	O	VVPP	_	_	
8-3	1204-1208	sind	_	_	_	_	_	
8-4	1209-1220	Jugendliche	O	O	NN	_	_	
8-5	1220-1221	,	_	_	_	_	_	
8-6	1222-1225	die	_	_	_	_	_	
8-7	1226-1229	oft	_	_	_	_	_	
8-8	1230-1235	unter	_	_	_	_	_	
8-9	1236-1239	dem	_	_	_	_	_	
8-10	1240-1245	Druck	KON	MRW	NN	_	_	
8-11	1246-1251	ihrer	_	_	_	_	_	
8-12	1252-1259	Familie	O	O	NN	_	_	
8-13	1260-1264	oder	_	_	_	_	_	
8-14	1265-1275	religiösen	O	O	ADJA	_	_	
8-15	1276-1290	Gemeinschaften	O	O	NN	_	_	
8-16	1291-1293	an	_	_	_	_	_	
8-17	1294-1301	solchen	_	_	_	_	_	
8-18	1302-1303	"	_	_	_	_	_	
8-19	1303-1312	Therapien	O	O	NN	_	_	
8-20	1312-1313	"	_	_	_	_	_	
8-21	1314-1324	teilnehmen	O	O	VVINF	_	_	
8-22	1324-1325	.	_	_	_	_	_	
8-23	1325-1326	
	_	_	_	_	_	

#Text=Spahn betonte die Dringlichkeit des Vorgehens: "Homosexualität ist keine Krankheit, und deshalb bedarf es keiner Therapie", sagte der Minister.
#Text=
9-1	1326-1331	Spahn	_	_	_	_	_	
9-2	1332-1339	betonte	KON	MRW	VVFIN	_	_	
9-3	1340-1343	die	_	_	_	_	_	
9-4	1344-1357	Dringlichkeit	O	O	NN	_	_	
9-5	1358-1361	des	_	_	_	_	_	
9-6	1362-1371	Vorgehens	O	O	NN	_	_	
9-7	1371-1372	:	_	_	_	_	_	
9-8	1373-1374	"	_	_	_	_	_	
9-9	1374-1388	Homosexualität	O	O	NN	_	_	
9-10	1389-1392	ist	_	_	_	_	_	
9-11	1393-1398	keine	_	_	_	_	_	
9-12	1399-1408	Krankheit	O	O	NN	_	_	
9-13	1408-1409	,	_	_	_	_	_	
9-14	1410-1413	und	_	_	_	_	_	
9-15	1414-1421	deshalb	_	_	_	_	_	
9-16	1422-1428	bedarf	O	O	VVFIN	_	_	
9-17	1429-1431	es	_	_	_	_	_	
9-18	1432-1438	keiner	_	_	_	_	_	
9-19	1439-1447	Therapie	O	O	NN	_	_	
9-20	1447-1448	"	_	_	_	_	_	
9-21	1448-1449	,	_	_	_	_	_	
9-22	1450-1455	sagte	O	O	VVFIN	_	_	
9-23	1456-1459	der	_	_	_	_	_	
9-24	1460-1468	Minister	O	O	NN	_	_	
9-25	1468-1469	.	_	_	_	_	_	
9-26	1469-1470	
	_	_	_	_	_	

#Text="Wir wollen, dass dieser Irrglaube endlich der Vergangenheit angehört."
#Text=
10-1	1470-1471	"	_	_	_	_	_	
10-2	1471-1474	Wir	_	_	_	_	_	
10-3	1475-1481	wollen	_	_	_	_	_	
10-4	1481-1482	,	_	_	_	_	_	
10-5	1483-1487	dass	_	_	_	_	_	
10-6	1488-1494	dieser	_	_	_	_	_	
10-7	1495-1504	Irrglaube	O	O	NN	_	_	
10-8	1505-1512	endlich	_	_	_	_	_	
10-9	1513-1516	der	_	_	_	_	_	
10-10	1517-1530	Vergangenheit	O	O	NN	_	_	
10-11	1531-1539	angehört	O	PERS	VVFIN	_	_	
10-12	1539-1540	.	_	_	_	_	_	
10-13	1540-1541	"	_	_	_	_	_	
10-14	1541-1542	
	_	_	_	_	_	

#Text=Der Gesundheitsminister kündigte an, dass er sich für ein Verbot einsetzen werde, um junge Menschen vor diesen schädlichen Praktiken zu schützen.
#Text=
11-1	1542-1545	Der	_	_	_	_	_	
11-2	1546-1565	Gesundheitsminister	O	O	NN	_	_	
11-3	1566-1574	kündigte	O	O	VVFIN	_	_	
11-4	1575-1577	an	O	O	PTKVZ	belong together	11-3	
11-5	1577-1578	,	_	_	_	_	_	
11-6	1579-1583	dass	_	_	_	_	_	
11-7	1584-1586	er	_	_	_	_	_	
11-8	1587-1591	sich	_	_	_	_	_	
11-9	1592-1595	für	_	_	_	_	_	
11-10	1596-1599	ein	_	_	_	_	_	
11-11	1600-1606	Verbot	O	O	NN	_	_	
11-12	1607-1616	einsetzen	O	O	VVINF	_	_	
11-13	1617-1622	werde	_	_	_	_	_	
11-14	1622-1623	,	_	_	_	_	_	
11-15	1624-1626	um	_	_	_	_	_	
11-16	1627-1632	junge	O	O	ADJA	_	_	
11-17	1633-1641	Menschen	O	O	NN	_	_	
11-18	1642-1645	vor	_	_	_	_	_	
11-19	1646-1652	diesen	_	_	_	_	_	
11-20	1653-1664	schädlichen	O	O	ADJA	_	_	
11-21	1665-1674	Praktiken	O	O	NN	_	_	
11-22	1675-1677	zu	_	_	_	_	_	
11-23	1678-1686	schützen	O	O	VVINF	_	_	
11-24	1686-1687	.	_	_	_	_	_	
11-25	1687-1688	
	_	_	_	_	_	

#Text=Der Vorstoß von Spahn erhält Unterstützung aus verschiedenen politischen Lagern und von Menschenrechtsorganisationen.
#Text=
12-1	1688-1691	Der	_	_	_	_	_	
12-2	1692-1699	Vorstoß	KON	MRW	NN	_	_	
12-3	1700-1703	von	_	_	_	_	_	
12-4	1704-1709	Spahn	_	_	_	_	_	
12-5	1710-1716	erhält	O	PERS	VVFIN	_	_	
12-6	1717-1730	Unterstützung	O	O	NN	_	_	
12-7	1731-1734	aus	_	_	_	_	_	
12-8	1735-1748	verschiedenen	O	O	ADJA	_	_	
12-9	1749-1760	politischen	O	O	ADJA	_	_	
12-10	1761-1767	Lagern	KON	MRW	NN	_	_	
12-11	1768-1771	und	_	_	_	_	_	
12-12	1772-1775	von	_	_	_	_	_	
12-13	1776-1804	Menschenrechtsorganisationen	O	O	NN	_	_	
12-14	1804-1805	.	_	_	_	_	_	
12-15	1805-1806	
	_	_	_	_	_	

#Text=Selbst innerhalb der konservativen CDU, der Spahn angehört, ist die Resonanz größtenteils positiv.
#Text=
13-1	1806-1812	Selbst	_	_	_	_	_	
13-2	1813-1822	innerhalb	_	_	_	_	_	
13-3	1823-1826	der	_	_	_	_	_	
13-4	1827-1840	konservativen	O	O	ADJA	_	_	
13-5	1841-1844	CDU	_	_	_	_	_	
13-6	1844-1845	,	_	_	_	_	_	
13-7	1846-1849	der	_	_	_	_	_	
13-8	1850-1855	Spahn	_	_	_	_	_	
13-9	1856-1864	angehört	O	O	VVFIN	_	_	
13-10	1864-1865	,	_	_	_	_	_	
13-11	1866-1869	ist	_	_	_	_	_	
13-12	1870-1873	die	_	_	_	_	_	
13-13	1874-1882	Resonanz	KON	MRW	NN	_	_	
13-14	1883-1895	größtenteils	_	_	_	_	_	
13-15	1896-1903	positiv	O	O	ADJD	_	_	
13-16	1903-1904	.	_	_	_	_	_	
13-17	1904-1905	
	_	_	_	_	_	

#Text=Kritische Stimmen kamen vor allem aus religiösen und traditionell-konservativen Kreisen, die ein solches Verbot als Eingriff in die Meinungs- und Religionsfreiheit betrachten.
#Text=
14-1	1905-1914	Kritische	O	O	ADJA	_	_	
14-2	1915-1922	Stimmen	O	O	NN	_	_	
14-3	1923-1928	kamen	KON	MRW	VVFIN	_	_	
14-4	1929-1932	vor	_	_	_	_	_	
14-5	1933-1938	allem	_	_	_	_	_	
14-6	1939-1942	aus	_	_	_	_	_	
14-7	1943-1953	religiösen	O	O	ADJA	_	_	
14-8	1954-1957	und	_	_	_	_	_	
14-9	1958-1984	traditionell-konservativen	_	_	NN	_	_	
14-9.1	1958-1971	traditionell-	O	O	_	_	_	
14-9.2	1971-1984	konservativen	O	O	_	_	_	
14-10	1985-1992	Kreisen	KON	MRW	NN	_	_	
14-11	1992-1993	,	_	_	_	_	_	
14-12	1994-1997	die	_	_	_	_	_	
14-13	1998-2001	ein	_	_	_	_	_	
14-14	2002-2009	solches	_	_	_	_	_	
14-15	2010-2016	Verbot	O	O	NN	_	_	
14-16	2017-2020	als	_	_	_	_	_	
14-17	2021-2029	Eingriff	KON	MRW	NN	_	_	
14-18	2030-2032	in	_	_	_	_	_	
14-19	2033-2036	die	_	_	_	_	_	
14-20	2037-2046	Meinungs-	O	DFMA	TRUNC	_	_	
14-21	2047-2050	und	_	_	_	_	_	
14-22	2051-2068	Religionsfreiheit	O	O	NN	_	_	
14-23	2069-2079	betrachten	KON	MRW	VVFIN	_	_	
14-24	2079-2080	.	_	_	_	_	_	
14-25	2080-2081	
	_	_	_	_	_	

#Text=Menschenrechtsorganisationen und LGBTIQ+-Verbände lobten Spahns Initiative und bezeichneten das geplante Verbot als längst überfällig.
#Text=
15-1	2081-2109	Menschenrechtsorganisationen	O	O	NN	_	_	
15-2	2110-2113	und	_	_	_	_	_	
15-3	2114-2130	LGBTIQ+-Verbände	_	_	_	_	_	
15-4	2131-2137	lobten	O	O	VVFIN	_	_	
15-5	2138-2144	Spahns	_	_	_	_	_	
15-6	2145-2155	Initiative	O	O	NN	_	_	
15-7	2156-2159	und	_	_	_	_	_	
15-8	2160-2172	bezeichneten	O	O	VVFIN	_	_	
15-9	2173-2176	das	_	_	_	_	_	
15-10	2177-2185	geplante	O	O	ADJA	_	_	
15-11	2186-2192	Verbot	O	O	NN	_	_	
15-12	2193-2196	als	_	_	_	_	_	
15-13	2197-2203	längst	_	_	_	_	_	
15-14	2204-2214	überfällig	O	O	ADJD	_	_	
15-15	2214-2215	.	_	_	_	_	_	
15-16	2215-2216	
	_	_	_	_	_	

#Text=Sie betonen, dass ein solches Gesetz ein wichtiges Zeichen gegen Diskriminierung und für die Gleichstellung sexueller Minderheiten setzen würde.
#Text=
16-1	2216-2219	Sie	_	_	_	_	_	
16-2	2220-2227	betonen	KON	MRW	VVFIN	_	_	
16-3	2227-2228	,	_	_	_	_	_	
16-4	2229-2233	dass	_	_	_	_	_	
16-5	2234-2237	ein	_	_	_	_	_	
16-6	2238-2245	solches	_	_	_	_	_	
16-7	2246-2252	Gesetz	O	O	NN	_	_	
16-8	2253-2256	ein	_	_	_	_	_	
16-9	2257-2266	wichtiges	O	O	ADJA	_	_	
16-10	2267-2274	Zeichen	KON	MRW	NN	_	_	
16-11	2275-2280	gegen	_	_	_	_	_	
16-12	2281-2296	Diskriminierung	O	O	NN	_	_	
16-13	2297-2300	und	_	_	_	_	_	
16-14	2301-2304	für	_	_	_	_	_	
16-15	2305-2308	die	_	_	_	_	_	
16-16	2309-2323	Gleichstellung	O	O	NN	_	_	
16-17	2324-2333	sexueller	O	O	ADJA	_	_	
16-18	2334-2346	Minderheiten	O	O	NN	_	_	
16-19	2347-2353	setzen	O	PERS	VVINF	_	_	
16-20	2354-2359	würde	_	_	_	_	_	
16-21	2359-2360	.	_	_	_	_	_	
16-22	2360-2361	
	_	_	_	_	_	

#Text=Der Gesetzesentwurf befindet sich derzeit in der finalen Abstimmungsphase und könnte bereits Anfang nächsten Jahres in Kraft treten.
#Text=
17-1	2361-2364	Der	_	_	_	_	_	
17-2	2365-2380	Gesetzesentwurf	O	O	NN	_	_	
17-3	2381-2389	befindet	KON	MRW	VVFIN	_	_	
17-4	2390-2394	sich	_	_	_	_	_	
17-5	2395-2402	derzeit	_	_	_	_	_	
17-6	2403-2405	in	_	_	_	_	_	
17-7	2406-2409	der	_	_	_	_	_	
17-8	2410-2417	finalen	O	O	ADJA	_	_	
17-9	2418-2434	Abstimmungsphase	_	_	NN	_	_	
17-9.1	2418-2429	Abstimmungs	O	O	_	_	_	
17-9.2	2429-2434	phase	KON	MRW	_	_	_	
17-10	2435-2438	und	_	_	_	_	_	
17-11	2439-2445	könnte	_	_	_	_	_	
17-12	2446-2453	bereits	_	_	_	_	_	
17-13	2454-2460	Anfang	KON	MRW	NN	_	_	
17-14	2461-2469	nächsten	KON	MRW	ADJA	_	_	
17-15	2470-2476	Jahres	O	O	NN	_	_	
17-16	2477-2479	in	_	_	_	_	_	
17-17	2480-2485	Kraft	O	DFMA	NN	_	_	
17-18	2486-2492	treten	O	DFMA	VVINF	_	_	
17-19	2492-2493	.	_	_	_	_	_	
17-20	2493-2494	
	_	_	_	_	_	

#Text=Damit würde Deutschland einen großen Schritt in Richtung eines umfassenden Schutzes für homosexuelle Menschen machen und ein klares Signal gegen Diskriminierung und pseudowissenschaftliche Praktiken setzen.
#Text=
18-1	2494-2499	Damit	_	_	_	_	_	
18-2	2500-2505	würde	_	_	_	_	_	
18-3	2506-2517	Deutschland	_	_	_	_	_	
18-4	2518-2523	einen	_	_	_	_	_	
18-5	2524-2530	großen	O	KOMPL	ADJA	_	_	
18-6	2531-2538	Schritt	O	KOMPL	NN	belong together	18-5	
18-7	2539-2541	in	_	_	_	_	_	
18-8	2542-2550	Richtung	O	KOMPL	NN	belong together	18-6	
18-9	2551-2556	eines	_	_	_	_	_	
18-10	2557-2568	umfassenden	O	O	ADJA	_	_	
18-11	2569-2577	Schutzes	O	O	NN	_	_	
18-12	2578-2581	für	_	_	_	_	_	
18-13	2582-2594	homosexuelle	O	O	ADJA	_	_	
18-14	2595-2603	Menschen	O	O	NN	_	_	
18-15	2604-2610	machen	O	WIDLII	VVINF	_	_	
18-16	2611-2614	und	_	_	_	_	_	
18-17	2615-2618	ein	_	_	_	_	_	
18-18	2619-2625	klares	O	KOMPL	ADJA	_	_	
18-19	2626-2632	Signal	O	KOMPL	NN	belong together	18-18	
18-20	2633-2638	gegen	_	_	_	_	_	
18-21	2639-2654	Diskriminierung	O	O	NN	_	_	
18-22	2655-2658	und	_	_	_	_	_	
18-23	2659-2682	pseudowissenschaftliche	O	O	ADJA	_	_	
18-24	2683-2692	Praktiken	O	O	NN	_	_	
18-25	2693-2699	setzen	KON	MRW	VVINF	_	_	
18-26	2699-2700	.	_	_	_	_	_	
18-27	2700-2701	
	_	_	_	_	_	

#Text=Jens Spahn sagte abschließend: "Mit diesem Verbot senden wir eine klare Botschaft der Akzeptanz und des Respekts.
#Text=
19-1	2701-2705	Jens	_	_	_	_	_	
19-2	2706-2711	Spahn	_	_	_	_	_	
19-3	2712-2717	sagte	O	O	VVFIN	_	_	
19-4	2718-2730	abschließend	O	O	ADJD	_	_	
19-5	2730-2731	:	_	_	_	_	_	
19-6	2732-2733	"	_	_	_	_	_	
19-7	2733-2736	Mit	_	_	_	_	_	
19-8	2737-2743	diesem	_	_	_	_	_	
19-9	2744-2750	Verbot	O	O	NN	_	_	
19-10	2751-2757	senden	O	KOMPL	VVFIN	_	_	
19-11	2758-2761	wir	_	_	_	_	_	
19-12	2762-2766	eine	_	_	_	_	_	
19-13	2767-2772	klare	O	KOMPL	ADJA	belong together	19-10	
19-14	2773-2782	Botschaft	O	KOMPL	NN	belong together	19-13	
19-15	2783-2786	der	_	_	_	_	_	
19-16	2787-2796	Akzeptanz	O	O	NN	_	_	
19-17	2797-2800	und	_	_	_	_	_	
19-18	2801-2804	des	_	_	_	_	_	
19-19	2805-2813	Respekts	O	O	NN	_	_	
19-20	2813-2814	.	_	_	_	_	_	
19-21	2814-2815	
	_	_	_	_	_	

#Text=Niemand sollte in dem Glauben leben müssen, dass seine sexuelle Orientierung geheilt werden muss."
#Text=
20-1	2815-2822	Niemand	_	_	_	_	_	
20-2	2823-2829	sollte	_	_	_	_	_	
20-3	2830-2832	in	_	_	_	_	_	
20-4	2833-2836	dem	_	_	_	_	_	
20-5	2837-2844	Glauben	O	O	NN	_	_	
20-6	2845-2850	leben	O	O	VVINF	_	_	
20-7	2851-2857	müssen	_	_	_	_	_	
20-8	2857-2858	,	_	_	_	_	_	
20-9	2859-2863	dass	_	_	_	_	_	
20-10	2864-2869	seine	_	_	_	_	_	
20-11	2870-2878	sexuelle	O	O	ADJA	_	_	
20-12	2879-2891	Orientierung	KON	MRW	NN	_	_	
20-13	2892-2899	geheilt	O	O	VVPP	_	_	
20-14	2900-2906	werden	_	_	_	_	_	
20-15	2907-2911	muss	_	_	_	_	_	
20-16	2911-2912	.	_	_	_	_	_	
20-17	2912-2913	"	_	_	_	_	_	
20-18	2913-2914	
	_	_	_	_	_	
