#FORMAT=WebAnno TSV 3.3
#T_SP=webanno.custom.MetaphorFlags|MetaphorFlag
#T_SP=webanno.custom.Metaphors|Conventionality|Metaphern
#T_SP=webanno.custom.POS|pos_tag
#T_RL=webanno.custom.UnitofAnalysis|bidirectionalrelation|BT_webanno.custom.Metaphors


#Text=Der US-Präsident Donald Trump hat seinen geplanten Besuch in Dänemark abgesagt, nachdem die dänische Ministerpräsidentin Mette Frederiksen sein Interesse bekundet hatte, Grönland zu kaufen.
#Text=
1-1	0-3	Der	_	_	_	_	_	_	
1-2	4-16	US-Präsident	_	_	_	_	_	_	
1-3	17-23	Donald	_	_	_	_	_	_	
1-4	24-29	Trump	_	_	_	_	_	_	
1-5	30-33	hat	_	_	_	_	_	_	
1-6	34-40	seinen	_	_	_	_	_	_	
1-7	41-50	geplanten	_	O	O	ADJA	_	_	
1-8	51-57	Besuch	_	O	O	NN	_	_	
1-9	58-60	in	_	_	_	_	_	_	
1-10	61-69	Dänemark	_	_	_	_	_	_	
1-11	70-78	abgesagt	_	O	O	VVPP	_	_	
1-12	78-79	,	_	_	_	_	_	_	
1-13	80-87	nachdem	_	_	_	_	_	_	
1-14	88-91	die	_	_	_	_	_	_	
1-15	92-100	dänische	_	O	O	ADJA	_	_	
1-16	101-120	Ministerpräsidentin	_	O	O	NN	_	_	
1-17	121-126	Mette	_	_	_	_	_	_	
1-18	127-138	Frederiksen	_	_	_	_	_	_	
1-19	139-143	sein	_	_	_	_	_	_	
1-20	144-153	Interesse	_	O	O	NN	_	_	
1-21	154-162	bekundet	_	O	O	VVPP	_	_	
1-22	163-168	hatte	_	_	_	_	_	_	
1-23	168-169	,	_	_	_	_	_	_	
1-24	170-178	Grönland	_	_	_	_	_	_	
1-25	179-181	zu	_	_	_	_	_	_	
1-26	182-188	kaufen	_	O	O	VVINF	_	_	
1-27	188-189	.	_	_	_	_	_	_	
1-28	189-190	
	_	_	_	_	_	_	

#Text=Frederiksen bezeichnete Trumps Idee als "absurd", und dies führte zu einer starken Reaktion in Dänemark.
#Text=
2-1	190-201	Frederiksen	_	_	_	_	_	_	
2-2	202-213	bezeichnete	_	O	O	VVFIN	_	_	
2-3	214-220	Trumps	_	_	_	_	_	_	
2-4	221-225	Idee	_	O	O	NN	_	_	
2-5	226-229	als	_	_	_	_	_	_	
2-6	230-231	"	_	_	_	_	_	_	
2-7	231-237	absurd	_	O	O	ADJD	_	_	
2-8	237-238	"	_	_	_	_	_	_	
2-9	238-239	,	_	_	_	_	_	_	
2-10	240-243	und	_	_	_	_	_	_	
2-11	244-248	dies	_	_	_	_	_	_	
2-12	249-255	führte	_	KON	MRW	VVFIN	_	_	
2-13	256-258	zu	_	_	_	_	_	_	
2-14	259-264	einer	_	_	_	_	_	_	
2-15	265-272	starken	_	KON	MRW	ADJA	_	_	
2-16	273-281	Reaktion	_	KON	MRW	NN	_	_	
2-17	282-284	in	_	_	_	_	_	_	
2-18	285-293	Dänemark	_	_	_	_	_	_	
2-19	293-294	.	_	_	_	_	_	_	
2-20	294-295	
	_	_	_	_	_	_	

#Text=Die Grönland-Frage war bereits seit einiger Zeit ein Streitthema zwischen den USA und Dänemark, da Trump sein Interesse an dem größten Inselgebiet der Welt bekundet hatte.
#Text=
3-1	295-298	Die	_	_	_	_	_	_	
3-2	299-313	Grönland-Frage	_	_	_	_	_	_	
3-3	314-317	war	_	_	_	_	_	_	
3-4	318-325	bereits	_	_	_	_	_	_	
3-5	326-330	seit	_	_	_	_	_	_	
3-6	331-338	einiger	_	_	_	_	_	_	
3-7	339-343	Zeit	_	O	O	NN	_	_	
3-8	344-347	ein	_	_	_	_	_	_	
3-9	348-359	Streitthema	_	_	_	NN	_	_	
3-9.1	348-354	Streit	_	O	O	_	_	_	
3-9.2	354-359	thema	_	O	O	_	_	_	
3-10	360-368	zwischen	_	_	_	_	_	_	
3-11	369-372	den	_	_	_	_	_	_	
3-12	373-376	USA	_	_	_	_	_	_	
3-13	377-380	und	_	_	_	_	_	_	
3-14	381-389	Dänemark	_	_	_	_	_	_	
3-15	389-390	,	_	_	_	_	_	_	
3-16	391-393	da	_	_	_	_	_	_	
3-17	394-399	Trump	_	_	_	_	_	_	
3-18	400-404	sein	_	_	_	_	_	_	
3-19	405-414	Interesse	_	O	O	NN	_	_	
3-20	415-417	an	_	_	_	_	_	_	
3-21	418-421	dem	_	_	_	_	_	_	
3-22	422-429	größten	_	O	O	ADJA	_	_	
3-23	430-441	Inselgebiet	_	_	_	NN	_	_	
3-23.1	430-435	Insel	_	O	O	_	_	_	
3-23.2	435-441	gebiet	_	O	O	_	_	_	
3-24	442-445	der	_	_	_	_	_	_	
3-25	446-450	Welt	_	O	O	NN	_	_	
3-26	451-459	bekundet	_	O	O	VVPP	_	_	
3-27	460-465	hatte	_	_	_	_	_	_	
3-28	465-466	.	_	_	_	_	_	_	
3-29	466-467	
	_	_	_	_	_	_	

#Text=Dänemark hatte die Souveränität über Grönland, obwohl sie eine autonome Regierung hat.
#Text=
4-1	467-475	Dänemark	_	_	_	_	_	_	
4-2	476-481	hatte	_	_	_	_	_	_	
4-3	482-485	die	_	_	_	_	_	_	
4-4	486-498	Souveränität	_	O	O	NN	_	_	
4-5	499-503	über	_	_	_	_	_	_	
4-6	504-512	Grönland	_	_	_	_	_	_	
4-7	512-513	,	_	_	_	_	_	_	
4-8	514-520	obwohl	_	_	_	_	_	_	
4-9	521-524	sie	_	_	_	_	_	_	
4-10	525-529	eine	_	_	_	_	_	_	
4-11	530-538	autonome	_	O	O	ADJA	_	_	
4-12	539-548	Regierung	_	O	O	NN	_	_	
4-13	549-552	hat	_	_	_	_	_	_	
4-14	552-553	.	_	_	_	_	_	_	
4-15	553-554	
	_	_	_	_	_	_	

#Text=Die Absage von Trumps Staatsbesuch kam überraschend und rief unterschiedliche Reaktionen in Dänemark hervor.
#Text=
5-1	554-557	Die	_	_	_	_	_	_	
5-2	558-564	Absage	_	O	O	NN	_	_	
5-3	565-568	von	_	_	_	_	_	_	
5-4	569-575	Trumps	_	_	_	_	_	_	
5-5	576-588	Staatsbesuch	_	O	O	NN	_	_	
5-6	589-592	kam	_	O	PERS	VVFIN	_	_	
5-7	593-605	überraschend	_	O	O	ADJD	_	_	
5-8	606-609	und	_	_	_	_	_	_	
5-9	610-614	rief	_	O	PERS	VVFIN	_	_	
5-10	615-631	unterschiedliche	_	O	O	ADJA	_	_	
5-11	632-642	Reaktionen	_	KON	MRW	NN	_	_	
5-12	643-645	in	_	_	_	_	_	_	
5-13	646-654	Dänemark	_	_	_	_	_	_	
5-14	655-661	hervor	_	O	PERS	PTKVZ	belong together	5-9	
5-15	661-662	.	_	_	_	_	_	_	
5-16	662-663	
	_	_	_	_	_	_	

#Text=Während einige Politiker die Entscheidung bedauerten und die Beziehungen zu den USA betonten, reagierten andere empört über Trumps Reaktion auf Frederiksens Ablehnung.
#Text=
6-1	663-670	Während	_	_	_	_	_	_	
6-2	671-677	einige	_	_	_	_	_	_	
6-3	678-687	Politiker	_	O	O	NN	_	_	
6-4	688-691	die	_	_	_	_	_	_	
6-5	692-704	Entscheidung	_	O	O	NN	_	_	
6-6	705-715	bedauerten	_	O	O	VVFIN	_	_	
6-7	716-719	und	_	_	_	_	_	_	
6-8	720-723	die	_	_	_	_	_	_	
6-9	724-735	Beziehungen	_	O	O	NN	_	_	
6-10	736-738	zu	_	_	_	_	_	_	
6-11	739-742	den	_	_	_	_	_	_	
6-12	743-746	USA	_	_	_	_	_	_	
6-13	747-755	betonten	_	KON	MRW	VVFIN	_	_	
6-14	755-756	,	_	_	_	_	_	_	
6-15	757-767	reagierten	_	KON	MRW	VVFIN	_	_	
6-16	768-774	andere	_	_	_	_	_	_	
6-17	775-781	empört	_	O	O	ADJD	_	_	
6-18	782-786	über	_	_	_	_	_	_	
6-19	787-793	Trumps	_	_	_	_	_	_	
6-20	794-802	Reaktion	_	KON	MRW	NN	_	_	
6-21	803-806	auf	_	_	_	_	_	_	
6-22	807-819	Frederiksens	_	_	_	_	_	_	
6-23	820-829	Ablehnung	_	O	O	NN	_	_	
6-24	829-830	.	_	_	_	_	_	_	
6-25	830-831	
	_	_	_	_	_	_	

#Text=Der dänische Oppositionsführer Lars Løkke Rasmussen bezeichnete die Absage als "respektlos" und beklagte, dass der US-Präsident "sich wie ein kleines Kind benimmt".
#Text=
7-1	831-834	Der	_	_	_	_	_	_	
7-2	835-843	dänische	_	O	O	ADJA	_	_	
7-3	844-861	Oppositionsführer	_	O	O	NN	_	_	
7-4	862-866	Lars	_	_	_	_	_	_	
7-5	867-872	Løkke	_	_	_	_	_	_	
7-6	873-882	Rasmussen	_	_	_	_	_	_	
7-7	883-894	bezeichnete	_	O	O	VVFIN	_	_	
7-8	895-898	die	_	_	_	_	_	_	
7-9	899-905	Absage	_	O	O	NN	_	_	
7-10	906-909	als	_	_	_	_	_	_	
7-11	910-911	"	_	_	_	_	_	_	
7-12	911-921	respektlos	_	O	O	ADJD	_	_	
7-13	921-922	"	_	_	_	_	_	_	
7-14	923-926	und	_	_	_	_	_	_	
7-15	927-935	beklagte	_	O	O	VVFIN	_	_	
7-16	935-936	,	_	_	_	_	_	_	
7-17	937-941	dass	_	_	_	_	_	_	
7-18	942-945	der	_	_	_	_	_	_	
7-19	946-958	US-Präsident	_	_	_	_	_	_	
7-20	959-960	"	_	_	_	_	_	_	
7-21	960-964	sich	_	_	_	_	_	_	
7-22	965-968	wie	MFlag	_	_	_	_	_	
7-23	969-972	ein	_	_	_	_	_	_	
7-24	973-980	kleines	_	O	O	ADJA	_	_	
7-25	981-985	Kind	_	KON	MRW\_DIR	NN	_	_	
7-26	986-993	benimmt	_	O	O	VVFIN	_	_	
7-27	993-994	"	_	_	_	_	_	_	
7-28	994-995	.	_	_	_	_	_	_	
7-29	995-996	
	_	_	_	_	_	_	

#Text=Andere Politiker forderten eine klare Positionierung der dänischen Regierung gegenüber den USA.
#Text=
8-1	996-1002	Andere	_	O	O	ADJA	_	_	
8-2	1003-1012	Politiker	_	O	O	NN	_	_	
8-3	1013-1022	forderten	_	O	O	VVFIN	_	_	
8-4	1023-1027	eine	_	_	_	_	_	_	
8-5	1028-1033	klare	_	KON	MRW	ADJA	_	_	
8-6	1034-1048	Positionierung	_	KON	MRW	NN	_	_	
8-7	1049-1052	der	_	_	_	_	_	_	
8-8	1053-1062	dänischen	_	O	O	ADJA	_	_	
8-9	1063-1072	Regierung	_	O	O	NN	_	_	
8-10	1073-1082	gegenüber	_	_	_	_	_	_	
8-11	1083-1086	den	_	_	_	_	_	_	
8-12	1087-1090	USA	_	_	_	_	_	_	
8-13	1090-1091	.	_	_	_	_	_	_	
8-14	1091-1092	
	_	_	_	_	_	_	

#Text=In der Bevölkerung war die Reaktion ebenfalls geteilt, mit einigen, die Verständnis für Frederiksens Standpunkt zeigten und andere, die die Absage des Besuchs bedauerten.
#Text=
9-1	1092-1094	In	_	_	_	_	_	_	
9-2	1095-1098	der	_	_	_	_	_	_	
9-3	1099-1110	Bevölkerung	_	O	O	NN	_	_	
9-4	1111-1114	war	_	_	_	_	_	_	
9-5	1115-1118	die	_	_	_	_	_	_	
9-6	1119-1127	Reaktion	_	KON	MRW	NN	_	_	
9-7	1128-1137	ebenfalls	_	_	_	_	_	_	
9-8	1138-1145	geteilt	_	KON	MRW	VVPP	_	_	
9-9	1145-1146	,	_	_	_	_	_	_	
9-10	1147-1150	mit	_	_	_	_	_	_	
9-11	1151-1158	einigen	_	_	_	_	_	_	
9-12	1158-1159	,	_	_	_	_	_	_	
9-13	1160-1163	die	_	_	_	_	_	_	
9-14	1164-1175	Verständnis	_	O	O	NN	_	_	
9-15	1176-1179	für	_	_	_	_	_	_	
9-16	1180-1192	Frederiksens	_	_	_	_	_	_	
9-17	1193-1203	Standpunkt	_	KON	MRW	NN	_	_	
9-18	1204-1211	zeigten	_	KON	MRW	VVFIN	_	_	
9-19	1212-1215	und	_	_	_	_	_	_	
9-20	1216-1222	andere	_	_	_	_	_	_	
9-21	1222-1223	,	_	_	_	_	_	_	
9-22	1224-1227	die	_	_	_	_	_	_	
9-23	1228-1231	die	_	_	_	_	_	_	
9-24	1232-1238	Absage	_	O	O	NN	_	_	
9-25	1239-1242	des	_	_	_	_	_	_	
9-26	1243-1250	Besuchs	_	O	O	NN	_	_	
9-27	1251-1261	bedauerten	_	O	O	VVFIN	_	_	
9-28	1261-1262	.	_	_	_	_	_	_	
9-29	1262-1263	
	_	_	_	_	_	_	

#Text=Grönland selbst reagierte verhalten auf die Geschehnisse, betonte aber die Wichtigkeit der Zusammenarbeit mit Dänemark.
#Text=
10-1	1263-1271	Grönland	_	_	_	_	_	_	
10-2	1272-1278	selbst	_	_	_	_	_	_	
10-3	1279-1288	reagierte	_	KON	MRW	VVFIN	_	_	
10-4	1289-1298	verhalten	_	O	O	NN	_	_	
10-5	1299-1302	auf	_	_	_	_	_	_	
10-6	1303-1306	die	_	_	_	_	_	_	
10-7	1307-1319	Geschehnisse	_	O	O	NN	_	_	
10-8	1319-1320	,	_	_	_	_	_	_	
10-9	1321-1328	betonte	_	KON	MRW	VVFIN	_	_	
10-10	1329-1333	aber	_	_	_	_	_	_	
10-11	1334-1337	die	_	_	_	_	_	_	
10-12	1338-1349	Wichtigkeit	_	O	O	NN	_	_	
10-13	1350-1353	der	_	_	_	_	_	_	
10-14	1354-1368	Zusammenarbeit	_	O	O	NN	_	_	
10-15	1369-1372	mit	_	_	_	_	_	_	
10-16	1373-1381	Dänemark	_	_	_	_	_	_	
10-17	1381-1382	.	_	_	_	_	_	_	
10-18	1382-1383	
	_	_	_	_	_	_	

#Text=Die Absage des Besuchs wirft Fragen über die Zukunft der Beziehungen zwischen den USA und Dänemark auf.
#Text=
11-1	1383-1386	Die	_	_	_	_	_	_	
11-2	1387-1393	Absage	_	O	O	NN	_	_	
11-3	1394-1397	des	_	_	_	_	_	_	
11-4	1398-1405	Besuchs	_	O	O	NN	_	_	
11-5	1406-1411	wirft	_	O	PERS	VVFIN	_	_	
11-6	1412-1418	Fragen	_	O	O	NN	_	_	
11-7	1419-1423	über	_	_	_	_	_	_	
11-8	1424-1427	die	_	_	_	_	_	_	
11-9	1428-1435	Zukunft	_	O	O	NN	_	_	
11-10	1436-1439	der	_	_	_	_	_	_	
11-11	1440-1451	Beziehungen	_	O	O	NN	_	_	
11-12	1452-1460	zwischen	_	_	_	_	_	_	
11-13	1461-1464	den	_	_	_	_	_	_	
11-14	1465-1468	USA	_	_	_	_	_	_	
11-15	1469-1472	und	_	_	_	_	_	_	
11-16	1473-1481	Dänemark	_	_	_	_	_	_	
11-17	1482-1485	auf	_	O	PERS	PTKVZ	belong together	11-5	
11-18	1485-1486	.	_	_	_	_	_	_	
11-19	1486-1487	
	_	_	_	_	_	_	

#Text=Während einige hoffen, dass die diplomatischen Beziehungen bald wieder normalisiert werden, zeigen andere Besorgnis über die Unberechenbarkeit des US-Präsidenten.
#Text=
12-1	1487-1494	Während	_	_	_	_	_	_	
12-2	1495-1501	einige	_	_	_	_	_	_	
12-3	1502-1508	hoffen	_	O	O	VVFIN	_	_	
12-4	1508-1509	,	_	_	_	_	_	_	
12-5	1510-1514	dass	_	_	_	_	_	_	
12-6	1515-1518	die	_	_	_	_	_	_	
12-7	1519-1533	diplomatischen	_	O	O	ADJA	_	_	
12-8	1534-1545	Beziehungen	_	O	O	NN	_	_	
12-9	1546-1550	bald	_	_	_	_	_	_	
12-10	1551-1557	wieder	_	_	_	_	_	_	
12-11	1558-1570	normalisiert	_	O	O	VVPP	_	_	
12-12	1571-1577	werden	_	_	_	_	_	_	
12-13	1577-1578	,	_	_	_	_	_	_	
12-14	1579-1585	zeigen	_	O	WIDLII	VVFIN	_	_	
12-15	1586-1592	andere	_	O	O	ADJA	_	_	
12-16	1593-1602	Besorgnis	_	O	O	NN	_	_	
12-17	1603-1607	über	_	_	_	_	_	_	
12-18	1608-1611	die	_	_	_	_	_	_	
12-19	1612-1629	Unberechenbarkeit	_	O	O	NN	_	_	
12-20	1630-1633	des	_	_	_	_	_	_	
12-21	1634-1648	US-Präsidenten	_	_	_	_	_	_	
12-22	1648-1649	.	_	_	_	_	_	_	
12-23	1649-1650	
	_	_	_	_	_	_	

#Text=Insgesamt hat die Grönland-Frage zu einem diplomatischen Eklat geführt, der die Beziehungen zwischen den USA und Dänemark belastet hat.
#Text=
13-1	1650-1659	Insgesamt	_	_	_	_	_	_	
13-2	1660-1663	hat	_	_	_	_	_	_	
13-3	1664-1667	die	_	_	_	_	_	_	
13-4	1668-1682	Grönland-Frage	_	_	_	_	_	_	
13-5	1683-1685	zu	_	_	_	_	_	_	
13-6	1686-1691	einem	_	_	_	_	_	_	
13-7	1692-1706	diplomatischen	_	O	O	ADJA	_	_	
13-8	1707-1712	Eklat	_	O	O	NN	_	_	
13-9	1713-1720	geführt	_	O	PERS	VVPP	_	_	
13-10	1720-1721	,	_	_	_	_	_	_	
13-11	1722-1725	der	_	_	_	_	_	_	
13-12	1726-1729	die	_	_	_	_	_	_	
13-13	1730-1741	Beziehungen	_	O	O	NN	_	_	
13-14	1742-1750	zwischen	_	_	_	_	_	_	
13-15	1751-1754	den	_	_	_	_	_	_	
13-16	1755-1758	USA	_	_	_	_	_	_	
13-17	1759-1762	und	_	_	_	_	_	_	
13-18	1763-1771	Dänemark	_	_	_	_	_	_	
13-19	1772-1780	belastet	_	KON	MRW	VVPP	_	_	
13-20	1781-1784	hat	_	_	_	_	_	_	
13-21	1784-1785	.	_	_	_	_	_	_	
13-22	1785-1786	
	_	_	_	_	_	_	

#Text=Trumps Entscheidung, den Besuch abzusagen, zeigt die Sensibilität des Themas und die Schwierigkeit, eine Einigung zu finden.
#Text=
14-1	1786-1792	Trumps	_	_	_	_	_	_	
14-2	1793-1805	Entscheidung	_	O	O	NN	_	_	
14-3	1805-1806	,	_	_	_	_	_	_	
14-4	1807-1810	den	_	_	_	_	_	_	
14-5	1811-1817	Besuch	_	O	O	NN	_	_	
14-6	1818-1827	abzusagen	_	O	O	VVIZU	_	_	
14-7	1827-1828	,	_	_	_	_	_	_	
14-8	1829-1834	zeigt	_	O	PERS	VVFIN	_	_	
14-9	1835-1838	die	_	_	_	_	_	_	
14-10	1839-1851	Sensibilität	_	KON	MRW	NN	_	_	
14-11	1852-1855	des	_	_	_	_	_	_	
14-12	1856-1862	Themas	_	O	O	NN	_	_	
14-13	1863-1866	und	_	_	_	_	_	_	
14-14	1867-1870	die	_	_	_	_	_	_	
14-15	1871-1884	Schwierigkeit	_	O	O	NN	_	_	
14-16	1884-1885	,	_	_	_	_	_	_	
14-17	1886-1890	eine	_	_	_	_	_	_	
14-18	1891-1899	Einigung	_	O	O	NN	_	_	
14-19	1900-1902	zu	_	_	_	_	_	_	
14-20	1903-1909	finden	_	KON	MRW	VVINF	_	_	
14-21	1909-1910	.	_	_	_	_	_	_	
14-22	1910-1911	
	_	_	_	_	_	_	

#Text=Es bleibt abzuwarten, wie sich die Situation weiterentwickeln wird und ob die Beziehungen zwischen den USA und Dänemark den diplomatischen Sturm überstehen können.
#Text=
15-1	1911-1913	Es	_	_	_	_	_	_	
15-2	1914-1920	bleibt	_	O	O	VVFIN	_	_	
15-3	1921-1931	abzuwarten	_	O	O	VVIZU	_	_	
15-4	1931-1932	,	_	_	_	_	_	_	
15-5	1933-1936	wie	_	_	_	_	_	_	
15-6	1937-1941	sich	_	_	_	_	_	_	
15-7	1942-1945	die	_	_	_	_	_	_	
15-8	1946-1955	Situation	_	O	O	NN	_	_	
15-9	1956-1972	weiterentwickeln	_	O	O	VVINF	_	_	
15-10	1973-1977	wird	_	_	_	_	_	_	
15-11	1978-1981	und	_	_	_	_	_	_	
15-12	1982-1984	ob	_	_	_	_	_	_	
15-13	1985-1988	die	_	_	_	_	_	_	
15-14	1989-2000	Beziehungen	_	O	O	NN	_	_	
15-15	2001-2009	zwischen	_	_	_	_	_	_	
15-16	2010-2013	den	_	_	_	_	_	_	
15-17	2014-2017	USA	_	_	_	_	_	_	
15-18	2018-2021	und	_	_	_	_	_	_	
15-19	2022-2030	Dänemark	_	_	_	_	_	_	
15-20	2031-2034	den	_	_	_	_	_	_	
15-21	2035-2049	diplomatischen	_	O	O	ADJA	_	_	
15-22	2050-2055	Sturm	_	KON	MRW	NN	_	_	
15-23	2056-2066	überstehen	_	O	O	VVINF	_	_	
15-24	2067-2073	können	_	_	_	_	_	_	
15-25	2073-2074	.	_	_	_	_	_	_	
15-26	2074-2075	
	_	_	_	_	_	_	

#Text=Die Absage des Besuchs ist ein weiteres Kapitel in der turbulenten Amtszeit von Donald Trump und zeigt die Herausforderungen, mit denen internationale Beziehungen derzeit konfrontiert sind.
#Text=
16-1	2075-2078	Die	_	_	_	_	_	_	
16-2	2079-2085	Absage	_	O	O	NN	_	_	
16-3	2086-2089	des	_	_	_	_	_	_	
16-4	2090-2097	Besuchs	_	O	O	NN	_	_	
16-5	2098-2101	ist	_	_	_	_	_	_	
16-6	2102-2105	ein	_	_	_	_	_	_	
16-7	2106-2114	weiteres	_	O	O	ADJA	_	_	
16-8	2115-2122	Kapitel	_	KON	MRW	NN	_	_	
16-9	2123-2125	in	_	_	_	_	_	_	
16-10	2126-2129	der	_	_	_	_	_	_	
16-11	2130-2141	turbulenten	_	KON	MRW	ADJA	_	_	
16-12	2142-2150	Amtszeit	_	O	O	NN	_	_	
16-13	2151-2154	von	_	_	_	_	_	_	
16-14	2155-2161	Donald	_	_	_	_	_	_	
16-15	2162-2167	Trump	_	_	_	_	_	_	
16-16	2168-2171	und	_	_	_	_	_	_	
16-17	2172-2177	zeigt	_	O	PERS	VVFIN	_	_	
16-18	2178-2181	die	_	_	_	_	_	_	
16-19	2182-2199	Herausforderungen	_	O	O	NN	_	_	
16-20	2199-2200	,	_	_	_	_	_	_	
16-21	2201-2204	mit	_	_	_	_	_	_	
16-22	2205-2210	denen	_	_	_	_	_	_	
16-23	2211-2225	internationale	_	O	O	ADJA	_	_	
16-24	2226-2237	Beziehungen	_	O	O	NN	_	_	
16-25	2238-2245	derzeit	_	_	_	_	_	_	
16-26	2246-2258	konfrontiert	_	O	O	VVPP	_	_	
16-27	2259-2263	sind	_	_	_	_	_	_	
16-28	2263-2264	.	_	_	_	_	_	_	
16-29	2264-2265	
	_	_	_	_	_	_	
