#FORMAT=WebAnno TSV 3.3
#T_SP=webanno.custom.Metaphors|Conventionality|Metaphern
#T_SP=webanno.custom.POS|pos_tag
#T_RL=webanno.custom.UnitofAnalysis|bidirectionalrelation|BT_webanno.custom.Metaphors


#Text=Nach langen Verhandlungen haben die EU-Mitgliedsstaaten einer erneuten Verlängerung der Brexit-Frist zugestimmt.
#Text=
1-1	0-4	Nach	_	_	_	_	_	
1-2	5-11	langen	KON	MRW	ADJA	_	_	
1-3	12-25	Verhandlungen	O	O	NN	_	_	
1-4	26-31	haben	_	_	_	_	_	
1-5	32-35	die	_	_	_	_	_	
1-6	36-55	EU-Mitgliedsstaaten	_	_	_	_	_	
1-7	56-61	einer	_	_	_	_	_	
1-8	62-70	erneuten	O	O	ADJA	_	_	
1-9	71-83	Verlängerung	KON	MRW	NN	_	_	
1-10	84-87	der	_	_	_	_	_	
1-11	88-100	Brexit-Frist	_	_	_	_	_	
1-12	101-111	zugestimmt	O	O	VVPP	_	_	
1-13	111-112	.	_	_	_	_	_	
1-14	112-113	
	_	_	_	_	_	

#Text=Der britische Premierminister Boris Johnson hatte einen Aufschub bis zum 31. Januar 2020 beantragt, um Zeit zu gewinnen und einen geordneten Austritt aus der Europäischen Union zu ermöglichen.
#Text=
2-1	113-116	Der	_	_	_	_	_	
2-2	117-126	britische	O	O	ADJA	_	_	
2-3	127-142	Premierminister	O	O	NN	_	_	
2-4	143-148	Boris	_	_	_	_	_	
2-5	149-156	Johnson	_	_	_	_	_	
2-6	157-162	hatte	_	_	_	_	_	
2-7	163-168	einen	_	_	_	_	_	
2-8	169-177	Aufschub	O	O	NN	_	_	
2-9	178-181	bis	_	_	_	_	_	
2-10	182-185	zum	_	_	_	_	_	
2-11	186-189	31.	_	_	_	_	_	
2-12	190-196	Januar	O	O	NN	_	_	
2-13	197-201	2020	_	_	_	_	_	
2-14	202-211	beantragt	O	O	VVPP	_	_	
2-15	211-212	,	_	_	_	_	_	
2-16	213-215	um	_	_	_	_	_	
2-17	216-220	Zeit	O	O	NN	_	_	
2-18	221-223	zu	_	_	_	_	_	
2-19	224-232	gewinnen	KON	MRW	VVINF	_	_	
2-20	233-236	und	_	_	_	_	_	
2-21	237-242	einen	_	_	_	_	_	
2-22	243-253	geordneten	KON	MRW	ADJA	_	_	
2-23	254-262	Austritt	KON	MRW	NN	_	_	
2-24	263-266	aus	_	_	_	_	_	
2-25	267-270	der	_	_	_	_	_	
2-26	271-283	Europäischen	_	_	_	_	_	
2-27	284-289	Union	_	_	_	_	_	
2-28	290-292	zu	_	_	_	_	_	
2-29	293-304	ermöglichen	O	O	VVINF	_	_	
2-30	304-305	.	_	_	_	_	_	
2-31	305-306	
	_	_	_	_	_	

#Text=Die EU-Mitgliedsstaaten stimmten diesem Antrag zu, allerdings unter der Bedingung, dass das britische Parlament den Brexit-Vertrag bis zum Ende des Aufschubs ratifiziert.
#Text=
3-1	306-309	Die	_	_	_	_	_	
3-2	310-329	EU-Mitgliedsstaaten	_	_	_	_	_	
3-3	330-338	stimmten	O	O	VVFIN	_	_	
3-4	339-345	diesem	_	_	_	_	_	
3-5	346-352	Antrag	O	O	NN	_	_	
3-6	353-355	zu	O	O	PTKVZ	belong together	3-3	
3-7	355-356	,	_	_	_	_	_	
3-8	357-367	allerdings	_	_	_	_	_	
3-9	368-373	unter	_	_	_	_	_	
3-10	374-377	der	_	_	_	_	_	
3-11	378-387	Bedingung	O	O	NN	_	_	
3-12	387-388	,	_	_	_	_	_	
3-13	389-393	dass	_	_	_	_	_	
3-14	394-397	das	_	_	_	_	_	
3-15	398-407	britische	O	O	ADJA	_	_	
3-16	408-417	Parlament	O	O	NN	_	_	
3-17	418-421	den	_	_	_	_	_	
3-18	422-436	Brexit-Vertrag	_	_	_	_	_	
3-19	437-440	bis	_	_	_	_	_	
3-20	441-444	zum	_	_	_	_	_	
3-21	445-449	Ende	KON	MRW	NN	_	_	
3-22	450-453	des	_	_	_	_	_	
3-23	454-463	Aufschubs	O	O	NN	_	_	
3-24	464-475	ratifiziert	O	O	VVFIN	_	_	
3-25	475-476	.	_	_	_	_	_	
3-26	476-477	
	_	_	_	_	_	

#Text=Das britische Unterhaus wird nun am Montag über die von Premier Johnson ausgehandelte Brexit-Vereinbarung mit der EU abstimmen.
#Text=
4-1	477-480	Das	_	_	_	_	_	
4-2	481-490	britische	O	O	ADJA	_	_	
4-3	491-500	Unterhaus	O	O	NN	_	_	
4-4	501-505	wird	_	_	_	_	_	
4-5	506-509	nun	_	_	_	_	_	
4-6	510-512	am	_	_	_	_	_	
4-7	513-519	Montag	O	O	NN	_	_	
4-8	520-524	über	_	_	_	_	_	
4-9	525-528	die	_	_	_	_	_	
4-10	529-532	von	_	_	_	_	_	
4-11	533-540	Premier	O	O	NN	_	_	
4-12	541-548	Johnson	_	_	_	_	_	
4-13	549-562	ausgehandelte	O	O	ADJA	_	_	
4-14	563-582	Brexit-Vereinbarung	_	_	_	_	_	
4-15	583-586	mit	_	_	_	_	_	
4-16	587-590	der	_	_	_	_	_	
4-17	591-593	EU	_	_	_	_	_	
4-18	594-603	abstimmen	O	O	VVINF	_	_	
4-19	603-604	.	_	_	_	_	_	
4-20	604-605	
	_	_	_	_	_	

#Text=Sollte das Parlament dem Vertrag zustimmen, würde der Brexit am 31. Januar 2020 vollzogen werden.
#Text=
5-1	605-611	Sollte	_	_	_	_	_	
5-2	612-615	das	_	_	_	_	_	
5-3	616-625	Parlament	O	O	NN	_	_	
5-4	626-629	dem	_	_	_	_	_	
5-5	630-637	Vertrag	O	O	NN	_	_	
5-6	638-647	zustimmen	O	O	VVINF	_	_	
5-7	647-648	,	_	_	_	_	_	
5-8	649-654	würde	_	_	_	_	_	
5-9	655-658	der	_	_	_	_	_	
5-10	659-665	Brexit	_	_	_	_	_	
5-11	666-668	am	_	_	_	_	_	
5-12	669-672	31.	_	_	_	_	_	
5-13	673-679	Januar	O	O	NN	_	_	
5-14	680-684	2020	_	_	_	_	_	
5-15	685-694	vollzogen	O	O	VVPP	_	_	
5-16	695-701	werden	_	_	_	_	_	
5-17	701-702	.	_	_	_	_	_	
5-18	702-703	
	_	_	_	_	_	

#Text=Allerdings haben die EU-Mitgliedsstaaten klargestellt, dass auch ein früherer Austritt möglich wäre, falls das britische Parlament den Vertrag vorzeitig ratifiziert.
#Text=
6-1	703-713	Allerdings	_	_	_	_	_	
6-2	714-719	haben	_	_	_	_	_	
6-3	720-723	die	_	_	_	_	_	
6-4	724-743	EU-Mitgliedsstaaten	_	_	_	_	_	
6-5	744-756	klargestellt	O	O	VVPP	_	_	
6-6	756-757	,	_	_	_	_	_	
6-7	758-762	dass	_	_	_	_	_	
6-8	763-767	auch	_	_	_	_	_	
6-9	768-771	ein	_	_	_	_	_	
6-10	772-780	früherer	O	O	ADJA	_	_	
6-11	781-789	Austritt	KON	MRW	NN	_	_	
6-12	790-797	möglich	O	O	ADJD	_	_	
6-13	798-802	wäre	_	_	_	_	_	
6-14	802-803	,	_	_	_	_	_	
6-15	804-809	falls	_	_	_	_	_	
6-16	810-813	das	_	_	_	_	_	
6-17	814-823	britische	O	O	ADJA	_	_	
6-18	824-833	Parlament	O	O	NN	_	_	
6-19	834-837	den	_	_	_	_	_	
6-20	838-845	Vertrag	O	O	NN	_	_	
6-21	846-855	vorzeitig	O	O	ADJD	_	_	
6-22	856-867	ratifiziert	O	O	VVFIN	_	_	
6-23	867-868	.	_	_	_	_	_	
6-24	868-869	
	_	_	_	_	_	

#Text=Die Entscheidung der EU, dem Aufschub zuzustimmen, war keine Selbstverständlichkeit.
#Text=
7-1	869-872	Die	_	_	_	_	_	
7-2	873-885	Entscheidung	O	O	NN	_	_	
7-3	886-889	der	_	_	_	_	_	
7-4	890-892	EU	_	_	_	_	_	
7-5	892-893	,	_	_	_	_	_	
7-6	894-897	dem	_	_	_	_	_	
7-7	898-906	Aufschub	O	O	NN	_	_	
7-8	907-918	zuzustimmen	O	O	VVIZU	_	_	
7-9	918-919	,	_	_	_	_	_	
7-10	920-923	war	_	_	_	_	_	
7-11	924-929	keine	_	_	_	_	_	
7-12	930-952	Selbstverständlichkeit	O	O	NN	_	_	
7-13	952-953	.	_	_	_	_	_	
7-14	953-954	
	_	_	_	_	_	

#Text=Einige Mitgliedsstaaten, darunter Frankreich, hatten Bedenken geäußert und eine kürzere Verlängerung der Brexit-Frist bevorzugt.
#Text=
8-1	954-960	Einige	_	_	_	_	_	
8-2	961-977	Mitgliedsstaaten	O	O	NN	_	_	
8-3	977-978	,	_	_	_	_	_	
8-4	979-987	darunter	_	_	_	_	_	
8-5	988-998	Frankreich	_	_	_	_	_	
8-6	998-999	,	_	_	_	_	_	
8-7	1000-1006	hatten	_	_	_	_	_	
8-8	1007-1015	Bedenken	O	O	NN	_	_	
8-9	1016-1024	geäußert	O	O	VVPP	_	_	
8-10	1025-1028	und	_	_	_	_	_	
8-11	1029-1033	eine	_	_	_	_	_	
8-12	1034-1041	kürzere	KON	MRW	ADJA	_	_	
8-13	1042-1054	Verlängerung	KON	MRW	NN	_	_	
8-14	1055-1058	der	_	_	_	_	_	
8-15	1059-1071	Brexit-Frist	_	_	_	_	_	
8-16	1072-1081	bevorzugt	O	O	VVFIN	_	_	
8-17	1081-1082	.	_	_	_	_	_	
8-18	1082-1083	
	_	_	_	_	_	

#Text=Letztendlich einigten sich die Staats- und Regierungschefs jedoch darauf, dem britischen Antrag auf einen Aufschub bis Ende Januar zuzustimmen, um einen chaotischen No-Deal-Brexit am 31. Oktober zu verhindern.
#Text=
9-1	1083-1095	Letztendlich	_	_	_	_	_	
9-2	1096-1104	einigten	O	O	VVFIN	_	_	
9-3	1105-1109	sich	_	_	_	_	_	
9-4	1110-1113	die	_	_	_	_	_	
9-5	1114-1121	Staats-	O	DFMA	TRUNC	_	_	
9-6	1122-1125	und	_	_	_	_	_	
9-7	1126-1141	Regierungschefs	O	O	NN	_	_	
9-8	1142-1148	jedoch	_	_	_	_	_	
9-9	1149-1155	darauf	_	_	_	_	_	
9-10	1155-1156	,	_	_	_	_	_	
9-11	1157-1160	dem	_	_	_	_	_	
9-12	1161-1171	britischen	O	O	ADJA	_	_	
9-13	1172-1178	Antrag	O	O	NN	_	_	
9-14	1179-1182	auf	_	_	_	_	_	
9-15	1183-1188	einen	_	_	_	_	_	
9-16	1189-1197	Aufschub	O	O	NN	_	_	
9-17	1198-1201	bis	_	_	_	_	_	
9-18	1202-1206	Ende	KON	MRW	NN	_	_	
9-19	1207-1213	Januar	O	O	NN	_	_	
9-20	1214-1225	zuzustimmen	O	O	VVIZU	_	_	
9-21	1225-1226	,	_	_	_	_	_	
9-22	1227-1229	um	_	_	_	_	_	
9-23	1230-1235	einen	_	_	_	_	_	
9-24	1236-1247	chaotischen	O	O	ADJA	_	_	
9-25	1248-1262	No-Deal-Brexit	_	_	_	_	_	
9-26	1263-1265	am	_	_	_	_	_	
9-27	1266-1269	31.	_	_	_	_	_	
9-28	1270-1277	Oktober	O	O	NN	_	_	
9-29	1278-1280	zu	_	_	_	_	_	
9-30	1281-1291	verhindern	O	O	VVINF	_	_	
9-31	1291-1292	.	_	_	_	_	_	
9-32	1292-1293	
	_	_	_	_	_	

#Text=Parallel zu den Verhandlungen über die Brexit-Frist führte Premier Johnson Gespräche über mögliche Neuwahlen in Großbritannien.
#Text=
10-1	1293-1301	Parallel	KON	MRW	ADJD	_	_	
10-2	1302-1304	zu	_	_	_	_	_	
10-3	1305-1308	den	_	_	_	_	_	
10-4	1309-1322	Verhandlungen	O	O	NN	_	_	
10-5	1323-1327	über	_	_	_	_	_	
10-6	1328-1331	die	_	_	_	_	_	
10-7	1332-1344	Brexit-Frist	_	_	_	_	_	
10-8	1345-1351	führte	O	WIDLII	VVFIN	_	_	
10-9	1352-1359	Premier	O	O	NN	_	_	
10-10	1360-1367	Johnson	_	_	_	_	_	
10-11	1368-1377	Gespräche	O	O	NN	_	_	
10-12	1378-1382	über	_	_	_	_	_	
10-13	1383-1391	mögliche	O	O	ADJA	_	_	
10-14	1392-1401	Neuwahlen	O	O	NN	_	_	
10-15	1402-1404	in	_	_	_	_	_	
10-16	1405-1419	Großbritannien	_	_	_	_	_	
10-17	1419-1420	.	_	_	_	_	_	
10-18	1420-1421	
	_	_	_	_	_	

#Text=Bereits am Nachmittag will Johnson das Unterhaus über die Einberufung von Neuwahlen abstimmen lassen.
#Text=
11-1	1421-1428	Bereits	_	_	_	_	_	
11-2	1429-1431	am	_	_	_	_	_	
11-3	1432-1442	Nachmittag	O	O	NN	_	_	
11-4	1443-1447	will	_	_	_	_	_	
11-5	1448-1455	Johnson	_	_	_	_	_	
11-6	1456-1459	das	_	_	_	_	_	
11-7	1460-1469	Unterhaus	O	O	NN	_	_	
11-8	1470-1474	über	_	_	_	_	_	
11-9	1475-1478	die	_	_	_	_	_	
11-10	1479-1490	Einberufung	O	O	NN	_	_	
11-11	1491-1494	von	_	_	_	_	_	
11-12	1495-1504	Neuwahlen	O	O	NN	_	_	
11-13	1505-1514	abstimmen	O	O	VVINF	_	_	
11-14	1515-1521	lassen	O	O	VVINF	_	_	
11-15	1521-1522	.	_	_	_	_	_	
11-16	1522-1523	
	_	_	_	_	_	

#Text=Die Labour-Partei hat signalisiert, dass sie einer Neuwahl zustimmen könnte, sollte der Brexit-Vertrag ratifiziert werden.
#Text=
12-1	1523-1526	Die	_	_	_	_	_	
12-2	1527-1540	Labour-Partei	O	O	NN	_	_	
12-3	1541-1544	hat	_	_	_	_	_	
12-4	1545-1557	signalisiert	KON	MRW	VVPP	_	_	
12-5	1557-1558	,	_	_	_	_	_	
12-6	1559-1563	dass	_	_	_	_	_	
12-7	1564-1567	sie	_	_	_	_	_	
12-8	1568-1573	einer	_	_	_	_	_	
12-9	1574-1581	Neuwahl	O	O	NN	_	_	
12-10	1582-1591	zustimmen	O	O	VVINF	_	_	
12-11	1592-1598	könnte	_	_	_	_	_	
12-12	1598-1599	,	_	_	_	_	_	
12-13	1600-1606	sollte	_	_	_	_	_	
12-14	1607-1610	der	_	_	_	_	_	
12-15	1611-1625	Brexit-Vertrag	_	_	_	_	_	
12-16	1626-1637	ratifiziert	O	O	VVPP	_	_	
12-17	1638-1644	werden	_	_	_	_	_	
12-18	1644-1645	.	_	_	_	_	_	
12-19	1645-1646	
	_	_	_	_	_	

#Text=Die anderen Oppositionsparteien haben jedoch Bedenken geäußert und fordern weitere Garantien für einen gerechten und transparenten Wahlprozess.
#Text=
13-1	1646-1649	Die	_	_	_	_	_	
13-2	1650-1657	anderen	O	O	ADJA	_	_	
13-3	1658-1677	Oppositionsparteien	O	O	NN	_	_	
13-4	1678-1683	haben	_	_	_	_	_	
13-5	1684-1690	jedoch	_	_	_	_	_	
13-6	1691-1699	Bedenken	O	O	NN	_	_	
13-7	1700-1708	geäußert	O	O	VVPP	_	_	
13-8	1709-1712	und	_	_	_	_	_	
13-9	1713-1720	fordern	O	O	VVFIN	_	_	
13-10	1721-1728	weitere	O	O	ADJA	_	_	
13-11	1729-1738	Garantien	O	O	NN	_	_	
13-12	1739-1742	für	_	_	_	_	_	
13-13	1743-1748	einen	_	_	_	_	_	
13-14	1749-1758	gerechten	O	O	ADJA	_	_	
13-15	1759-1762	und	_	_	_	_	_	
13-16	1763-1776	transparenten	KON	MRW	ADJA	_	_	
13-17	1777-1788	Wahlprozess	_	_	NN	_	_	
13-17.1	1777-1781	Wahl	O	O	_	_	_	
13-17.2	1781-1788	prozess	O	O	_	_	_	
13-18	1788-1789	.	_	_	_	_	_	
13-19	1789-1790	
	_	_	_	_	_	

#Text=Die Entscheidung über Neuwahlen könnte das politische Schicksal von Boris Johnson und seiner konservativen Regierung entscheidend beeinflussen.
#Text=
14-1	1790-1793	Die	_	_	_	_	_	
14-2	1794-1806	Entscheidung	O	O	NN	_	_	
14-3	1807-1811	über	_	_	_	_	_	
14-4	1812-1821	Neuwahlen	O	O	NN	_	_	
14-5	1822-1828	könnte	_	_	_	_	_	
14-6	1829-1832	das	_	_	_	_	_	
14-7	1833-1843	politische	O	O	ADJA	_	_	
14-8	1844-1853	Schicksal	O	O	NN	_	_	
14-9	1854-1857	von	_	_	_	_	_	
14-10	1858-1863	Boris	_	_	_	_	_	
14-11	1864-1871	Johnson	_	_	_	_	_	
14-12	1872-1875	und	_	_	_	_	_	
14-13	1876-1882	seiner	_	_	_	_	_	
14-14	1883-1896	konservativen	O	O	ADJA	_	_	
14-15	1897-1906	Regierung	O	O	NN	_	_	
14-16	1907-1919	entscheidend	O	O	ADJD	_	_	
14-17	1920-1932	beeinflussen	O	O	VVINF	_	_	
14-18	1932-1933	.	_	_	_	_	_	
14-19	1933-1934	
	_	_	_	_	_	

#Text=Johnson hatte wiederholt betont, dass er einen klaren politischen Auftrag benötigt, um den Brexit-Vertrag im Parlament durchzusetzen.
#Text=
15-1	1934-1941	Johnson	_	_	_	_	_	
15-2	1942-1947	hatte	_	_	_	_	_	
15-3	1948-1958	wiederholt	O	O	ADJD	_	_	
15-4	1959-1965	betont	KON	MRW	VVPP	_	_	
15-5	1965-1966	,	_	_	_	_	_	
15-6	1967-1971	dass	_	_	_	_	_	
15-7	1972-1974	er	_	_	_	_	_	
15-8	1975-1980	einen	_	_	_	_	_	
15-9	1981-1987	klaren	KON	MRW	ADJA	_	_	
15-10	1988-1999	politischen	O	O	ADJA	_	_	
15-11	2000-2007	Auftrag	O	O	NN	_	_	
15-12	2008-2016	benötigt	O	O	VVFIN	_	_	
15-13	2016-2017	,	_	_	_	_	_	
15-14	2018-2020	um	_	_	_	_	_	
15-15	2021-2024	den	_	_	_	_	_	
15-16	2025-2039	Brexit-Vertrag	_	_	_	_	_	
15-17	2040-2042	im	_	_	_	_	_	
15-18	2043-2052	Parlament	O	O	NN	_	_	
15-19	2053-2066	durchzusetzen	O	O	VVIZU	_	_	
15-20	2066-2067	.	_	_	_	_	_	
15-21	2067-2068	
	_	_	_	_	_	

#Text=Sollte es zu Neuwahlen kommen und die Konservativen die Mehrheit im Unterhaus verlieren, wäre die politische Zukunft von Premier Johnson ungewiss.
#Text=
16-1	2068-2074	Sollte	_	_	_	_	_	
16-2	2075-2077	es	_	_	_	_	_	
16-3	2078-2080	zu	_	_	_	_	_	
16-4	2081-2090	Neuwahlen	O	O	NN	_	_	
16-5	2091-2097	kommen	O	O	VVFIN	_	_	
16-6	2098-2101	und	_	_	_	_	_	
16-7	2102-2105	die	_	_	_	_	_	
16-8	2106-2119	Konservativen	O	O	NN	_	_	
16-9	2120-2123	die	_	_	_	_	_	
16-10	2124-2132	Mehrheit	O	O	NN	_	_	
16-11	2133-2135	im	_	_	_	_	_	
16-12	2136-2145	Unterhaus	O	O	NN	_	_	
16-13	2146-2155	verlieren	KON	MRW	VVFIN	_	_	
16-14	2155-2156	,	_	_	_	_	_	
16-15	2157-2161	wäre	_	_	_	_	_	
16-16	2162-2165	die	_	_	_	_	_	
16-17	2166-2176	politische	O	O	ADJA	_	_	
16-18	2177-2184	Zukunft	O	O	NN	_	_	
16-19	2185-2188	von	_	_	_	_	_	
16-20	2189-2196	Premier	O	O	NN	_	_	
16-21	2197-2204	Johnson	_	_	_	_	_	
16-22	2205-2213	ungewiss	O	O	ADJD	_	_	
16-23	2213-2214	.	_	_	_	_	_	
16-24	2214-2215	
	_	_	_	_	_	

#Text=In den kommenden Tagen werden die Augen sowohl in Großbritannien als auch in der EU auf das britische Parlament gerichtet sein.
#Text=
17-1	2215-2217	In	_	_	_	_	_	
17-2	2218-2221	den	_	_	_	_	_	
17-3	2222-2231	kommenden	O	O	ADJA	_	_	
17-4	2232-2237	Tagen	O	O	NN	_	_	
17-5	2238-2244	werden	_	_	_	_	_	
17-6	2245-2248	die	_	_	_	_	_	
17-7	2249-2254	Augen	O	KOMPL	NN	_	_	
17-8	2255-2261	sowohl	_	_	_	_	_	
17-9	2262-2264	in	_	_	_	_	_	
17-10	2265-2279	Großbritannien	_	_	_	_	_	
17-11	2280-2283	als	_	_	_	_	_	
17-12	2284-2288	auch	_	_	_	_	_	
17-13	2289-2291	in	_	_	_	_	_	
17-14	2292-2295	der	_	_	_	_	_	
17-15	2296-2298	EU	_	_	_	_	_	
17-16	2299-2302	auf	_	_	_	_	_	
17-17	2303-2306	das	_	_	_	_	_	
17-18	2307-2316	britische	O	O	ADJA	_	_	
17-19	2317-2326	Parlament	O	O	NN	_	_	
17-20	2327-2336	gerichtet	O	KOMPL	VVPP	belong together	17-7	
17-21	2337-2341	sein	_	_	_	_	_	
17-22	2341-2342	.	_	_	_	_	_	
17-23	2342-2343	
	_	_	_	_	_	

#Text=Die Entscheidung über den Brexit-Vertrag und die möglichen Neuwahlen haben das Potenzial, die politische Landschaft in Großbritannien und Europa nachhaltig zu verändern.
#Text=
18-1	2343-2346	Die	_	_	_	_	_	
18-2	2347-2359	Entscheidung	O	O	NN	_	_	
18-3	2360-2364	über	_	_	_	_	_	
18-4	2365-2368	den	_	_	_	_	_	
18-5	2369-2383	Brexit-Vertrag	_	_	_	_	_	
18-6	2384-2387	und	_	_	_	_	_	
18-7	2388-2391	die	_	_	_	_	_	
18-8	2392-2401	möglichen	O	O	ADJA	_	_	
18-9	2402-2411	Neuwahlen	O	O	NN	_	_	
18-10	2412-2417	haben	_	_	_	_	_	
18-11	2418-2421	das	_	_	_	_	_	
18-12	2422-2431	Potenzial	KON	MRW	NN	_	_	
18-13	2431-2432	,	_	_	_	_	_	
18-14	2433-2436	die	_	_	_	_	_	
18-15	2437-2447	politische	O	O	ADJA	_	_	
18-16	2448-2458	Landschaft	KON	MRW	NN	_	_	
18-17	2459-2461	in	_	_	_	_	_	
18-18	2462-2476	Großbritannien	_	_	_	_	_	
18-19	2477-2480	und	_	_	_	_	_	
18-20	2481-2487	Europa	_	_	_	_	_	
18-21	2488-2498	nachhaltig	O	O	ADJD	_	_	
18-22	2499-2501	zu	_	_	_	_	_	
18-23	2502-2511	verändern	O	O	VVINF	_	_	
18-24	2511-2512	.	_	_	_	_	_	
18-25	2512-2513	
	_	_	_	_	_	

#Text=Die nächsten Wochen werden entscheidend dafür sein, wie und wann der Brexit vollzogen wird und welche Auswirkungen er auf die Zukunft der EU und Großbritanniens haben wird.
#Text=
19-1	2513-2516	Die	_	_	_	_	_	
19-2	2517-2525	nächsten	KON	MRW	ADJA	_	_	
19-3	2526-2532	Wochen	O	O	NN	_	_	
19-4	2533-2539	werden	_	_	_	_	_	
19-5	2540-2552	entscheidend	O	O	ADJD	_	_	
19-6	2553-2558	dafür	_	_	_	_	_	
19-7	2559-2563	sein	_	_	_	_	_	
19-8	2563-2564	,	_	_	_	_	_	
19-9	2565-2568	wie	_	_	_	_	_	
19-10	2569-2572	und	_	_	_	_	_	
19-11	2573-2577	wann	_	_	_	_	_	
19-12	2578-2581	der	_	_	_	_	_	
19-13	2582-2588	Brexit	_	_	_	_	_	
19-14	2589-2598	vollzogen	O	O	VVPP	_	_	
19-15	2599-2603	wird	_	_	_	_	_	
19-16	2604-2607	und	_	_	_	_	_	
19-17	2608-2614	welche	_	_	_	_	_	
19-18	2615-2627	Auswirkungen	O	O	NN	_	_	
19-19	2628-2630	er	_	_	_	_	_	
19-20	2631-2634	auf	_	_	_	_	_	
19-21	2635-2638	die	_	_	_	_	_	
19-22	2639-2646	Zukunft	O	O	NN	_	_	
19-23	2647-2650	der	_	_	_	_	_	
19-24	2651-2653	EU	_	_	_	_	_	
19-25	2654-2657	und	_	_	_	_	_	
19-26	2658-2673	Großbritanniens	_	_	_	_	_	
19-27	2674-2679	haben	_	_	_	_	_	
19-28	2680-2684	wird	_	_	_	_	_	
19-29	2684-2685	.	_	_	_	_	_	
19-30	2685-2686	
	_	_	_	_	_	
