#FORMAT=WebAnno TSV 3.3
#T_SP=webanno.custom.Metaphors|Conventionality|Metaphern
#T_SP=webanno.custom.POS|pos_tag
#T_RL=webanno.custom.UnitofAnalysis|bidirectionalrelation|BT_webanno.custom.Metaphors


#Text=Die Türkei und die USA haben sich auf eine Waffenruhe in Nordsyrien geeinigt.
#Text=
1-1	0-3	Die	_	_	_	_	_	
1-2	4-10	Türkei	_	_	_	_	_	
1-3	11-14	und	_	_	_	_	_	
1-4	15-18	die	_	_	_	_	_	
1-5	19-22	USA	_	_	_	_	_	
1-6	23-28	haben	_	_	_	_	_	
1-7	29-33	sich	_	_	_	_	_	
1-8	34-37	auf	_	_	_	_	_	
1-9	38-42	eine	_	_	_	_	_	
1-10	43-53	Waffenruhe	O	O	NN	_	_	
1-11	54-56	in	_	_	_	_	_	
1-12	57-67	Nordsyrien	_	_	_	_	_	
1-13	68-76	geeinigt	KON	MRW	VVPP	_	_	
1-14	76-77	.	_	_	_	_	_	
1-15	77-78	
	_	_	_	_	_	

#Text=Das sagte US-Vizepräsident Mike Pence nach einem Treffen mit dem türkischen Präsidenten Recep Tayyip Erdoğan in Ankara.
#Text=
2-1	78-81	Das	_	_	_	_	_	
2-2	82-87	sagte	O	O	VVFIN	_	_	
2-3	88-104	US-Vizepräsident	_	_	_	_	_	
2-4	105-109	Mike	_	_	_	_	_	
2-5	110-115	Pence	_	_	_	_	_	
2-6	116-120	nach	_	_	_	_	_	
2-7	121-126	einem	_	_	_	_	_	
2-8	127-134	Treffen	O	O	NN	_	_	
2-9	135-138	mit	_	_	_	_	_	
2-10	139-142	dem	_	_	_	_	_	
2-11	143-153	türkischen	O	O	ADJA	_	_	
2-12	154-165	Präsidenten	O	O	NN	_	_	
2-13	166-171	Recep	_	_	_	_	_	
2-14	172-178	Tayyip	_	_	_	_	_	
2-15	179-186	Erdoğan	_	_	_	_	_	
2-16	187-189	in	_	_	_	_	_	
2-17	190-196	Ankara	_	_	_	_	_	
2-18	196-197	.	_	_	_	_	_	
2-19	197-198	
	_	_	_	_	_	

#Text=Donald Trump twitterte von "großartigen Neuigkeiten".
#Text=
3-1	198-204	Donald	_	_	_	_	_	
3-2	205-210	Trump	_	_	_	_	_	
3-3	211-220	twitterte	O	O	VVFIN	_	_	
3-4	221-224	von	_	_	_	_	_	
3-5	225-226	"	_	_	_	_	_	
3-6	226-237	großartigen	O	O	ADJA	_	_	
3-7	238-249	Neuigkeiten	O	O	NN	_	_	
3-8	249-250	"	_	_	_	_	_	
3-9	250-251	.	_	_	_	_	_	
3-10	251-252	
	_	_	_	_	_	

#Text="Millionen Leben werden gerettet werden", so der US-Präsident.
#Text=
4-1	252-253	"	_	_	_	_	_	
4-2	253-262	Millionen	O	O	NN	_	_	
4-3	263-268	Leben	O	O	NN	_	_	
4-4	269-275	werden	_	_	_	_	_	
4-5	276-284	gerettet	O	O	VVPP	_	_	
4-6	285-291	werden	_	_	_	_	_	
4-7	291-292	"	_	_	_	_	_	
4-8	292-293	,	_	_	_	_	_	
4-9	294-296	so	_	_	_	_	_	
4-10	297-300	der	_	_	_	_	_	
4-11	301-313	US-Präsident	_	_	_	_	_	
4-12	313-314	.	_	_	_	_	_	
4-13	314-315	
	_	_	_	_	_	

#Text=Die Türkei betonte, sie wolle die Vereinbarung nicht als Waffenruhe verstanden wissen.
#Text=
5-1	315-318	Die	_	_	_	_	_	
5-2	319-325	Türkei	_	_	_	_	_	
5-3	326-333	betonte	KON	MRW	VVFIN	_	_	
5-4	333-334	,	_	_	_	_	_	
5-5	335-338	sie	_	_	_	_	_	
5-6	339-344	wolle	_	_	_	_	_	
5-7	345-348	die	_	_	_	_	_	
5-8	349-361	Vereinbarung	O	O	NN	_	_	
5-9	362-367	nicht	_	_	_	_	_	
5-10	368-371	als	_	_	_	_	_	
5-11	372-382	Waffenruhe	O	O	NN	_	_	
5-12	383-393	verstanden	KON	MRW	VVPP	_	_	
5-13	394-400	wissen	O	O	VVINF	_	_	
5-14	400-401	.	_	_	_	_	_	
5-15	401-402	
	_	_	_	_	_	

#Text=Die Offensive werde nicht gestoppt, sondern "unterbrochen", sagte der türkische Außenminister Mevlüt Çavuşoğlu.
#Text=
6-1	402-405	Die	_	_	_	_	_	
6-2	406-415	Offensive	O	O	NN	_	_	
6-3	416-421	werde	_	_	_	_	_	
6-4	422-427	nicht	_	_	_	_	_	
6-5	428-436	gestoppt	O	O	VVPP	_	_	
6-6	436-437	,	_	_	_	_	_	
6-7	438-445	sondern	_	_	_	_	_	
6-8	446-447	"	_	_	_	_	_	
6-9	447-459	unterbrochen	O	O	VVPP	_	_	
6-10	459-460	"	_	_	_	_	_	
6-11	460-461	,	_	_	_	_	_	
6-12	462-467	sagte	O	O	VVFIN	_	_	
6-13	468-471	der	_	_	_	_	_	
6-14	472-481	türkische	O	O	ADJA	_	_	
6-15	482-495	Außenminister	O	O	NN	_	_	
6-16	496-502	Mevlüt	_	_	_	_	_	
6-17	503-512	Çavuşoğlu	_	_	_	_	_	
6-18	512-513	.	_	_	_	_	_	
6-19	513-514	
	_	_	_	_	_	

#Text=Wenn die YPG innerhalb von fünf Tagen abgezogen sei, ihre schweren Waffen abgelegt und ihre Stellungen zerstört habe, werde die Offensive aber enden, fügte er hinzu.
#Text=
7-1	514-518	Wenn	_	_	_	_	_	
7-2	519-522	die	_	_	_	_	_	
7-3	523-526	YPG	_	_	_	_	_	
7-4	527-536	innerhalb	_	_	_	_	_	
7-5	537-540	von	_	_	_	_	_	
7-6	541-545	fünf	_	_	_	_	_	
7-7	546-551	Tagen	O	O	NN	_	_	
7-8	552-561	abgezogen	KON	MRW	VVPP	_	_	
7-9	562-565	sei	_	_	_	_	_	
7-10	565-566	,	_	_	_	_	_	
7-11	567-571	ihre	_	_	_	_	_	
7-12	572-580	schweren	KON	MRW	ADJA	_	_	
7-13	581-587	Waffen	O	O	NN	_	_	
7-14	588-596	abgelegt	O	O	VVPP	_	_	
7-15	597-600	und	_	_	_	_	_	
7-16	601-605	ihre	_	_	_	_	_	
7-17	606-616	Stellungen	KON	MRW	NN	_	_	
7-18	617-625	zerstört	O	O	VVPP	_	_	
7-19	626-630	habe	_	_	_	_	_	
7-20	630-631	,	_	_	_	_	_	
7-21	632-637	werde	_	_	_	_	_	
7-22	638-641	die	_	_	_	_	_	
7-23	642-651	Offensive	O	O	NN	_	_	
7-24	652-656	aber	_	_	_	_	_	
7-25	657-662	enden	O	WIDLII	VVINF	_	_	
7-26	662-663	,	_	_	_	_	_	
7-27	664-669	fügte	KON	MRW	VVFIN	_	_	
7-28	670-672	er	_	_	_	_	_	
7-29	673-678	hinzu	KON	MRW	PTKVZ	belong together	7-27	
7-30	678-679	.	_	_	_	_	_	
7-31	679-680	
	_	_	_	_	_	

#Text=Die von den Kurden angeführten Syrischen Demokratischen Kräfte (SDF) teilten mit, sie werden sich an die Waffenruhe halten.
#Text=
8-1	680-683	Die	_	_	_	_	_	
8-2	684-687	von	_	_	_	_	_	
8-3	688-691	den	_	_	_	_	_	
8-4	692-698	Kurden	O	O	NN	_	_	
8-5	699-710	angeführten	O	O	ADJA	_	_	
8-6	711-720	Syrischen	O	O	ADJA	_	_	
8-7	721-735	Demokratischen	O	O	ADJA	_	_	
8-8	736-742	Kräfte	KON	MRW	NN	_	_	
8-9	743-744	(	_	_	_	_	_	
8-10	744-747	SDF	_	_	_	_	_	
8-11	747-748	)	_	_	_	_	_	
8-12	749-756	teilten	O	O	VVFIN	belong together	8-13	
8-13	757-760	mit	O	O	PTKVZ	_	_	
8-14	760-761	,	_	_	_	_	_	
8-15	762-765	sie	_	_	_	_	_	
8-16	766-772	werden	_	_	_	_	_	
8-17	773-777	sich	_	_	_	_	_	
8-18	778-780	an	_	_	_	_	_	
8-19	781-784	die	_	_	_	_	_	
8-20	785-795	Waffenruhe	O	O	NN	_	_	
8-21	796-802	halten	KON	MRW	VVINF	_	_	
8-22	802-803	.	_	_	_	_	_	
8-23	803-804	
	_	_	_	_	_	

#Text=Ob sie aus der Gegend abziehen werden, ist allerdings unklar.
#Text=
9-1	804-806	Ob	_	_	_	_	_	
9-2	807-810	sie	_	_	_	_	_	
9-3	811-814	aus	_	_	_	_	_	
9-4	815-818	der	_	_	_	_	_	
9-5	819-825	Gegend	O	O	NN	_	_	
9-6	826-834	abziehen	KON	MRW	VVINF	_	_	
9-7	835-841	werden	_	_	_	_	_	
9-8	841-842	,	_	_	_	_	_	
9-9	843-846	ist	_	_	_	_	_	
9-10	847-857	allerdings	_	_	_	_	_	
9-11	858-864	unklar	KON	MRW	ADJD	_	_	
9-12	864-865	.	_	_	_	_	_	
9-13	865-866	
	_	_	_	_	_	

#Text=Die Türkei habe zugesichert, alle militärischen Aktionen für 120 Stunden zu unterbrechen, sagte Pence.
#Text=
10-1	866-869	Die	_	_	_	_	_	
10-2	870-876	Türkei	_	_	_	_	_	
10-3	877-881	habe	_	_	_	_	_	
10-4	882-893	zugesichert	O	O	VVPP	_	_	
10-5	893-894	,	_	_	_	_	_	
10-6	895-899	alle	_	_	_	_	_	
10-7	900-913	militärischen	O	O	ADJA	_	_	
10-8	914-922	Aktionen	O	O	NN	_	_	
10-9	923-926	für	_	_	_	_	_	
10-10	927-930	120	_	_	_	_	_	
10-11	931-938	Stunden	O	O	NN	_	_	
10-12	939-941	zu	_	_	_	_	_	
10-13	942-954	unterbrechen	KON	MRW	VVINF	_	_	
10-14	954-955	,	_	_	_	_	_	
10-15	956-961	sagte	O	O	VVFIN	_	_	
10-16	962-967	Pence	_	_	_	_	_	
10-17	967-968	.	_	_	_	_	_	
10-18	968-969	
	_	_	_	_	_	

#Text=Während der Waffenruhe könne die Kurden-Miliz YPG aus der Region abziehen.
#Text=
11-1	969-976	Während	_	_	_	_	_	
11-2	977-980	der	_	_	_	_	_	
11-3	981-991	Waffenruhe	O	O	NN	_	_	
11-4	992-997	könne	_	_	_	_	_	
11-5	998-1001	die	_	_	_	_	_	
11-6	1002-1014	Kurden-Miliz	O	O	NN	_	_	
11-7	1015-1018	YPG	_	_	_	_	_	
11-8	1019-1022	aus	_	_	_	_	_	
11-9	1023-1026	der	_	_	_	_	_	
11-10	1027-1033	Region	O	O	NN	_	_	
11-11	1034-1042	abziehen	KON	MRW	VVINF	_	_	
11-12	1042-1043	.	_	_	_	_	_	
11-13	1043-1044	
	_	_	_	_	_	

#Text=Der Militäreinsatz der Türkei werde ganz enden, sobald die YPG abgezogen sei.
#Text=
12-1	1044-1047	Der	_	_	_	_	_	
12-2	1048-1062	Militäreinsatz	O	O	NN	_	_	
12-3	1063-1066	der	_	_	_	_	_	
12-4	1067-1073	Türkei	_	_	_	_	_	
12-5	1074-1079	werde	_	_	_	_	_	
12-6	1080-1084	ganz	_	_	_	_	_	
12-7	1085-1090	enden	KON	MRW	VVINF	_	_	
12-8	1090-1091	,	_	_	_	_	_	
12-9	1092-1098	sobald	_	_	_	_	_	
12-10	1099-1102	die	_	_	_	_	_	
12-11	1103-1106	YPG	_	_	_	_	_	
12-12	1107-1116	abgezogen	KON	MRW	VVPP	_	_	
12-13	1117-1120	sei	_	_	_	_	_	
12-14	1120-1121	.	_	_	_	_	_	
12-15	1121-1122	
	_	_	_	_	_	

#Text=Pence sagte außerdem, die USA werden keine weiteren Sanktionen verhängen.
#Text=
13-1	1122-1127	Pence	_	_	_	_	_	
13-2	1128-1133	sagte	O	O	VVFIN	_	_	
13-3	1134-1142	außerdem	_	_	_	_	_	
13-4	1142-1143	,	_	_	_	_	_	
13-5	1144-1147	die	_	_	_	_	_	
13-6	1148-1151	USA	_	_	_	_	_	
13-7	1152-1158	werden	_	_	_	_	_	
13-8	1159-1164	keine	_	_	_	_	_	
13-9	1165-1173	weiteren	O	O	ADJA	_	_	
13-10	1174-1184	Sanktionen	O	O	NN	_	_	
13-11	1185-1194	verhängen	KON	MRW	VVFIN	_	_	
13-12	1194-1195	.	_	_	_	_	_	
13-13	1195-1196	
	_	_	_	_	_	

#Text=Wenn die permanente Waffenruhe eintrete, werde die USA auch bereits verhängte Strafmaßnahmen zurücknehmen.
#Text=
14-1	1196-1200	Wenn	_	_	_	_	_	
14-2	1201-1204	die	_	_	_	_	_	
14-3	1205-1215	permanente	O	O	ADJA	_	_	
14-4	1216-1226	Waffenruhe	O	O	NN	_	_	
14-5	1227-1235	eintrete	KON	MRW	VVFIN	_	_	
14-6	1235-1236	,	_	_	_	_	_	
14-7	1237-1242	werde	_	_	_	_	_	
14-8	1243-1246	die	_	_	_	_	_	
14-9	1247-1250	USA	_	_	_	_	_	
14-10	1251-1255	auch	_	_	_	_	_	
14-11	1256-1263	bereits	_	_	_	_	_	
14-12	1264-1273	verhängte	KON	MRW	ADJA	_	_	
14-13	1274-1288	Strafmaßnahmen	O	O	NN	_	_	
14-14	1289-1301	zurücknehmen	O	WIDLII	VVINF	_	_	
14-15	1301-1302	.	_	_	_	_	_	
14-16	1302-1303	
	_	_	_	_	_	

#Text=Erst am Mittwoch hatte Erdoğan noch eine Waffenruhe sowie Verhandlungen mit den Kurden kategorisch ausgeschlossen.
#Text=
15-1	1303-1307	Erst	_	_	_	_	_	
15-2	1308-1310	am	_	_	_	_	_	
15-3	1311-1319	Mittwoch	O	O	NN	_	_	
15-4	1320-1325	hatte	_	_	_	_	_	
15-5	1326-1333	Erdoğan	_	_	_	_	_	
15-6	1334-1338	noch	_	_	_	_	_	
15-7	1339-1343	eine	_	_	_	_	_	
15-8	1344-1354	Waffenruhe	O	O	NN	_	_	
15-9	1355-1360	sowie	_	_	_	_	_	
15-10	1361-1374	Verhandlungen	O	O	NN	_	_	
15-11	1375-1378	mit	_	_	_	_	_	
15-12	1379-1382	den	_	_	_	_	_	
15-13	1383-1389	Kurden	O	O	NN	_	_	
15-14	1390-1401	kategorisch	O	O	ADJD	_	_	
15-15	1402-1416	ausgeschlossen	KON	MRW	VVPP	_	_	
15-16	1416-1417	.	_	_	_	_	_	
15-17	1417-1418	
	_	_	_	_	_	

#Text=Die Türkei will jenseits ihrer Südgrenze in einem etwa 30 Kilometer breiten Streifen auf syrischem Territorium eine sogenannte Sicherheitszone errichten.
#Text=
16-1	1418-1421	Die	_	_	_	_	_	
16-2	1422-1428	Türkei	_	_	_	_	_	
16-3	1429-1433	will	_	_	_	_	_	
16-4	1434-1442	jenseits	_	_	_	_	_	
16-5	1443-1448	ihrer	_	_	_	_	_	
16-6	1449-1458	Südgrenze	O	O	NN	_	_	
16-7	1459-1461	in	_	_	_	_	_	
16-8	1462-1467	einem	_	_	_	_	_	
16-9	1468-1472	etwa	_	_	_	_	_	
16-10	1473-1475	30	_	_	_	_	_	
16-11	1476-1485	Kilometer	O	O	NN	_	_	
16-12	1486-1493	breiten	O	O	ADJA	_	_	
16-13	1494-1502	Streifen	O	O	NN	_	_	
16-14	1503-1506	auf	_	_	_	_	_	
16-15	1507-1516	syrischem	O	O	ADJA	_	_	
16-16	1517-1528	Territorium	O	O	NN	_	_	
16-17	1529-1533	eine	_	_	_	_	_	
16-18	1534-1544	sogenannte	O	O	ADJA	_	_	
16-19	1545-1560	Sicherheitszone	O	O	NN	_	_	
16-20	1561-1570	errichten	O	O	VVINF	_	_	
16-21	1570-1571	.	_	_	_	_	_	
16-22	1571-1572	
	_	_	_	_	_	

#Text=Mit seinem "Quelle des Friedens" genannten und seit einer Woche dauernden Angriff will das türkische Militär die YPG vertreiben.
#Text=
17-1	1572-1575	Mit	_	_	_	_	_	
17-2	1576-1582	seinem	_	_	_	_	_	
17-3	1583-1584	"	_	_	_	_	_	
17-4	1584-1590	Quelle	KON	MRW	NN	_	_	
17-5	1591-1594	des	_	_	_	_	_	
17-6	1595-1603	Friedens	O	O	NN	_	_	
17-7	1603-1604	"	_	_	_	_	_	
17-8	1605-1614	genannten	O	O	ADJA	_	_	
17-9	1615-1618	und	_	_	_	_	_	
17-10	1619-1623	seit	_	_	_	_	_	
17-11	1624-1629	einer	_	_	_	_	_	
17-12	1630-1635	Woche	O	O	NN	_	_	
17-13	1636-1645	dauernden	O	O	ADJA	_	_	
17-14	1646-1653	Angriff	O	O	NN	_	_	
17-15	1654-1658	will	_	_	_	_	_	
17-16	1659-1662	das	_	_	_	_	_	
17-17	1663-1672	türkische	O	O	ADJA	_	_	
17-18	1673-1680	Militär	O	O	NN	_	_	
17-19	1681-1684	die	_	_	_	_	_	
17-20	1685-1688	YPG	_	_	_	_	_	
17-21	1689-1699	vertreiben	O	O	VVINF	_	_	
17-22	1699-1700	.	_	_	_	_	_	
17-23	1700-1701	
	_	_	_	_	_	

#Text=Die YPG, die in der Region große Gebiete kontrolliert, wird von der Türkei als Terrororganisation betrachtet.
#Text=
18-1	1701-1704	Die	_	_	_	_	_	
18-2	1705-1708	YPG	_	_	_	_	_	
18-3	1708-1709	,	_	_	_	_	_	
18-4	1710-1713	die	_	_	_	_	_	
18-5	1714-1716	in	_	_	_	_	_	
18-6	1717-1720	der	_	_	_	_	_	
18-7	1721-1727	Region	O	O	NN	_	_	
18-8	1728-1733	große	O	O	ADJA	_	_	
18-9	1734-1741	Gebiete	O	O	NN	_	_	
18-10	1742-1754	kontrolliert	KON	MRW	VVFIN	_	_	
18-11	1754-1755	,	_	_	_	_	_	
18-12	1756-1760	wird	_	_	_	_	_	
18-13	1761-1764	von	_	_	_	_	_	
18-14	1765-1768	der	_	_	_	_	_	
18-15	1769-1775	Türkei	_	_	_	_	_	
18-16	1776-1779	als	_	_	_	_	_	
18-17	1780-1798	Terrororganisation	O	O	NN	_	_	
18-18	1799-1809	betrachtet	KON	MRW	VVPP	_	_	
18-19	1809-1810	.	_	_	_	_	_	
18-20	1810-1811	
	_	_	_	_	_	

#Text=Für die USA hingegen war die Miliz Verbündete im Kampf gegen den sogenannten Islamischen Staat.
#Text=
19-1	1811-1814	Für	_	_	_	_	_	
19-2	1815-1818	die	_	_	_	_	_	
19-3	1819-1822	USA	_	_	_	_	_	
19-4	1823-1831	hingegen	_	_	_	_	_	
19-5	1832-1835	war	_	_	_	_	_	
19-6	1836-1839	die	_	_	_	_	_	
19-7	1840-1845	Miliz	O	O	NN	_	_	
19-8	1846-1856	Verbündete	O	O	NN	_	_	
19-9	1857-1859	im	_	_	_	_	_	
19-10	1860-1865	Kampf	O	O	NN	_	_	
19-11	1866-1871	gegen	_	_	_	_	_	
19-12	1872-1875	den	_	_	_	_	_	
19-13	1876-1887	sogenannten	O	O	ADJA	_	_	
19-14	1888-1899	Islamischen	O	O	ADJA	_	_	
19-15	1900-1905	Staat	O	O	NN	_	_	
19-16	1905-1906	.	_	_	_	_	_	
19-17	1906-1907	
	_	_	_	_	_	

#Text=Vergangene Woche kündigten die USA an, ihre Truppen aus der Gegend abzuziehen, danach begann die Türkei ihre Offensive.
#Text=
20-1	1907-1917	Vergangene	O	O	ADJA	_	_	
20-2	1918-1923	Woche	O	O	NN	_	_	
20-3	1924-1933	kündigten	O	O	VVFIN	_	_	
20-4	1934-1937	die	_	_	_	_	_	
20-5	1938-1941	USA	_	_	_	_	_	
20-6	1942-1944	an	O	O	PTKVZ	belong together	20-3	
20-7	1944-1945	,	_	_	_	_	_	
20-8	1946-1950	ihre	_	_	_	_	_	
20-9	1951-1958	Truppen	O	O	NN	_	_	
20-10	1959-1962	aus	_	_	_	_	_	
20-11	1963-1966	der	_	_	_	_	_	
20-12	1967-1973	Gegend	O	O	NN	_	_	
20-13	1974-1984	abzuziehen	KON	MRW	VVIZU	_	_	
20-14	1984-1985	,	_	_	_	_	_	
20-15	1986-1992	danach	_	_	_	_	_	
20-16	1993-1999	begann	O	O	VVFIN	_	_	
20-17	2000-2003	die	_	_	_	_	_	
20-18	2004-2010	Türkei	_	_	_	_	_	
20-19	2011-2015	ihre	_	_	_	_	_	
20-20	2016-2025	Offensive	O	O	NN	_	_	
20-21	2025-2026	.	_	_	_	_	_	
20-22	2026-2027	
	_	_	_	_	_	

#Text=Der Einsatz war international auf Kritik gestoßen.
#Text=
21-1	2027-2030	Der	_	_	_	_	_	
21-2	2031-2038	Einsatz	KON	MRW	NN	_	_	
21-3	2039-2042	war	_	_	_	_	_	
21-4	2043-2056	international	O	O	ADJD	_	_	
21-5	2057-2060	auf	_	_	_	_	_	
21-6	2061-2067	Kritik	O	O	NN	_	_	
21-7	2068-2076	gestoßen	KON	MRW	VVPP	_	_	
21-8	2076-2077	.	_	_	_	_	_	
21-9	2077-2078	
	_	_	_	_	_	
