#FORMAT=WebAnno TSV 3.3
#T_SP=webanno.custom.Metaphors|Conventionality|Metaphern
#T_SP=webanno.custom.POS|pos_tag
#T_RL=webanno.custom.UnitofAnalysis|bidirectionalrelation|BT_webanno.custom.Metaphors


#Text=Jerusalem - Sara Netanjahu, die Ehefrau des israelischen Premierministers Benjamin Netanjahu, hat in einem gerichtlichen Vergleich eingewilligt, eine Geldstrafe zu zahlen und eine Teilschuld einzugestehen.
#Text=
1-1	0-9	Jerusalem	_	_	_	_	_	
1-2	10-11	-	_	_	_	_	_	
1-3	12-16	Sara	_	_	_	_	_	
1-4	17-26	Netanjahu	_	_	_	_	_	
1-5	26-27	,	_	_	_	_	_	
1-6	28-31	die	_	_	_	_	_	
1-7	32-39	Ehefrau	O	O	NN	_	_	
1-8	40-43	des	_	_	_	_	_	
1-9	44-56	israelischen	O	O	ADJA	_	_	
1-10	57-73	Premierministers	O	O	NN	_	_	
1-11	74-82	Benjamin	_	_	_	_	_	
1-12	83-92	Netanjahu	_	_	_	_	_	
1-13	92-93	,	_	_	_	_	_	
1-14	94-97	hat	_	_	_	_	_	
1-15	98-100	in	_	_	_	_	_	
1-16	101-106	einem	_	_	_	_	_	
1-17	107-120	gerichtlichen	O	O	ADJA	_	_	
1-18	121-130	Vergleich	O	O	NN	_	_	
1-19	131-143	eingewilligt	O	O	VVPP	_	_	
1-20	143-144	,	_	_	_	_	_	
1-21	145-149	eine	_	_	_	_	_	
1-22	150-160	Geldstrafe	O	O	NN	_	_	
1-23	161-163	zu	_	_	_	_	_	
1-24	164-170	zahlen	O	O	VVINF	_	_	
1-25	171-174	und	_	_	_	_	_	
1-26	175-179	eine	_	_	_	_	_	
1-27	180-190	Teilschuld	O	O	NN	_	_	
1-28	191-204	einzugestehen	O	O	VVIZU	_	_	
1-29	204-205	.	_	_	_	_	_	
1-30	205-206	
	_	_	_	_	_	

#Text=Der Grund: Sie hatte Luxusmahlzeiten auf Staatskosten bestellt.
#Text=
2-1	206-209	Der	_	_	_	_	_	
2-2	210-215	Grund	O	O	NN	_	_	
2-3	215-216	:	_	_	_	_	_	
2-4	217-220	Sie	_	_	_	_	_	
2-5	221-226	hatte	_	_	_	_	_	
2-6	227-242	Luxusmahlzeiten	_	_	NN	_	_	
2-6.1	227-232	Luxus	O	O	_	_	_	
2-6.2	232-242	mahlzeiten	O	O	_	_	_	
2-7	243-246	auf	_	_	_	_	_	
2-8	247-259	Staatskosten	O	O	NN	_	_	
2-9	260-268	bestellt	O	O	VVPP	_	_	
2-10	268-269	.	_	_	_	_	_	
2-11	269-270	
	_	_	_	_	_	

#Text=Die Einigung beendet einen langwierigen Rechtsstreit, der sowohl das politische als auch das private Leben der Netanjahus belastet hat.
#Text=
3-1	270-273	Die	_	_	_	_	_	
3-2	274-282	Einigung	O	O	NN	_	_	
3-3	283-290	beendet	O	O	VVFIN	_	_	
3-4	291-296	einen	_	_	_	_	_	
3-5	297-309	langwierigen	O	O	ADJA	_	_	
3-6	310-322	Rechtsstreit	O	O	NN	_	_	
3-7	322-323	,	_	_	_	_	_	
3-8	324-327	der	_	_	_	_	_	
3-9	328-334	sowohl	_	_	_	_	_	
3-10	335-338	das	_	_	_	_	_	
3-11	339-349	politische	O	O	ADJA	_	_	
3-12	350-353	als	_	_	_	_	_	
3-13	354-358	auch	_	_	_	_	_	
3-14	359-362	das	_	_	_	_	_	
3-15	363-370	private	O	O	ADJA	_	_	
3-16	371-376	Leben	O	O	NN	_	_	
3-17	377-380	der	_	_	_	_	_	
3-18	381-391	Netanjahus	_	_	_	_	_	
3-19	392-400	belastet	KON	MRW	VVPP	_	_	
3-20	401-404	hat	_	_	_	_	_	
3-21	404-405	.	_	_	_	_	_	
3-22	405-406	
	_	_	_	_	_	

#Text=Im Zentrum der Anklage stand der Vorwurf, dass Sara Netanjahu in den Jahren 2010 bis 2013 teure Mahlzeiten für offizielle Empfänge und private Dinner an die Residenz des Premierministers hatte liefern lassen.
#Text=
4-1	406-408	Im	_	_	_	_	_	
4-2	409-416	Zentrum	O	KOMPL	NN	_	_	
4-3	417-420	der	_	_	_	_	_	
4-4	421-428	Anklage	O	O	NN	_	_	
4-5	429-434	stand	O	KOMPL	VVFIN	belong together	4-2	
4-6	435-438	der	_	_	_	_	_	
4-7	439-446	Vorwurf	O	O	NN	_	_	
4-8	446-447	,	_	_	_	_	_	
4-9	448-452	dass	_	_	_	_	_	
4-10	453-457	Sara	_	_	_	_	_	
4-11	458-467	Netanjahu	_	_	_	_	_	
4-12	468-470	in	_	_	_	_	_	
4-13	471-474	den	_	_	_	_	_	
4-14	475-481	Jahren	O	O	NN	_	_	
4-15	482-486	2010	_	_	_	_	_	
4-16	487-490	bis	_	_	_	_	_	
4-17	491-495	2013	_	_	_	_	_	
4-18	496-501	teure	O	O	ADJA	_	_	
4-19	502-512	Mahlzeiten	O	O	NN	_	_	
4-20	513-516	für	_	_	_	_	_	
4-21	517-527	offizielle	O	O	ADJA	_	_	
4-22	528-536	Empfänge	O	O	NN	_	_	
4-23	537-540	und	_	_	_	_	_	
4-24	541-548	private	O	O	ADJA	_	_	
4-25	549-555	Dinner	O	O	NN	_	_	
4-26	556-558	an	_	_	_	_	_	
4-27	559-562	die	_	_	_	_	_	
4-28	563-571	Residenz	O	O	NN	_	_	
4-29	572-575	des	_	_	_	_	_	
4-30	576-592	Premierministers	O	O	NN	_	_	
4-31	593-598	hatte	_	_	_	_	_	
4-32	599-606	liefern	O	O	VVINF	_	_	
4-33	607-613	lassen	O	O	VVINF	_	_	
4-34	613-614	.	_	_	_	_	_	
4-35	614-615	
	_	_	_	_	_	

#Text=Dabei entstand ein Schaden von mehr als 100.000 Schekel (umgerechnet etwa 25.000 Euro).
#Text=
5-1	615-620	Dabei	_	_	_	_	_	
5-2	621-629	entstand	O	O	VVFIN	_	_	
5-3	630-633	ein	_	_	_	_	_	
5-4	634-641	Schaden	KON	MRW	NN	_	_	
5-5	642-645	von	_	_	_	_	_	
5-6	646-650	mehr	_	_	_	_	_	
5-7	651-654	als	_	_	_	_	_	
5-8	655-662	100.000	_	_	_	_	_	
5-9	663-670	Schekel	O	O	NN	_	_	
5-10	671-672	(	_	_	_	_	_	
5-11	672-683	umgerechnet	O	O	ADJD	_	_	
5-12	684-688	etwa	_	_	_	_	_	
5-13	689-695	25.000	_	_	_	_	_	
5-14	696-700	Euro	O	O	NN	_	_	
5-15	700-701	)	_	_	_	_	_	
5-16	701-702	.	_	_	_	_	_	
5-17	702-703	
	_	_	_	_	_	

#Text=Diese Kosten wurden widerrechtlich über staatliche Gelder abgerechnet.
#Text=
6-1	703-708	Diese	_	_	_	_	_	
6-2	709-715	Kosten	O	O	NN	_	_	
6-3	716-722	wurden	_	_	_	_	_	
6-4	723-737	widerrechtlich	O	O	ADJD	_	_	
6-5	738-742	über	_	_	_	_	_	
6-6	743-753	staatliche	O	O	ADJA	_	_	
6-7	754-760	Gelder	O	O	NN	_	_	
6-8	761-772	abgerechnet	O	O	VVPP	_	_	
6-9	772-773	.	_	_	_	_	_	
6-10	773-774	
	_	_	_	_	_	

#Text=Der Hintergrund der Affäre war eine Regelung, die es verbot, Mahlzeiten von Restaurants zu bestellen, solange ein Koch im Haushalt des Premierministers beschäftigt war.
#Text=
7-1	774-777	Der	_	_	_	_	_	
7-2	778-789	Hintergrund	KON	MRW	NN	_	_	
7-3	790-793	der	_	_	_	_	_	
7-4	794-800	Affäre	O	O	NN	_	_	
7-5	801-804	war	_	_	_	_	_	
7-6	805-809	eine	_	_	_	_	_	
7-7	810-818	Regelung	O	O	NN	_	_	
7-8	818-819	,	_	_	_	_	_	
7-9	820-823	die	_	_	_	_	_	
7-10	824-826	es	_	_	_	_	_	
7-11	827-833	verbot	O	O	VVFIN	_	_	
7-12	833-834	,	_	_	_	_	_	
7-13	835-845	Mahlzeiten	O	O	NN	_	_	
7-14	846-849	von	_	_	_	_	_	
7-15	850-861	Restaurants	O	O	NN	_	_	
7-16	862-864	zu	_	_	_	_	_	
7-17	865-874	bestellen	O	O	VVINF	_	_	
7-18	874-875	,	_	_	_	_	_	
7-19	876-883	solange	_	_	_	_	_	
7-20	884-887	ein	_	_	_	_	_	
7-21	888-892	Koch	O	O	NN	_	_	
7-22	893-895	im	_	_	_	_	_	
7-23	896-904	Haushalt	O	O	NN	_	_	
7-24	905-908	des	_	_	_	_	_	
7-25	909-925	Premierministers	O	O	NN	_	_	
7-26	926-937	beschäftigt	O	O	VVPP	_	_	
7-27	938-941	war	_	_	_	_	_	
7-28	941-942	.	_	_	_	_	_	
7-29	942-943	
	_	_	_	_	_	

#Text=Sara Netanjahu erklärte sich bereit, im Rahmen eines Deals mit der Staatsanwaltschaft 55.000 Schekel (ca. 13.800 Euro) Strafe und Rückerstattungen zu zahlen.
#Text=
8-1	943-947	Sara	_	_	_	_	_	
8-2	948-957	Netanjahu	_	_	_	_	_	
8-3	958-966	erklärte	O	O	VVFIN	_	_	
8-4	967-971	sich	_	_	_	_	_	
8-5	972-978	bereit	O	O	ADJD	belong together	8-3	
8-6	978-979	,	_	_	_	_	_	
8-7	980-982	im	_	_	_	_	_	
8-8	983-989	Rahmen	KON	MRW	NN	_	_	
8-9	990-995	eines	_	_	_	_	_	
8-10	996-1001	Deals	O	O	NN	_	_	
8-11	1002-1005	mit	_	_	_	_	_	
8-12	1006-1009	der	_	_	_	_	_	
8-13	1010-1028	Staatsanwaltschaft	O	O	NN	_	_	
8-14	1029-1035	55.000	_	_	_	_	_	
8-15	1036-1043	Schekel	O	O	NN	_	_	
8-16	1044-1045	(	_	_	_	_	_	
8-17	1045-1048	ca.	_	_	_	_	_	
8-18	1049-1055	13.800	_	_	_	_	_	
8-19	1056-1060	Euro	O	O	NN	_	_	
8-20	1060-1061	)	_	_	_	_	_	
8-21	1062-1068	Strafe	O	O	NN	_	_	
8-22	1069-1072	und	_	_	_	_	_	
8-23	1073-1089	Rückerstattungen	O	O	NN	_	_	
8-24	1090-1092	zu	_	_	_	_	_	
8-25	1093-1099	zahlen	O	O	VVINF	_	_	
8-26	1099-1100	.	_	_	_	_	_	
8-27	1100-1101	
	_	_	_	_	_	

#Text=Im Gegenzug stellte die Staatsanwaltschaft das Verfahren ein.
#Text=
9-1	1101-1103	Im	_	_	_	_	_	
9-2	1104-1112	Gegenzug	KON	MRW	NN	_	_	
9-3	1113-1120	stellte	O	WIDLII	VVFIN	_	_	
9-4	1121-1124	die	_	_	_	_	_	
9-5	1125-1143	Staatsanwaltschaft	O	O	NN	_	_	
9-6	1144-1147	das	_	_	_	_	_	
9-7	1148-1157	Verfahren	O	O	NN	_	_	
9-8	1158-1161	ein	O	WIDLII	PTKVZ	belong together	9-3	
9-9	1161-1162	.	_	_	_	_	_	
9-10	1162-1163	
	_	_	_	_	_	

#Text=Dieser Vergleich wurde vom Jerusalemer Magistratsgericht gebilligt und damit rechtskräftig.
#Text=
10-1	1163-1169	Dieser	_	_	_	_	_	
10-2	1170-1179	Vergleich	O	O	NN	_	_	
10-3	1180-1185	wurde	_	_	_	_	_	
10-4	1186-1189	vom	_	_	_	_	_	
10-5	1190-1201	Jerusalemer	O	O	ADJA	_	_	
10-6	1202-1219	Magistratsgericht	_	_	NN	_	_	
10-6.1	1202-1212	Magistrats	O	O	_	_	_	
10-6.2	1212-1219	gericht	O	O	_	_	_	
10-7	1220-1229	gebilligt	O	O	VVPP	_	_	
10-8	1230-1233	und	_	_	_	_	_	
10-9	1234-1239	damit	_	_	_	_	_	
10-10	1240-1253	rechtskräftig	O	O	ADJD	_	_	
10-11	1253-1254	.	_	_	_	_	_	
10-12	1254-1255	
	_	_	_	_	_	

#Text=Ihr Anwalt, Yossi Cohen, betonte, dass Frau Netanjahu keine strafrechtliche Schuld habe einräumen müssen.
#Text=
11-1	1255-1258	Ihr	_	_	_	_	_	
11-2	1259-1265	Anwalt	O	O	NN	_	_	
11-3	1265-1266	,	_	_	_	_	_	
11-4	1267-1272	Yossi	_	_	_	_	_	
11-5	1273-1278	Cohen	_	_	_	_	_	
11-6	1278-1279	,	_	_	_	_	_	
11-7	1280-1287	betonte	KON	MRW	VVFIN	_	_	
11-8	1287-1288	,	_	_	_	_	_	
11-9	1289-1293	dass	_	_	_	_	_	
11-10	1294-1298	Frau	O	O	NN	_	_	
11-11	1299-1308	Netanjahu	_	_	_	_	_	
11-12	1309-1314	keine	_	_	_	_	_	
11-13	1315-1330	strafrechtliche	O	O	ADJA	_	_	
11-14	1331-1337	Schuld	O	O	NN	_	_	
11-15	1338-1342	habe	_	_	_	_	_	
11-16	1343-1352	einräumen	O	O	VVINF	_	_	
11-17	1353-1359	müssen	_	_	_	_	_	
11-18	1359-1360	.	_	_	_	_	_	
11-19	1360-1361	
	_	_	_	_	_	

#Text=Stattdessen handele es sich lediglich um eine administrative Übereinkunft, um die Angelegenheit schnellstmöglich zu beenden und weiteren Schaden von der Familie sowie dem Land abzuwenden.
#Text=
12-1	1361-1372	Stattdessen	_	_	_	_	_	
12-2	1373-1380	handele	O	O	VVFIN	_	_	
12-3	1381-1383	es	_	_	_	_	_	
12-4	1384-1388	sich	_	_	_	_	_	
12-5	1389-1398	lediglich	_	_	_	_	_	
12-6	1399-1401	um	_	_	_	_	_	
12-7	1402-1406	eine	_	_	_	_	_	
12-8	1407-1421	administrative	O	O	ADJA	_	_	
12-9	1422-1434	Übereinkunft	O	O	NN	_	_	
12-10	1434-1435	,	_	_	_	_	_	
12-11	1436-1438	um	_	_	_	_	_	
12-12	1439-1442	die	_	_	_	_	_	
12-13	1443-1456	Angelegenheit	O	O	NN	_	_	
12-14	1457-1473	schnellstmöglich	O	O	ADJD	_	_	
12-15	1474-1476	zu	_	_	_	_	_	
12-16	1477-1484	beenden	O	O	VVINF	_	_	
12-17	1485-1488	und	_	_	_	_	_	
12-18	1489-1497	weiteren	O	O	ADJA	_	_	
12-19	1498-1505	Schaden	KON	MRW	NN	_	_	
12-20	1506-1509	von	_	_	_	_	_	
12-21	1510-1513	der	_	_	_	_	_	
12-22	1514-1521	Familie	O	O	NN	_	_	
12-23	1522-1527	sowie	_	_	_	_	_	
12-24	1528-1531	dem	_	_	_	_	_	
12-25	1532-1536	Land	O	O	NN	_	_	
12-26	1537-1547	abzuwenden	KON	MRW	VVIZU	_	_	
12-27	1547-1548	.	_	_	_	_	_	
12-28	1548-1549	
	_	_	_	_	_	

#Text="Frau Netanjahu hat sich keiner strafbaren Handlung schuldig gemacht," sagte Cohen.
#Text=
13-1	1549-1550	"	_	_	_	_	_	
13-2	1550-1554	Frau	O	O	NN	_	_	
13-3	1555-1564	Netanjahu	_	_	_	_	_	
13-4	1565-1568	hat	_	_	_	_	_	
13-5	1569-1573	sich	_	_	_	_	_	
13-6	1574-1580	keiner	_	_	_	_	_	
13-7	1581-1591	strafbaren	O	O	ADJA	_	_	
13-8	1592-1600	Handlung	O	O	NN	_	_	
13-9	1601-1609	schuldig	O	O	ADJD	_	_	
13-10	1610-1617	gemacht	O	O	VVPP	_	_	
13-11	1617-1618	,	_	_	_	_	_	
13-12	1618-1619	"	_	_	_	_	_	
13-13	1620-1625	sagte	O	O	VVFIN	_	_	
13-14	1626-1631	Cohen	_	_	_	_	_	
13-15	1631-1632	.	_	_	_	_	_	
13-16	1632-1633	
	_	_	_	_	_	

#Text="Der Fall wurde übertrieben und politisch instrumentalisiert.
#Text=
14-1	1633-1634	"	_	_	_	_	_	
14-2	1634-1637	Der	_	_	_	_	_	
14-3	1638-1642	Fall	O	O	NN	_	_	
14-4	1643-1648	wurde	_	_	_	_	_	
14-5	1649-1660	übertrieben	O	O	ADJD	_	_	
14-6	1661-1664	und	_	_	_	_	_	
14-7	1665-1674	politisch	O	O	ADJD	_	_	
14-8	1675-1693	instrumentalisiert	O	O	VVPP	_	_	
14-9	1693-1694	.	_	_	_	_	_	
14-10	1694-1695	
	_	_	_	_	_	

#Text="Kritiker sehen in der Affäre einen weiteren Beleg für den luxuriösen Lebensstil und die Missachtung der Vorschriften durch die Familie Netanjahu.
#Text=
15-1	1695-1696	"	_	_	_	_	_	
15-2	1696-1704	Kritiker	O	O	NN	_	_	
15-3	1705-1710	sehen	KON	MRW	VVFIN	_	_	
15-4	1711-1713	in	_	_	_	_	_	
15-5	1714-1717	der	_	_	_	_	_	
15-6	1718-1724	Affäre	O	O	NN	_	_	
15-7	1725-1730	einen	_	_	_	_	_	
15-8	1731-1739	weiteren	O	O	ADJA	_	_	
15-9	1740-1745	Beleg	O	O	NN	_	_	
15-10	1746-1749	für	_	_	_	_	_	
15-11	1750-1753	den	_	_	_	_	_	
15-12	1754-1764	luxuriösen	O	O	ADJA	_	_	
15-13	1765-1775	Lebensstil	O	O	NN	_	_	
15-14	1776-1779	und	_	_	_	_	_	
15-15	1780-1783	die	_	_	_	_	_	
15-16	1784-1795	Missachtung	O	O	NN	_	_	
15-17	1796-1799	der	_	_	_	_	_	
15-18	1800-1812	Vorschriften	O	O	NN	_	_	
15-19	1813-1818	durch	_	_	_	_	_	
15-20	1819-1822	die	_	_	_	_	_	
15-21	1823-1830	Familie	O	O	NN	_	_	
15-22	1831-1840	Netanjahu	_	_	_	_	_	
15-23	1840-1841	.	_	_	_	_	_	
15-24	1841-1842	
	_	_	_	_	_	

#Text=Premierminister Benjamin Netanjahu steht selbst unter anderem wegen Korruptionsvorwürfen unter Druck, was die öffentliche Empörung noch verstärkt.
#Text=
16-1	1842-1857	Premierminister	O	O	NN	_	_	
16-2	1858-1866	Benjamin	_	_	_	_	_	
16-3	1867-1876	Netanjahu	_	_	_	_	_	
16-4	1877-1882	steht	O	DFMA	VVFIN	_	_	
16-5	1883-1889	selbst	_	_	_	_	_	
16-6	1890-1895	unter	_	_	_	_	_	
16-7	1896-1903	anderem	_	_	_	_	_	
16-8	1904-1909	wegen	_	_	_	_	_	
16-9	1910-1930	Korruptionsvorwürfen	O	O	NN	_	_	
16-10	1931-1936	unter	_	_	_	_	_	
16-11	1937-1942	Druck	KON	MRW	NN	_	_	
16-12	1942-1943	,	_	_	_	_	_	
16-13	1944-1947	was	_	_	_	_	_	
16-14	1948-1951	die	_	_	_	_	_	
16-15	1952-1963	öffentliche	O	O	ADJA	_	_	
16-16	1964-1972	Empörung	O	O	NN	_	_	
16-17	1973-1977	noch	_	_	_	_	_	
16-18	1978-1987	verstärkt	KON	MRW	VVPP	_	_	
16-19	1987-1988	.	_	_	_	_	_	
16-20	1988-1989	
	_	_	_	_	_	

#Text=Dennoch könnte die Einigung Sara Netanjahu in der Öffentlichkeit entlasten, indem sie den Fall schließt und weitere Schlagzeilen vermeidet.
#Text=
17-1	1989-1996	Dennoch	_	_	_	_	_	
17-2	1997-2003	könnte	_	_	_	_	_	
17-3	2004-2007	die	_	_	_	_	_	
17-4	2008-2016	Einigung	O	O	NN	_	_	
17-5	2017-2021	Sara	_	_	_	_	_	
17-6	2022-2031	Netanjahu	_	_	_	_	_	
17-7	2032-2034	in	_	_	_	_	_	
17-8	2035-2038	der	_	_	_	_	_	
17-9	2039-2053	Öffentlichkeit	O	O	NN	_	_	
17-10	2054-2063	entlasten	O	O	VVINF	_	_	
17-11	2063-2064	,	_	_	_	_	_	
17-12	2065-2070	indem	_	_	_	_	_	
17-13	2071-2074	sie	_	_	_	_	_	
17-14	2075-2078	den	_	_	_	_	_	
17-15	2079-2083	Fall	O	O	NN	_	_	
17-16	2084-2092	schließt	KON	MRW	VVFIN	_	_	
17-17	2093-2096	und	_	_	_	_	_	
17-18	2097-2104	weitere	O	O	ADJA	_	_	
17-19	2105-2117	Schlagzeilen	O	O	NN	_	_	
17-20	2118-2127	vermeidet	O	O	VVFIN	_	_	
17-21	2127-2128	.	_	_	_	_	_	
17-22	2128-2129	
	_	_	_	_	_	

#Text=Für die politische Landschaft Israels bleibt abzuwarten, welche Auswirkungen diese Einigung auf die laufenden Ermittlungen gegen ihren Ehemann haben wird.
#Text=
18-1	2129-2132	Für	_	_	_	_	_	
18-2	2133-2136	die	_	_	_	_	_	
18-3	2137-2147	politische	O	O	ADJA	_	_	
18-4	2148-2158	Landschaft	KON	MRW	NN	_	_	
18-5	2159-2166	Israels	_	_	_	_	_	
18-6	2167-2173	bleibt	O	O	VVFIN	_	_	
18-7	2174-2184	abzuwarten	O	O	VVIZU	_	_	
18-8	2184-2185	,	_	_	_	_	_	
18-9	2186-2192	welche	_	_	_	_	_	
18-10	2193-2205	Auswirkungen	O	O	NN	_	_	
18-11	2206-2211	diese	_	_	_	_	_	
18-12	2212-2220	Einigung	O	O	NN	_	_	
18-13	2221-2224	auf	_	_	_	_	_	
18-14	2225-2228	die	_	_	_	_	_	
18-15	2229-2238	laufenden	O	O	ADJA	_	_	
18-16	2239-2251	Ermittlungen	O	O	NN	_	_	
18-17	2252-2257	gegen	_	_	_	_	_	
18-18	2258-2263	ihren	_	_	_	_	_	
18-19	2264-2271	Ehemann	O	O	NN	_	_	
18-20	2272-2277	haben	_	_	_	_	_	
18-21	2278-2282	wird	_	_	_	_	_	
18-22	2282-2283	.	_	_	_	_	_	
18-23	2283-2284	
	_	_	_	_	_	

#Text=Die Affäre um Luxusmahlzeiten auf Staatskosten stellt ein weiteres Kapitel in der Serie von Skandalen dar, die die Netanjahu-Familie in den letzten Jahren immer wieder eingeholt haben.
#Text=
19-1	2284-2287	Die	_	_	_	_	_	
19-2	2288-2294	Affäre	O	O	NN	_	_	
19-3	2295-2297	um	_	_	_	_	_	
19-4	2298-2313	Luxusmahlzeiten	_	_	NN	_	_	
19-4.1	2298-2303	Luxus	O	O	_	_	_	
19-4.2	2303-2313	mahlzeiten	O	O	_	_	_	
19-5	2314-2317	auf	_	_	_	_	_	
19-6	2318-2330	Staatskosten	O	O	NN	_	_	
19-7	2331-2337	stellt	O	PERS	VVFIN	_	_	
19-8	2338-2341	ein	_	_	_	_	_	
19-9	2342-2350	weiteres	O	O	ADJA	_	_	
19-10	2351-2358	Kapitel	KON	MRW	NN	_	_	
19-11	2359-2361	in	_	_	_	_	_	
19-12	2362-2365	der	_	_	_	_	_	
19-13	2366-2371	Serie	O	O	NN	_	_	
19-14	2372-2375	von	_	_	_	_	_	
19-15	2376-2385	Skandalen	O	O	NN	_	_	
19-16	2386-2389	dar	O	PERS	PTKVZ	belong together	19-7	
19-17	2389-2390	,	_	_	_	_	_	
19-18	2391-2394	die	_	_	_	_	_	
19-19	2395-2398	die	_	_	_	_	_	
19-20	2399-2416	Netanjahu-Familie	_	_	_	_	_	
19-21	2417-2419	in	_	_	_	_	_	
19-22	2420-2423	den	_	_	_	_	_	
19-23	2424-2431	letzten	O	O	ADJA	_	_	
19-24	2432-2438	Jahren	O	O	NN	_	_	
19-25	2439-2444	immer	_	_	_	_	_	
19-26	2445-2451	wieder	_	_	_	_	_	
19-27	2452-2461	eingeholt	O	PERS	VVPP	_	_	
19-28	2462-2467	haben	_	_	_	_	_	
19-29	2467-2468	.	_	_	_	_	_	
19-30	2468-2469	
	_	_	_	_	_	

#Text=Trotz des Schuldeingeständnisses und der Geldstrafe bleibt der Fall ein kontroverses Thema in Israel.
#Text=
20-1	2469-2474	Trotz	_	_	_	_	_	
20-2	2475-2478	des	_	_	_	_	_	
20-3	2479-2501	Schuldeingeständnisses	O	O	NN	_	_	
20-4	2502-2505	und	_	_	_	_	_	
20-5	2506-2509	der	_	_	_	_	_	
20-6	2510-2520	Geldstrafe	O	O	NN	_	_	
20-7	2521-2527	bleibt	O	O	VVFIN	_	_	
20-8	2528-2531	der	_	_	_	_	_	
20-9	2532-2536	Fall	O	O	NN	_	_	
20-10	2537-2540	ein	_	_	_	_	_	
20-11	2541-2553	kontroverses	O	O	ADJA	_	_	
20-12	2554-2559	Thema	O	O	NN	_	_	
20-13	2560-2562	in	_	_	_	_	_	
20-14	2563-2569	Israel	_	_	_	_	_	
20-15	2569-2570	.	_	_	_	_	_	
20-16	2570-2571	
	_	_	_	_	_	
