#FORMAT=WebAnno TSV 3.3
#T_SP=webanno.custom.MetaphorFlags|MetaphorFlag
#T_SP=webanno.custom.Metaphors|Conventionality|Metaphern
#T_SP=webanno.custom.POS|pos_tag
#T_RL=webanno.custom.UnitofAnalysis|bidirectionalrelation|BT_webanno.custom.Metaphors


#Text=Der britische Premierminister Boris Johnson steht weiterhin fest zu seinem Versprechen, das Vereinigte Königreich am 31. Oktober 2019 aus der Europäischen Union zu führen.
#Text=
1-1	0-3	Der	_	_	_	_	_	_	
1-2	4-13	britische	_	O	O	ADJA	_	_	
1-3	14-29	Premierminister	_	O	O	NN	_	_	
1-4	30-35	Boris	_	_	_	_	_	_	
1-5	36-43	Johnson	_	_	_	_	_	_	
1-6	44-49	steht	_	O	KOMPL	VVFIN	_	_	
1-7	50-59	weiterhin	_	_	_	_	_	_	
1-8	60-64	fest	_	O	KOMPL	ADJD	belong together	1-6	
1-9	65-67	zu	_	_	_	_	_	_	
1-10	68-74	seinem	_	_	_	_	_	_	
1-11	75-86	Versprechen	_	O	O	NN	_	_	
1-12	86-87	,	_	_	_	_	_	_	
1-13	88-91	das	_	_	_	_	_	_	
1-14	92-102	Vereinigte	_	_	_	_	_	_	
1-15	103-113	Königreich	_	_	_	_	_	_	
1-16	114-116	am	_	_	_	_	_	_	
1-17	117-120	31.	_	_	_	_	_	_	
1-18	121-128	Oktober	_	O	O	NN	_	_	
1-19	129-133	2019	_	_	_	_	_	_	
1-20	134-137	aus	_	_	_	_	_	_	
1-21	138-141	der	_	_	_	_	_	_	
1-22	142-154	Europäischen	_	_	_	_	_	_	
1-23	155-160	Union	_	_	_	_	_	_	
1-24	161-163	zu	_	_	_	_	_	_	
1-25	164-170	führen	_	KON	MRW	VVINF	_	_	
1-26	170-171	.	_	_	_	_	_	_	
1-27	171-172	
	_	_	_	_	_	_	

#Text=Ungeachtet der wachsenden Kritik und der politischen Unsicherheiten, die mit einem möglichen No-Deal-Brexit verbunden sind, verhärtet sich Johnsons Rhetorik, wobei er vermehrt auf drastische Vergleiche zurückgreift, um seine Standpunkte zu unterstreichen.
#Text=
2-1	172-182	Ungeachtet	_	_	_	_	_	_	
2-2	183-186	der	_	_	_	_	_	_	
2-3	187-197	wachsenden	_	O	PERS	ADJA	_	_	
2-4	198-204	Kritik	_	O	O	NN	_	_	
2-5	205-208	und	_	_	_	_	_	_	
2-6	209-212	der	_	_	_	_	_	_	
2-7	213-224	politischen	_	O	O	ADJA	_	_	
2-8	225-239	Unsicherheiten	_	O	O	NN	_	_	
2-9	239-240	,	_	_	_	_	_	_	
2-10	241-244	die	_	_	_	_	_	_	
2-11	245-248	mit	_	_	_	_	_	_	
2-12	249-254	einem	_	_	_	_	_	_	
2-13	255-264	möglichen	_	O	O	ADJA	_	_	
2-14	265-279	No-Deal-Brexit	_	_	_	_	_	_	
2-15	280-289	verbunden	_	KON	MRW	VVPP	_	_	
2-16	290-294	sind	_	_	_	_	_	_	
2-17	294-295	,	_	_	_	_	_	_	
2-18	296-305	verhärtet	_	KON	MRW	VVFIN	_	_	
2-19	306-310	sich	_	_	_	_	_	_	
2-20	311-319	Johnsons	_	_	_	_	_	_	
2-21	320-328	Rhetorik	_	O	O	NN	_	_	
2-22	328-329	,	_	_	_	_	_	_	
2-23	330-335	wobei	_	_	_	_	_	_	
2-24	336-338	er	_	_	_	_	_	_	
2-25	339-347	vermehrt	_	O	O	ADJD	_	_	
2-26	348-351	auf	_	_	_	_	_	_	
2-27	352-362	drastische	_	O	O	ADJA	_	_	
2-28	363-373	Vergleiche	MFlag	O	O	NN	_	_	
2-29	374-386	zurückgreift	_	O	WIDLII	VVFIN	_	_	
2-30	386-387	,	_	_	_	_	_	_	
2-31	388-390	um	_	_	_	_	_	_	
2-32	391-396	seine	_	_	_	_	_	_	
2-33	397-408	Standpunkte	_	KON	MRW	NN	_	_	
2-34	409-411	zu	_	_	_	_	_	_	
2-35	412-426	unterstreichen	_	KON	MRW	VVINF	_	_	
2-36	426-427	.	_	_	_	_	_	_	
2-37	427-428	
	_	_	_	_	_	_	

#Text=In einem Interview mit einer britischen Boulevardzeitung verglich sich Johnson mit dem wütenden Comic-Helden Hulk.
#Text=
3-1	428-430	In	_	_	_	_	_	_	
3-2	431-436	einem	_	_	_	_	_	_	
3-3	437-446	Interview	_	O	O	NN	_	_	
3-4	447-450	mit	_	_	_	_	_	_	
3-5	451-456	einer	_	_	_	_	_	_	
3-6	457-467	britischen	_	O	O	ADJA	_	_	
3-7	468-484	Boulevardzeitung	_	O	O	NN	_	_	
3-8	485-493	verglich	MFlag	O	O	VVFIN	_	_	
3-9	494-498	sich	_	_	_	_	_	_	
3-10	499-506	Johnson	_	_	_	_	_	_	
3-11	507-510	mit	_	_	_	_	_	_	
3-12	511-514	dem	_	_	_	_	_	_	
3-13	515-523	wütenden	_	O	KOMPL	ADJA	_	_	
3-14	524-536	Comic-Helden	_	O	KOMPL	NN	belong together	3-13	
3-15	537-541	Hulk	_	_	_	_	_	_	
3-16	541-542	.	_	_	_	_	_	_	
3-17	542-543	
	_	_	_	_	_	_	

#Text="Je wütender Hulk wird, desto stärker wird Hulk", erklärte Johnson, um seine Entschlossenheit zu unterstreichen.
#Text=
4-1	543-544	"	_	_	_	_	_	_	
4-2	544-546	Je	_	_	_	_	_	_	
4-3	547-555	wütender	_	O	KOMPL	ADJA	_	_	
4-4	556-560	Hulk	_	_	_	_	_	_	
4-5	561-565	wird	_	_	_	_	_	_	
4-6	565-566	,	_	_	_	_	_	_	
4-7	567-572	desto	_	_	_	_	_	_	
4-8	573-580	stärker	_	O	KOMPL	ADJD	belong together	4-3	
4-9	581-585	wird	_	_	_	_	_	_	
4-10	586-590	Hulk	_	_	_	_	_	_	
4-11	590-591	"	_	_	_	_	_	_	
4-12	591-592	,	_	_	_	_	_	_	
4-13	593-601	erklärte	_	O	O	VVFIN	_	_	
4-14	602-609	Johnson	_	_	_	_	_	_	
4-15	609-610	,	_	_	_	_	_	_	
4-16	611-613	um	_	_	_	_	_	_	
4-17	614-619	seine	_	_	_	_	_	_	
4-18	620-636	Entschlossenheit	_	O	O	NN	_	_	
4-19	637-639	zu	_	_	_	_	_	_	
4-20	640-654	unterstreichen	_	KON	MRW	VVINF	_	_	
4-21	654-655	.	_	_	_	_	_	_	
4-22	655-656	
	_	_	_	_	_	_	

#Text=Diese Aussage hat binnen kurzer Zeit sowohl international als auch innerhalb des Vereinigten Königreichs für Aufsehen gesorgt.
#Text=
5-1	656-661	Diese	_	_	_	_	_	_	
5-2	662-669	Aussage	_	O	O	NN	_	_	
5-3	670-673	hat	_	_	_	_	_	_	
5-4	674-680	binnen	_	_	_	_	_	_	
5-5	681-687	kurzer	_	KON	MRW	ADJA	_	_	
5-6	688-692	Zeit	_	O	O	NN	_	_	
5-7	693-699	sowohl	_	_	_	_	_	_	
5-8	700-713	international	_	O	O	ADJD	_	_	
5-9	714-717	als	_	_	_	_	_	_	
5-10	718-722	auch	_	_	_	_	_	_	
5-11	723-732	innerhalb	_	_	_	_	_	_	
5-12	733-736	des	_	_	_	_	_	_	
5-13	737-748	Vereinigten	_	_	_	_	_	_	
5-14	749-760	Königreichs	_	_	_	_	_	_	
5-15	761-764	für	_	_	_	_	_	_	
5-16	765-773	Aufsehen	_	O	O	NN	_	_	
5-17	774-781	gesorgt	_	O	WIDLII	VVPP	_	_	
5-18	781-782	.	_	_	_	_	_	_	
5-19	782-783	
	_	_	_	_	_	_	

#Text=Viele Kritiker sehen in diesem Vergleich eine unangemessene Vereinfachung komplexer politischer und wirtschaftlicher Realitäten.
#Text=
6-1	783-788	Viele	_	_	_	_	_	_	
6-2	789-797	Kritiker	_	O	O	NN	_	_	
6-3	798-803	sehen	_	KON	MRW	VVFIN	_	_	
6-4	804-806	in	_	_	_	_	_	_	
6-5	807-813	diesem	_	_	_	_	_	_	
6-6	814-823	Vergleich	MFlag	O	O	NN	_	_	
6-7	824-828	eine	_	_	_	_	_	_	
6-8	829-842	unangemessene	_	O	O	ADJA	_	_	
6-9	843-856	Vereinfachung	_	O	O	NN	_	_	
6-10	857-866	komplexer	_	O	O	ADJA	_	_	
6-11	867-878	politischer	_	O	O	ADJA	_	_	
6-12	879-882	und	_	_	_	_	_	_	
6-13	883-899	wirtschaftlicher	_	O	O	ADJA	_	_	
6-14	900-910	Realitäten	_	O	O	NN	_	_	
6-15	910-911	.	_	_	_	_	_	_	
6-16	911-912	
	_	_	_	_	_	_	

#Text=Die Opposition kritisiert Johnson nicht nur für seine Entschlossenheit, das Vereinigte Königreich notfalls ohne Abkommen zu verlassen, sondern auch für seinen Kommunikationsstil.
#Text=
7-1	912-915	Die	_	_	_	_	_	_	
7-2	916-926	Opposition	_	O	O	NN	_	_	
7-3	927-937	kritisiert	_	O	O	VVFIN	_	_	
7-4	938-945	Johnson	_	_	_	_	_	_	
7-5	946-951	nicht	_	_	_	_	_	_	
7-6	952-955	nur	_	_	_	_	_	_	
7-7	956-959	für	_	_	_	_	_	_	
7-8	960-965	seine	_	_	_	_	_	_	
7-9	966-982	Entschlossenheit	_	O	O	NN	_	_	
7-10	982-983	,	_	_	_	_	_	_	
7-11	984-987	das	_	_	_	_	_	_	
7-12	988-998	Vereinigte	_	_	_	_	_	_	
7-13	999-1009	Königreich	_	_	_	_	_	_	
7-14	1010-1018	notfalls	_	_	_	_	_	_	
7-15	1019-1023	ohne	_	_	_	_	_	_	
7-16	1024-1032	Abkommen	_	O	O	NN	_	_	
7-17	1033-1035	zu	_	_	_	_	_	_	
7-18	1036-1045	verlassen	_	KON	MRW	VVINF	_	_	
7-19	1045-1046	,	_	_	_	_	_	_	
7-20	1047-1054	sondern	_	_	_	_	_	_	
7-21	1055-1059	auch	_	_	_	_	_	_	
7-22	1060-1063	für	_	_	_	_	_	_	
7-23	1064-1070	seinen	_	_	_	_	_	_	
7-24	1071-1089	Kommunikationsstil	_	_	_	NN	_	_	
7-24.1	1071-1085	Kommunikations	_	O	O	_	_	_	
7-24.2	1085-1089	stil	_	O	O	_	_	_	
7-25	1089-1090	.	_	_	_	_	_	_	
7-26	1090-1091	
	_	_	_	_	_	_	

#Text=Jeremy Corbyn, der Vorsitzende der Labour-Partei, warf Johnson vor, die Bevölkerung zu täuschen und die tatsächlichen Konsequenzen eines No-Deal-Brexits zu unterschätzen.
#Text=
8-1	1091-1097	Jeremy	_	_	_	_	_	_	
8-2	1098-1104	Corbyn	_	_	_	_	_	_	
8-3	1104-1105	,	_	_	_	_	_	_	
8-4	1106-1109	der	_	_	_	_	_	_	
8-5	1110-1121	Vorsitzende	_	O	O	NN	_	_	
8-6	1122-1125	der	_	_	_	_	_	_	
8-7	1126-1139	Labour-Partei	_	O	O	NN	_	_	
8-8	1139-1140	,	_	_	_	_	_	_	
8-9	1141-1145	warf	_	KON	MRW	VVFIN	_	_	
8-10	1146-1153	Johnson	_	_	_	_	_	_	
8-11	1154-1157	vor	_	KON	MRW	PTKVZ	belong together	8-9	
8-12	1157-1158	,	_	_	_	_	_	_	
8-13	1159-1162	die	_	_	_	_	_	_	
8-14	1163-1174	Bevölkerung	_	O	O	NN	_	_	
8-15	1175-1177	zu	_	_	_	_	_	_	
8-16	1178-1186	täuschen	_	O	O	VVINF	_	_	
8-17	1187-1190	und	_	_	_	_	_	_	
8-18	1191-1194	die	_	_	_	_	_	_	
8-19	1195-1208	tatsächlichen	_	O	O	ADJA	_	_	
8-20	1209-1221	Konsequenzen	_	O	O	NN	_	_	
8-21	1222-1227	eines	_	_	_	_	_	_	
8-22	1228-1243	No-Deal-Brexits	_	_	_	_	_	_	
8-23	1244-1246	zu	_	_	_	_	_	_	
8-24	1247-1260	unterschätzen	_	O	O	VVINF	_	_	
8-25	1260-1261	.	_	_	_	_	_	_	
8-26	1261-1262	
	_	_	_	_	_	_	

#Text=Auch innerhalb der eigenen Partei stößt Johnson auf Widerstand.
#Text=
9-1	1262-1266	Auch	_	_	_	_	_	_	
9-2	1267-1276	innerhalb	_	_	_	_	_	_	
9-3	1277-1280	der	_	_	_	_	_	_	
9-4	1281-1288	eigenen	_	O	O	ADJA	_	_	
9-5	1289-1295	Partei	_	O	O	NN	_	_	
9-6	1296-1301	stößt	_	KON	MRW	VVFIN	_	_	
9-7	1302-1309	Johnson	_	_	_	_	_	_	
9-8	1310-1313	auf	_	_	_	_	_	_	
9-9	1314-1324	Widerstand	_	O	O	NN	_	_	
9-10	1324-1325	.	_	_	_	_	_	_	
9-11	1325-1326	
	_	_	_	_	_	_	

#Text=Mehrere konservative Abgeordnete haben ihre Bedenken geäußert und versuchen, gesetzliche Maßnahmen zu ergreifen, um einen Austritt ohne Abkommen zu verhindern.
#Text=
10-1	1326-1333	Mehrere	_	_	_	_	_	_	
10-2	1334-1346	konservative	_	O	O	ADJA	_	_	
10-3	1347-1358	Abgeordnete	_	O	O	NN	_	_	
10-4	1359-1364	haben	_	_	_	_	_	_	
10-5	1365-1369	ihre	_	_	_	_	_	_	
10-6	1370-1378	Bedenken	_	O	O	NN	_	_	
10-7	1379-1387	geäußert	_	O	O	VVPP	_	_	
10-8	1388-1391	und	_	_	_	_	_	_	
10-9	1392-1401	versuchen	_	O	O	VVINF	_	_	
10-10	1401-1402	,	_	_	_	_	_	_	
10-11	1403-1414	gesetzliche	_	O	O	ADJA	_	_	
10-12	1415-1424	Maßnahmen	_	O	O	NN	_	_	
10-13	1425-1427	zu	_	_	_	_	_	_	
10-14	1428-1437	ergreifen	_	KON	MRW	VVINF	_	_	
10-15	1437-1438	,	_	_	_	_	_	_	
10-16	1439-1441	um	_	_	_	_	_	_	
10-17	1442-1447	einen	_	_	_	_	_	_	
10-18	1448-1456	Austritt	_	KON	MRW	NN	_	_	
10-19	1457-1461	ohne	_	_	_	_	_	_	
10-20	1462-1470	Abkommen	_	O	O	NN	_	_	
10-21	1471-1473	zu	_	_	_	_	_	_	
10-22	1474-1484	verhindern	_	O	O	VVINF	_	_	
10-23	1484-1485	.	_	_	_	_	_	_	
10-24	1485-1486	
	_	_	_	_	_	_	

#Text=Neben dem Vergleich mit Hulk greift Johnson auch auf andere drastische Metaphern zurück.
#Text=
11-1	1486-1491	Neben	_	_	_	_	_	_	
11-2	1492-1495	dem	_	_	_	_	_	_	
11-3	1496-1505	Vergleich	MFlag	O	O	NN	_	_	
11-4	1506-1509	mit	_	_	_	_	_	_	
11-5	1510-1514	Hulk	_	_	_	_	_	_	
11-6	1515-1521	greift	_	O	WIDLII	VVFIN	_	_	
11-7	1522-1529	Johnson	_	_	_	_	_	_	
11-8	1530-1534	auch	_	_	_	_	_	_	
11-9	1535-1538	auf	_	_	_	_	_	_	
11-10	1539-1545	andere	_	O	O	ADJA	_	_	
11-11	1546-1556	drastische	_	O	O	ADJA	_	_	
11-12	1557-1566	Metaphern	MFlag	O	O	NN	_	_	
11-13	1567-1573	zurück	_	O	WIDLII	PTKVZ	belong together	11-6	
11-14	1573-1574	.	_	_	_	_	_	_	
11-15	1574-1575	
	_	_	_	_	_	_	

#Text=Er betonte erneut, dass das Vereinigte Königreich "die Ketten" der EU abwerfen müsse, um seine "wahre Stärke" zu entfalten.
#Text=
12-1	1575-1577	Er	_	_	_	_	_	_	
12-2	1578-1585	betonte	_	KON	MRW	VVFIN	_	_	
12-3	1586-1592	erneut	_	O	O	ADJD	_	_	
12-4	1592-1593	,	_	_	_	_	_	_	
12-5	1594-1598	dass	_	_	_	_	_	_	
12-6	1599-1602	das	_	_	_	_	_	_	
12-7	1603-1613	Vereinigte	_	_	_	_	_	_	
12-8	1614-1624	Königreich	_	_	_	_	_	_	
12-9	1625-1626	"	_	_	_	_	_	_	
12-10	1626-1629	die	_	_	_	_	_	_	
12-11	1630-1636	Ketten	_	O	KOMPL	NN	_	_	
12-12	1636-1637	"	_	_	_	_	_	_	
12-13	1638-1641	der	_	_	_	_	_	_	
12-14	1642-1644	EU	_	_	_	_	_	_	
12-15	1645-1653	abwerfen	_	O	KOMPL	VVINF	belong together	12-11	
12-16	1654-1659	müsse	_	_	_	_	_	_	
12-17	1659-1660	,	_	_	_	_	_	_	
12-18	1661-1663	um	_	_	_	_	_	_	
12-19	1664-1669	seine	_	_	_	_	_	_	
12-20	1670-1671	"	_	_	_	_	_	_	
12-21	1671-1676	wahre	_	O	O	ADJA	_	_	
12-22	1677-1683	Stärke	_	KON	MRW	NN	_	_	
12-23	1683-1684	"	_	_	_	_	_	_	
12-24	1685-1687	zu	_	_	_	_	_	_	
12-25	1688-1697	entfalten	_	KON	MRW	VVINF	_	_	
12-26	1697-1698	.	_	_	_	_	_	_	
12-27	1698-1699	
	_	_	_	_	_	_	

#Text=Die Europäische Union wurde von ihm wiederholt als hemmschuhartige Bürokratie dargestellt, die die Souveränität des Vereinigten Königreichs einschränke.
#Text=
13-1	1699-1702	Die	_	_	_	_	_	_	
13-2	1703-1714	Europäische	_	_	_	_	_	_	
13-3	1715-1720	Union	_	_	_	_	_	_	
13-4	1721-1726	wurde	_	_	_	_	_	_	
13-5	1727-1730	von	_	_	_	_	_	_	
13-6	1731-1734	ihm	_	_	_	_	_	_	
13-7	1735-1745	wiederholt	_	O	O	VVPP	_	_	
13-8	1746-1749	als	_	_	_	_	_	_	
13-9	1750-1765	hemmschuhartige	_	O	O	ADJA	_	_	
13-10	1766-1776	Bürokratie	_	O	O	NN	_	_	
13-11	1777-1788	dargestellt	_	KON	MRW	VVPP	_	_	
13-12	1788-1789	,	_	_	_	_	_	_	
13-13	1790-1793	die	_	_	_	_	_	_	
13-14	1794-1797	die	_	_	_	_	_	_	
13-15	1798-1810	Souveränität	_	O	O	NN	_	_	
13-16	1811-1814	des	_	_	_	_	_	_	
13-17	1815-1826	Vereinigten	_	_	_	_	_	_	
13-18	1827-1838	Königreichs	_	_	_	_	_	_	
13-19	1839-1850	einschränke	_	O	O	VVFIN	_	_	
13-20	1850-1851	.	_	_	_	_	_	_	
13-21	1851-1852	
	_	_	_	_	_	_	

#Text=Solche Aussagen treiben die ohnehin schon angespannte Stimmung zwischen London und Brüssel weiter auf die Spitze.
#Text=
14-1	1852-1858	Solche	_	_	_	_	_	_	
14-2	1859-1867	Aussagen	_	O	O	NN	_	_	
14-3	1868-1875	treiben	_	O	PERS	VVFIN	_	_	
14-4	1876-1879	die	_	_	_	_	_	_	
14-5	1880-1887	ohnehin	_	_	_	_	_	_	
14-6	1888-1893	schon	_	_	_	_	_	_	
14-7	1894-1905	angespannte	_	O	WIDLII	ADJA	_	_	
14-8	1906-1914	Stimmung	_	O	O	NN	_	_	
14-9	1915-1923	zwischen	_	_	_	_	_	_	
14-10	1924-1930	London	_	_	_	_	_	_	
14-11	1931-1934	und	_	_	_	_	_	_	
14-12	1935-1942	Brüssel	_	_	_	_	_	_	
14-13	1943-1949	weiter	_	_	_	_	_	_	
14-14	1950-1953	auf	_	_	_	_	_	_	
14-15	1954-1957	die	_	_	_	_	_	_	
14-16	1958-1964	Spitze	_	KON	MRW	NN	_	_	
14-17	1964-1965	.	_	_	_	_	_	_	
14-18	1965-1966	
	_	_	_	_	_	_	

#Text=Auf europäischer Seite zeigt sich wenig Verständnis für Johnsons rhetorische Eskapaden.
#Text=
15-1	1966-1969	Auf	_	_	_	_	_	_	
15-2	1970-1982	europäischer	_	O	O	ADJA	_	_	
15-3	1983-1988	Seite	_	KON	MRW	NN	_	_	
15-4	1989-1994	zeigt	_	O	PERS	VVFIN	_	_	
15-5	1995-1999	sich	_	_	_	_	_	_	
15-6	2000-2005	wenig	_	_	_	_	_	_	
15-7	2006-2017	Verständnis	_	O	O	NN	_	_	
15-8	2018-2021	für	_	_	_	_	_	_	
15-9	2022-2030	Johnsons	_	_	_	_	_	_	
15-10	2031-2042	rhetorische	_	O	O	ADJA	_	_	
15-11	2043-2052	Eskapaden	_	O	O	NN	_	_	
15-12	2052-2053	.	_	_	_	_	_	_	
15-13	2053-2054	
	_	_	_	_	_	_	

#Text=Michel Barnier, der Chefunterhändler der EU, betonte, dass die Situation zu ernst sei, um solche Vergleiche als Basis der Verhandlungen zu nutzen.
#Text=
16-1	2054-2060	Michel	_	_	_	_	_	_	
16-2	2061-2068	Barnier	_	_	_	_	_	_	
16-3	2068-2069	,	_	_	_	_	_	_	
16-4	2070-2073	der	_	_	_	_	_	_	
16-5	2074-2090	Chefunterhändler	_	O	O	NN	_	_	
16-6	2091-2094	der	_	_	_	_	_	_	
16-7	2095-2097	EU	_	_	_	_	_	_	
16-8	2097-2098	,	_	_	_	_	_	_	
16-9	2099-2106	betonte	_	KON	MRW	VVFIN	_	_	
16-10	2106-2107	,	_	_	_	_	_	_	
16-11	2108-2112	dass	_	_	_	_	_	_	
16-12	2113-2116	die	_	_	_	_	_	_	
16-13	2117-2126	Situation	_	O	O	NN	_	_	
16-14	2127-2129	zu	_	_	_	_	_	_	
16-15	2130-2135	ernst	_	O	WIDLII	ADJD	_	_	
16-16	2136-2139	sei	_	_	_	_	_	_	
16-17	2139-2140	,	_	_	_	_	_	_	
16-18	2141-2143	um	_	_	_	_	_	_	
16-19	2144-2150	solche	_	_	_	_	_	_	
16-20	2151-2161	Vergleiche	MFlag	O	O	NN	_	_	
16-21	2162-2165	als	_	_	_	_	_	_	
16-22	2166-2171	Basis	_	KON	MRW	NN	_	_	
16-23	2172-2175	der	_	_	_	_	_	_	
16-24	2176-2189	Verhandlungen	_	O	O	NN	_	_	
16-25	2190-2192	zu	_	_	_	_	_	_	
16-26	2193-2199	nutzen	_	O	O	VVINF	_	_	
16-27	2199-2200	.	_	_	_	_	_	_	
16-28	2200-2201	
	_	_	_	_	_	_	

#Text="Wir brauchen realistische und konstruktive Lösungsansätze, keine Comics", ließ Barnier verlauten.
#Text=
17-1	2201-2202	"	_	_	_	_	_	_	
17-2	2202-2205	Wir	_	_	_	_	_	_	
17-3	2206-2214	brauchen	_	O	O	VVFIN	_	_	
17-4	2215-2227	realistische	_	O	O	ADJA	_	_	
17-5	2228-2231	und	_	_	_	_	_	_	
17-6	2232-2244	konstruktive	_	O	O	ADJA	_	_	
17-7	2245-2259	Lösungsansätze	_	KON	MRW	NN	_	_	
17-8	2259-2260	,	_	_	_	_	_	_	
17-9	2261-2266	keine	_	_	_	_	_	_	
17-10	2267-2273	Comics	_	O	O	NN	_	_	
17-11	2273-2274	"	_	_	_	_	_	_	
17-12	2274-2275	,	_	_	_	_	_	_	
17-13	2276-2280	ließ	_	O	O	VVFIN	_	_	
17-14	2281-2288	Barnier	_	_	_	_	_	_	
17-15	2289-2298	verlauten	_	O	O	VVINF	_	_	
17-16	2298-2299	.	_	_	_	_	_	_	
17-17	2299-2300	
	_	_	_	_	_	_	

#Text=Auch einige EU-Staatschefs äußern ihre Besorgnis über die mögliche Destabilisierung der europäischen Wirtschaft, die ein No-Deal-Brexit mit sich bringen könnte.
#Text=
18-1	2300-2304	Auch	_	_	_	_	_	_	
18-2	2305-2311	einige	_	_	_	_	_	_	
18-3	2312-2326	EU-Staatschefs	_	_	_	_	_	_	
18-4	2327-2333	äußern	_	O	O	VVFIN	_	_	
18-5	2334-2338	ihre	_	_	_	_	_	_	
18-6	2339-2348	Besorgnis	_	O	O	NN	_	_	
18-7	2349-2353	über	_	_	_	_	_	_	
18-8	2354-2357	die	_	_	_	_	_	_	
18-9	2358-2366	mögliche	_	O	O	ADJA	_	_	
18-10	2367-2383	Destabilisierung	_	O	O	NN	_	_	
18-11	2384-2387	der	_	_	_	_	_	_	
18-12	2388-2400	europäischen	_	O	O	ADJA	_	_	
18-13	2401-2411	Wirtschaft	_	O	O	NN	_	_	
18-14	2411-2412	,	_	_	_	_	_	_	
18-15	2413-2416	die	_	_	_	_	_	_	
18-16	2417-2420	ein	_	_	_	_	_	_	
18-17	2421-2435	No-Deal-Brexit	_	_	_	_	_	_	
18-18	2436-2439	mit	_	_	_	_	_	_	
18-19	2440-2444	sich	_	_	_	_	_	_	
18-20	2445-2452	bringen	_	O	PERS	VVINF	_	_	
18-21	2453-2459	könnte	_	_	_	_	_	_	
18-22	2459-2460	.	_	_	_	_	_	_	
18-23	2460-2461	
	_	_	_	_	_	_	

#Text=Indessen bleibt unklar, wie Johnson seine Versprechen tatsächlich umsetzen will.
#Text=
19-1	2461-2469	Indessen	_	_	_	_	_	_	
19-2	2470-2476	bleibt	_	O	O	VVFIN	_	_	
19-3	2477-2483	unklar	_	KON	MRW	ADJD	_	_	
19-4	2483-2484	,	_	_	_	_	_	_	
19-5	2485-2488	wie	_	_	_	_	_	_	
19-6	2489-2496	Johnson	_	_	_	_	_	_	
19-7	2497-2502	seine	_	_	_	_	_	_	
19-8	2503-2514	Versprechen	_	O	O	NN	_	_	
19-9	2515-2526	tatsächlich	_	O	O	ADJD	_	_	
19-10	2527-2535	umsetzen	_	O	O	VVINF	_	_	
19-11	2536-2540	will	_	_	_	_	_	_	
19-12	2540-2541	.	_	_	_	_	_	_	
19-13	2541-2542	
	_	_	_	_	_	_	

#Text=Das britische Parlament hat mehrfach signalisiert, dass es keine Mehrheit für einen No-Deal-Brexit gibt.
#Text=
20-1	2542-2545	Das	_	_	_	_	_	_	
20-2	2546-2555	britische	_	O	O	ADJA	_	_	
20-3	2556-2565	Parlament	_	O	O	NN	_	_	
20-4	2566-2569	hat	_	_	_	_	_	_	
20-5	2570-2578	mehrfach	_	O	O	ADJD	_	_	
20-6	2579-2591	signalisiert	_	KON	MRW	VVPP	_	_	
20-7	2591-2592	,	_	_	_	_	_	_	
20-8	2593-2597	dass	_	_	_	_	_	_	
20-9	2598-2600	es	_	_	_	_	_	_	
20-10	2601-2606	keine	_	_	_	_	_	_	
20-11	2607-2615	Mehrheit	_	O	O	NN	_	_	
20-12	2616-2619	für	_	_	_	_	_	_	
20-13	2620-2625	einen	_	_	_	_	_	_	
20-14	2626-2640	No-Deal-Brexit	_	_	_	_	_	_	
20-15	2641-2645	gibt	_	O	O	VVFIN	_	_	
20-16	2645-2646	.	_	_	_	_	_	_	
20-17	2646-2647	
	_	_	_	_	_	_	

#Text=In den verbleibenden Wochen bis zum 31. Oktober wird sich zeigen, ob Johnson wirklich wie der Hulk agieren wird oder ob er unter dem Gewicht der politischen Realität nachgeben muss.
#Text=
21-1	2647-2649	In	_	_	_	_	_	_	
21-2	2650-2653	den	_	_	_	_	_	_	
21-3	2654-2667	verbleibenden	_	KON	MRW	ADJA	_	_	
21-4	2668-2674	Wochen	_	O	O	NN	_	_	
21-5	2675-2678	bis	_	_	_	_	_	_	
21-6	2679-2682	zum	_	_	_	_	_	_	
21-7	2683-2686	31.	_	_	_	_	_	_	
21-8	2687-2694	Oktober	_	O	O	NN	_	_	
21-9	2695-2699	wird	_	_	_	_	_	_	
21-10	2700-2704	sich	_	_	_	_	_	_	
21-11	2705-2711	zeigen	_	O	WIDLII	VVINF	_	_	
21-12	2711-2712	,	_	_	_	_	_	_	
21-13	2713-2715	ob	_	_	_	_	_	_	
21-14	2716-2723	Johnson	_	_	_	_	_	_	
21-15	2724-2732	wirklich	_	O	O	ADJD	_	_	
21-16	2733-2736	wie	MFlag	_	_	_	_	_	
21-17	2737-2740	der	_	_	_	_	_	_	
21-18	2741-2745	Hulk	_	_	_	_	_	_	
21-19	2746-2753	agieren	_	O	O	VVINF	_	_	
21-20	2754-2758	wird	_	_	_	_	_	_	
21-21	2759-2763	oder	_	_	_	_	_	_	
21-22	2764-2766	ob	_	_	_	_	_	_	
21-23	2767-2769	er	_	_	_	_	_	_	
21-24	2770-2775	unter	_	_	_	_	_	_	
21-25	2776-2779	dem	_	_	_	_	_	_	
21-26	2780-2787	Gewicht	_	KON	MRW	NN	_	_	
21-27	2788-2791	der	_	_	_	_	_	_	
21-28	2792-2803	politischen	_	O	O	ADJA	_	_	
21-29	2804-2812	Realität	_	O	O	NN	_	_	
21-30	2813-2822	nachgeben	_	KON	MRW	VVINF	_	_	
21-31	2823-2827	muss	_	_	_	_	_	_	
21-32	2827-2828	.	_	_	_	_	_	_	
21-33	2828-2829	
	_	_	_	_	_	_	
