#FORMAT=WebAnno TSV 3.3
#T_SP=webanno.custom.Metaphors|Conventionality|Metaphern
#T_SP=webanno.custom.POS|pos_tag
#T_RL=webanno.custom.UnitofAnalysis|bidirectionalrelation|BT_webanno.custom.Metaphors


#Text=Der Bundesgerichtshof (BGH) hat am Donnerstag ein weitreichendes Urteil zur sogenannten Mietpreisbremse gefällt.
#Text=
1-1	0-3	Der	_	_	_	_	_	
1-2	4-21	Bundesgerichtshof	O	O	NN	_	_	
1-3	22-23	(	_	_	_	_	_	
1-4	23-26	BGH	_	_	_	_	_	
1-5	26-27	)	_	_	_	_	_	
1-6	28-31	hat	_	_	_	_	_	
1-7	32-34	am	_	_	_	_	_	
1-8	35-45	Donnerstag	O	O	NN	_	_	
1-9	46-49	ein	_	_	_	_	_	
1-10	50-64	weitreichendes	KON	MRW	ADJA	_	_	
1-11	65-71	Urteil	O	O	NN	_	_	
1-12	72-75	zur	_	_	_	_	_	
1-13	76-87	sogenannten	O	O	ADJA	_	_	
1-14	88-103	Mietpreisbremse	O	O	NN	_	_	
1-15	104-111	gefällt	KON	MRW	VVFIN	_	_	
1-16	111-112	.	_	_	_	_	_	
1-17	112-113	
	_	_	_	_	_	

#Text=Das Land Hessen hatte seine Mietpreisbremse nicht ausreichend begründet, wodurch diese nun aufgehoben wurde.
#Text=
2-1	113-116	Das	_	_	_	_	_	
2-2	117-121	Land	O	O	NN	_	_	
2-3	122-128	Hessen	_	_	_	_	_	
2-4	129-134	hatte	_	_	_	_	_	
2-5	135-140	seine	_	_	_	_	_	
2-6	141-156	Mietpreisbremse	O	O	NN	_	_	
2-7	157-162	nicht	_	_	_	_	_	
2-8	163-174	ausreichend	O	O	ADJD	_	_	
2-9	175-184	begründet	O	O	VVPP	_	_	
2-10	184-185	,	_	_	_	_	_	
2-11	186-193	wodurch	_	_	_	_	_	
2-12	194-199	diese	_	_	_	_	_	
2-13	200-203	nun	_	_	_	_	_	
2-14	204-214	aufgehoben	O	O	VVPP	_	_	
2-15	215-220	wurde	_	_	_	_	_	
2-16	220-221	.	_	_	_	_	_	
2-17	221-222	
	_	_	_	_	_	

#Text=In dem Verfahren klagte ein Vermieter aus Frankfurt am Main gegen die Regelung.
#Text=
3-1	222-224	In	_	_	_	_	_	
3-2	225-228	dem	_	_	_	_	_	
3-3	229-238	Verfahren	O	O	NN	_	_	
3-4	239-245	klagte	O	O	VVFIN	_	_	
3-5	246-249	ein	_	_	_	_	_	
3-6	250-259	Vermieter	O	O	NN	_	_	
3-7	260-263	aus	_	_	_	_	_	
3-8	264-273	Frankfurt	_	_	_	_	_	
3-9	274-276	am	_	_	_	_	_	
3-10	277-281	Main	_	_	_	_	_	
3-11	282-287	gegen	_	_	_	_	_	
3-12	288-291	die	_	_	_	_	_	
3-13	292-300	Regelung	O	O	NN	_	_	
3-14	300-301	.	_	_	_	_	_	
3-15	301-302	
	_	_	_	_	_	

#Text=Laut dem BGH hat Hessen die notwendigen Begründungen für die Einführung der Mietpreisbremse nicht detailliert genug geliefert.
#Text=
4-1	302-306	Laut	_	_	_	_	_	
4-2	307-310	dem	_	_	_	_	_	
4-3	311-314	BGH	_	_	_	_	_	
4-4	315-318	hat	_	_	_	_	_	
4-5	319-325	Hessen	_	_	_	_	_	
4-6	326-329	die	_	_	_	_	_	
4-7	330-341	notwendigen	O	O	ADJA	_	_	
4-8	342-354	Begründungen	O	O	NN	_	_	
4-9	355-358	für	_	_	_	_	_	
4-10	359-362	die	_	_	_	_	_	
4-11	363-373	Einführung	KON	MRW	NN	_	_	
4-12	374-377	der	_	_	_	_	_	
4-13	378-393	Mietpreisbremse	O	O	NN	_	_	
4-14	394-399	nicht	_	_	_	_	_	
4-15	400-411	detailliert	O	O	ADJD	_	_	
4-16	412-417	genug	_	_	_	_	_	
4-17	418-427	geliefert	KON	MRW	VVPP	_	_	
4-18	427-428	.	_	_	_	_	_	
4-19	428-429	
	_	_	_	_	_	

#Text=Das Land hatte zwar versucht, eine nachträgliche Begründung nachzuschieben, doch auch diese reichte den Richtern in Karlsruhe nicht aus.
#Text=
5-1	429-432	Das	_	_	_	_	_	
5-2	433-437	Land	O	O	NN	_	_	
5-3	438-443	hatte	_	_	_	_	_	
5-4	444-448	zwar	_	_	_	_	_	
5-5	449-457	versucht	O	O	VVPP	_	_	
5-6	457-458	,	_	_	_	_	_	
5-7	459-463	eine	_	_	_	_	_	
5-8	464-477	nachträgliche	O	O	ADJA	_	_	
5-9	478-488	Begründung	O	O	NN	_	_	
5-10	489-503	nachzuschieben	KON	MRW	VVIZU	_	_	
5-11	503-504	,	_	_	_	_	_	
5-12	505-509	doch	_	_	_	_	_	
5-13	510-514	auch	_	_	_	_	_	
5-14	515-520	diese	_	_	_	_	_	
5-15	521-528	reichte	O	O	VVFIN	_	_	
5-16	529-532	den	_	_	_	_	_	
5-17	533-541	Richtern	O	O	NN	_	_	
5-18	542-544	in	_	_	_	_	_	
5-19	545-554	Karlsruhe	_	_	_	_	_	
5-20	555-560	nicht	_	_	_	_	_	
5-21	561-564	aus	O	O	PTKVZ	belong together	5-15	
5-22	564-565	.	_	_	_	_	_	
5-23	565-566	
	_	_	_	_	_	

#Text=In der Urteilsbegründung betonte der BGH, dass Transparenz und Nachvollziehbarkeit für solch weitreichende Eingriffe in den Wohnungsmarkt unabdingbar seien.
#Text=
6-1	566-568	In	_	_	_	_	_	
6-2	569-572	der	_	_	_	_	_	
6-3	573-590	Urteilsbegründung	O	O	NN	_	_	
6-4	591-598	betonte	KON	MRW	VVFIN	_	_	
6-5	599-602	der	_	_	_	_	_	
6-6	603-606	BGH	_	_	_	_	_	
6-7	606-607	,	_	_	_	_	_	
6-8	608-612	dass	_	_	_	_	_	
6-9	613-624	Transparenz	KON	MRW	NN	_	_	
6-10	625-628	und	_	_	_	_	_	
6-11	629-648	Nachvollziehbarkeit	O	O	NN	_	_	
6-12	649-652	für	_	_	_	_	_	
6-13	653-658	solch	_	_	_	_	_	
6-14	659-672	weitreichende	KON	MRW	ADJA	_	_	
6-15	673-682	Eingriffe	KON	MRW	NN	_	_	
6-16	683-685	in	_	_	_	_	_	
6-17	686-689	den	_	_	_	_	_	
6-18	690-703	Wohnungsmarkt	O	O	NN	_	_	
6-19	704-715	unabdingbar	O	O	ADJD	_	_	
6-20	716-721	seien	_	_	_	_	_	
6-21	721-722	.	_	_	_	_	_	
6-22	722-723	
	_	_	_	_	_	

#Text=Nur so könnten Betroffene die Rechtmäßigkeit der Maßnahmen prüfen und vor Gericht gegebenenfalls anfechten.
#Text=
7-1	723-726	Nur	_	_	_	_	_	
7-2	727-729	so	_	_	_	_	_	
7-3	730-737	könnten	_	_	_	_	_	
7-4	738-748	Betroffene	O	O	NN	_	_	
7-5	749-752	die	_	_	_	_	_	
7-6	753-767	Rechtmäßigkeit	O	O	NN	_	_	
7-7	768-771	der	_	_	_	_	_	
7-8	772-781	Maßnahmen	O	O	NN	_	_	
7-9	782-788	prüfen	O	O	VVINF	_	_	
7-10	789-792	und	_	_	_	_	_	
7-11	793-796	vor	_	_	_	_	_	
7-12	797-804	Gericht	O	O	NN	_	_	
7-13	805-819	gegebenenfalls	_	_	_	_	_	
7-14	820-829	anfechten	O	O	VVINF	_	_	
7-15	829-830	.	_	_	_	_	_	
7-16	830-831	
	_	_	_	_	_	

#Text=Die Mietpreisbremse wurde 2015 eingeführt, um den rasant steigenden Mieten in Ballungsgebieten entgegenzuwirken.
#Text=
8-1	831-834	Die	_	_	_	_	_	
8-2	835-850	Mietpreisbremse	O	O	NN	_	_	
8-3	851-856	wurde	_	_	_	_	_	
8-4	857-861	2015	_	_	_	_	_	
8-5	862-872	eingeführt	KON	MRW	VVPP	_	_	
8-6	872-873	,	_	_	_	_	_	
8-7	874-876	um	_	_	_	_	_	
8-8	877-880	den	_	_	_	_	_	
8-9	881-887	rasant	O	O	ADJD	_	_	
8-10	888-898	steigenden	KON	MRW	ADJA	_	_	
8-11	899-905	Mieten	O	O	NN	_	_	
8-12	906-908	in	_	_	_	_	_	
8-13	909-925	Ballungsgebieten	O	O	NN	_	_	
8-14	926-942	entgegenzuwirken	O	O	VVIZU	_	_	
8-15	942-943	.	_	_	_	_	_	
8-16	943-944	
	_	_	_	_	_	

#Text=Sie soll verhindern, dass Vermieter bei einem Mieterwechsel die Mieten stark erhöhen.
#Text=
9-1	944-947	Sie	_	_	_	_	_	
9-2	948-952	soll	_	_	_	_	_	
9-3	953-963	verhindern	O	PERS	VVINF	_	_	
9-4	963-964	,	_	_	_	_	_	
9-5	965-969	dass	_	_	_	_	_	
9-6	970-979	Vermieter	O	O	NN	_	_	
9-7	980-983	bei	_	_	_	_	_	
9-8	984-989	einem	_	_	_	_	_	
9-9	990-1003	Mieterwechsel	O	O	NN	_	_	
9-10	1004-1007	die	_	_	_	_	_	
9-11	1008-1014	Mieten	O	O	NN	_	_	
9-12	1015-1020	stark	KON	MRW	ADJD	_	_	
9-13	1021-1028	erhöhen	KON	MRW	VVINF	_	_	
9-14	1028-1029	.	_	_	_	_	_	
9-15	1029-1030	
	_	_	_	_	_	

#Text=Doch grundsätzlich sind die Bundesländer verpflichtet, in einer Rechtsverordnung genau zu definieren, in welchen Gebieten die Mietpreisbremse gilt und warum diese Maßnahme dort notwendig ist.
#Text=
10-1	1030-1034	Doch	_	_	_	_	_	
10-2	1035-1048	grundsätzlich	O	O	ADJD	_	_	
10-3	1049-1053	sind	_	_	_	_	_	
10-4	1054-1057	die	_	_	_	_	_	
10-5	1058-1070	Bundesländer	O	O	NN	_	_	
10-6	1071-1083	verpflichtet	O	O	VVPP	_	_	
10-7	1083-1084	,	_	_	_	_	_	
10-8	1085-1087	in	_	_	_	_	_	
10-9	1088-1093	einer	_	_	_	_	_	
10-10	1094-1110	Rechtsverordnung	O	O	NN	_	_	
10-11	1111-1116	genau	O	O	ADJD	_	_	
10-12	1117-1119	zu	_	_	_	_	_	
10-13	1120-1130	definieren	O	O	VVINF	_	_	
10-14	1130-1131	,	_	_	_	_	_	
10-15	1132-1134	in	_	_	_	_	_	
10-16	1135-1142	welchen	_	_	_	_	_	
10-17	1143-1151	Gebieten	O	O	NN	_	_	
10-18	1152-1155	die	_	_	_	_	_	
10-19	1156-1171	Mietpreisbremse	O	O	NN	_	_	
10-20	1172-1176	gilt	O	O	VVFIN	_	_	
10-21	1177-1180	und	_	_	_	_	_	
10-22	1181-1186	warum	_	_	_	_	_	
10-23	1187-1192	diese	_	_	_	_	_	
10-24	1193-1201	Maßnahme	O	O	NN	_	_	
10-25	1202-1206	dort	_	_	_	_	_	
10-26	1207-1216	notwendig	O	O	ADJD	_	_	
10-27	1217-1220	ist	_	_	_	_	_	
10-28	1220-1221	.	_	_	_	_	_	
10-29	1221-1222	
	_	_	_	_	_	

#Text=Im vorliegenden Fall bemängelte der BGH, dass Hessen weder die betroffenen Gebiete genau beschrieben noch ausreichend erläutert habe, wieso in diesen Gebieten eine Wohnungsnotlage herrsche.
#Text=
11-1	1222-1224	Im	_	_	_	_	_	
11-2	1225-1237	vorliegenden	KON	MRW	ADJA	_	_	
11-3	1238-1242	Fall	O	O	NN	_	_	
11-4	1243-1253	bemängelte	O	O	VVFIN	_	_	
11-5	1254-1257	der	_	_	_	_	_	
11-6	1258-1261	BGH	_	_	_	_	_	
11-7	1261-1262	,	_	_	_	_	_	
11-8	1263-1267	dass	_	_	_	_	_	
11-9	1268-1274	Hessen	_	_	_	_	_	
11-10	1275-1280	weder	_	_	_	_	_	
11-11	1281-1284	die	_	_	_	_	_	
11-12	1285-1296	betroffenen	O	O	ADJA	_	_	
11-13	1297-1304	Gebiete	O	O	NN	_	_	
11-14	1305-1310	genau	O	O	ADJD	_	_	
11-15	1311-1322	beschrieben	O	O	VVPP	_	_	
11-16	1323-1327	noch	_	_	_	_	_	
11-17	1328-1339	ausreichend	O	O	ADJD	_	_	
11-18	1340-1349	erläutert	O	O	VVPP	_	_	
11-19	1350-1354	habe	_	_	_	_	_	
11-20	1354-1355	,	_	_	_	_	_	
11-21	1356-1361	wieso	_	_	_	_	_	
11-22	1362-1364	in	_	_	_	_	_	
11-23	1365-1371	diesen	_	_	_	_	_	
11-24	1372-1380	Gebieten	O	O	NN	_	_	
11-25	1381-1385	eine	_	_	_	_	_	
11-26	1386-1401	Wohnungsnotlage	_	_	NN	_	_	
11-26.1	1386-1394	Wohnungs	O	O	_	_	_	
11-26.2	1394-1401	notlage	O	O	_	_	_	
11-27	1402-1410	herrsche	KON	MRW	VVFIN	_	_	
11-28	1410-1411	.	_	_	_	_	_	
11-29	1411-1412	
	_	_	_	_	_	

#Text=„Eine allgemein gehaltene Begründung ist nicht ausreichend,“ so der Vorsitzende Richter.
#Text=
12-1	1412-1413	„	_	_	_	_	_	
12-2	1413-1417	Eine	_	_	_	_	_	
12-3	1418-1427	allgemein	O	O	ADJD	_	_	
12-4	1428-1437	gehaltene	KON	MRW	ADJA	_	_	
12-5	1438-1448	Begründung	O	O	NN	_	_	
12-6	1449-1452	ist	_	_	_	_	_	
12-7	1453-1458	nicht	_	_	_	_	_	
12-8	1459-1470	ausreichend	O	O	ADJD	_	_	
12-9	1470-1471	,	_	_	_	_	_	
12-10	1471-1472	“	_	_	_	_	_	
12-11	1473-1475	so	_	_	_	_	_	
12-12	1476-1479	der	_	_	_	_	_	
12-13	1480-1491	Vorsitzende	O	O	ADJA	_	_	
12-14	1492-1499	Richter	O	O	NN	_	_	
12-15	1499-1500	.	_	_	_	_	_	
12-16	1500-1501	
	_	_	_	_	_	

#Text=„Es müssen konkrete, nachvollziehbare Daten und Fakten geliefert werden.
#Text=
13-1	1501-1502	„	_	_	_	_	_	
13-2	1502-1504	Es	_	_	_	_	_	
13-3	1505-1511	müssen	_	_	_	_	_	
13-4	1512-1520	konkrete	O	O	ADJA	_	_	
13-5	1520-1521	,	_	_	_	_	_	
13-6	1522-1538	nachvollziehbare	O	O	ADJA	_	_	
13-7	1539-1544	Daten	O	O	NN	_	_	
13-8	1545-1548	und	_	_	_	_	_	
13-9	1549-1555	Fakten	O	O	NN	_	_	
13-10	1556-1565	geliefert	KON	MRW	VVPP	_	_	
13-11	1566-1572	werden	_	_	_	_	_	
13-12	1572-1573	.	_	_	_	_	_	
13-13	1573-1574	
	_	_	_	_	_	

#Text=“Die hessische Landesregierung zeigte sich enttäuscht von dem Urteil, kündigte jedoch an, die Regelungen zur Mietpreisbremse schnellstmöglich nachbessern zu wollen.
#Text=
14-1	1574-1575	“	_	_	_	_	_	
14-2	1575-1578	Die	_	_	_	_	_	
14-3	1579-1588	hessische	O	O	ADJA	_	_	
14-4	1589-1604	Landesregierung	O	O	NN	_	_	
14-5	1605-1611	zeigte	KON	MRW	VVFIN	_	_	
14-6	1612-1616	sich	_	_	_	_	_	
14-7	1617-1627	enttäuscht	O	O	VVPP	_	_	
14-8	1628-1631	von	_	_	_	_	_	
14-9	1632-1635	dem	_	_	_	_	_	
14-10	1636-1642	Urteil	O	O	NN	_	_	
14-11	1642-1643	,	_	_	_	_	_	
14-12	1644-1652	kündigte	O	O	VVFIN	_	_	
14-13	1653-1659	jedoch	_	_	_	_	_	
14-14	1660-1662	an	O	O	PTKVZ	belong together	14-12	
14-15	1662-1663	,	_	_	_	_	_	
14-16	1664-1667	die	_	_	_	_	_	
14-17	1668-1678	Regelungen	O	O	NN	_	_	
14-18	1679-1682	zur	_	_	_	_	_	
14-19	1683-1698	Mietpreisbremse	O	O	NN	_	_	
14-20	1699-1715	schnellstmöglich	O	O	ADJD	_	_	
14-21	1716-1727	nachbessern	O	O	VVINF	_	_	
14-22	1728-1730	zu	_	_	_	_	_	
14-23	1731-1737	wollen	_	_	_	_	_	
14-24	1737-1738	.	_	_	_	_	_	
14-25	1738-1739	
	_	_	_	_	_	

#Text=„Wir nehmen das Urteil ernst und werden die Rechtsverordnung entsprechend den Anforderungen des BGH überarbeiten,“ erklärte der hessische Justizminister.
#Text=
15-1	1739-1740	„	_	_	_	_	_	
15-2	1740-1743	Wir	_	_	_	_	_	
15-3	1744-1750	nehmen	O	DFMA	VVFIN	_	_	
15-4	1751-1754	das	_	_	_	_	_	
15-5	1755-1761	Urteil	O	O	NN	_	_	
15-6	1762-1767	ernst	O	O	ADJD	_	_	
15-7	1768-1771	und	_	_	_	_	_	
15-8	1772-1778	werden	_	_	_	_	_	
15-9	1779-1782	die	_	_	_	_	_	
15-10	1783-1799	Rechtsverordnung	O	O	NN	_	_	
15-11	1800-1812	entsprechend	_	_	_	_	_	
15-12	1813-1816	den	_	_	_	_	_	
15-13	1817-1830	Anforderungen	O	O	NN	_	_	
15-14	1831-1834	des	_	_	_	_	_	
15-15	1835-1838	BGH	_	_	_	_	_	
15-16	1839-1851	überarbeiten	O	O	VVINF	_	_	
15-17	1851-1852	,	_	_	_	_	_	
15-18	1852-1853	“	_	_	_	_	_	
15-19	1854-1862	erklärte	O	O	VVFIN	_	_	
15-20	1863-1866	der	_	_	_	_	_	
15-21	1867-1876	hessische	O	O	ADJA	_	_	
15-22	1877-1891	Justizminister	O	O	NN	_	_	
15-23	1891-1892	.	_	_	_	_	_	
15-24	1892-1893	
	_	_	_	_	_	

#Text=Das Urteil hat auch Auswirkungen auf andere Bundesländer, die ähnliche Regelungen getroffen haben.
#Text=
16-1	1893-1896	Das	_	_	_	_	_	
16-2	1897-1903	Urteil	O	O	NN	_	_	
16-3	1904-1907	hat	_	_	_	_	_	
16-4	1908-1912	auch	_	_	_	_	_	
16-5	1913-1925	Auswirkungen	O	O	NN	_	_	
16-6	1926-1929	auf	_	_	_	_	_	
16-7	1930-1936	andere	O	O	ADJA	_	_	
16-8	1937-1949	Bundesländer	O	O	NN	_	_	
16-9	1949-1950	,	_	_	_	_	_	
16-10	1951-1954	die	_	_	_	_	_	
16-11	1955-1963	ähnliche	O	O	ADJA	_	_	
16-12	1964-1974	Regelungen	O	O	NN	_	_	
16-13	1975-1984	getroffen	O	O	VVPP	_	_	
16-14	1985-1990	haben	_	_	_	_	_	
16-15	1990-1991	.	_	_	_	_	_	
16-16	1991-1992	
	_	_	_	_	_	

#Text=Diese sind nun ebenfalls gefordert, ihre Verordnungen und deren Begründungen zu überprüfen und gegebenenfalls anzupassen.
#Text=
17-1	1992-1997	Diese	_	_	_	_	_	
17-2	1998-2002	sind	_	_	_	_	_	
17-3	2003-2006	nun	_	_	_	_	_	
17-4	2007-2016	ebenfalls	_	_	_	_	_	
17-5	2017-2026	gefordert	O	O	VVPP	_	_	
17-6	2026-2027	,	_	_	_	_	_	
17-7	2028-2032	ihre	_	_	_	_	_	
17-8	2033-2045	Verordnungen	O	O	NN	_	_	
17-9	2046-2049	und	_	_	_	_	_	
17-10	2050-2055	deren	_	_	_	_	_	
17-11	2056-2068	Begründungen	O	O	NN	_	_	
17-12	2069-2071	zu	_	_	_	_	_	
17-13	2072-2082	überprüfen	O	O	VVINF	_	_	
17-14	2083-2086	und	_	_	_	_	_	
17-15	2087-2101	gegebenenfalls	_	_	_	_	_	
17-16	2102-2112	anzupassen	O	O	VVIZU	_	_	
17-17	2112-2113	.	_	_	_	_	_	
17-18	2113-2114	
	_	_	_	_	_	

#Text=Mieterschutzverbände befürchten nun eine Welle von Klagen gegen die Mietpreisbremse in anderen Bundesländern.
#Text=
18-1	2114-2134	Mieterschutzverbände	_	_	NN	_	_	
18-1.1	2114-2126	Mieterschutz	O	O	_	_	_	
18-1.2	2126-2134	verbände	O	O	_	_	_	
18-2	2135-2145	befürchten	O	O	VVFIN	_	_	
18-3	2146-2149	nun	_	_	_	_	_	
18-4	2150-2154	eine	_	_	_	_	_	
18-5	2155-2160	Welle	KON	MRW	NN	_	_	
18-6	2161-2164	von	_	_	_	_	_	
18-7	2165-2171	Klagen	O	O	NN	_	_	
18-8	2172-2177	gegen	_	_	_	_	_	
18-9	2178-2181	die	_	_	_	_	_	
18-10	2182-2197	Mietpreisbremse	O	O	NN	_	_	
18-11	2198-2200	in	_	_	_	_	_	
18-12	2201-2208	anderen	O	O	ADJA	_	_	
18-13	2209-2222	Bundesländern	O	O	NN	_	_	
18-14	2222-2223	.	_	_	_	_	_	
18-15	2223-2224	
	_	_	_	_	_	

#Text=Vermieter hingegen sehen sich in ihrer Position gestärkt und hoffen auf weitere Urteile, die die Mietpreisbremse infrage stellen könnten.
#Text=
19-1	2224-2233	Vermieter	O	O	NN	_	_	
19-2	2234-2242	hingegen	_	_	_	_	_	
19-3	2243-2248	sehen	KON	MRW	VVFIN	_	_	
19-4	2249-2253	sich	_	_	_	_	_	
19-5	2254-2256	in	_	_	_	_	_	
19-6	2257-2262	ihrer	_	_	_	_	_	
19-7	2263-2271	Position	KON	MRW	NN	_	_	
19-8	2272-2280	gestärkt	KON	MRW	VVPP	_	_	
19-9	2281-2284	und	_	_	_	_	_	
19-10	2285-2291	hoffen	O	O	VVFIN	_	_	
19-11	2292-2295	auf	_	_	_	_	_	
19-12	2296-2303	weitere	O	O	ADJA	_	_	
19-13	2304-2311	Urteile	O	O	NN	_	_	
19-14	2311-2312	,	_	_	_	_	_	
19-15	2313-2316	die	_	_	_	_	_	
19-16	2317-2320	die	_	_	_	_	_	
19-17	2321-2336	Mietpreisbremse	O	O	NN	_	_	
19-18	2337-2344	infrage	_	_	_	_	_	
19-19	2345-2352	stellen	O	DFMA	VVINF	_	_	
19-20	2353-2360	könnten	_	_	_	_	_	
19-21	2360-2361	.	_	_	_	_	_	
19-22	2361-2362	
	_	_	_	_	_	
