#FORMAT=WebAnno TSV 3.3
#T_SP=webanno.custom.Metaphors|Conventionality|Metaphern
#T_SP=webanno.custom.POS|pos_tag
#T_RL=webanno.custom.UnitofAnalysis|bidirectionalrelation|BT_webanno.custom.Metaphors


#Text=Hongkong - Die Proteste in Hongkong haben nach dem tragischen Tod eines Studenten neuen Auftrieb erhalten.
#Text=
1-1	0-8	Hongkong	_	_	_	_	_	
1-2	9-10	-	_	_	_	_	_	
1-3	11-14	Die	_	_	_	_	_	
1-4	15-23	Proteste	O	O	NN	_	_	
1-5	24-26	in	_	_	_	_	_	
1-6	27-35	Hongkong	_	_	_	_	_	
1-7	36-41	haben	_	_	_	_	_	
1-8	42-46	nach	_	_	_	_	_	
1-9	47-50	dem	_	_	_	_	_	
1-10	51-61	tragischen	O	O	ADJA	_	_	
1-11	62-65	Tod	O	O	NN	_	_	
1-12	66-71	eines	_	_	_	_	_	
1-13	72-81	Studenten	O	O	NN	_	_	
1-14	82-87	neuen	O	O	ADJA	_	_	
1-15	88-96	Auftrieb	KON	MRW	NN	_	_	
1-16	97-105	erhalten	O	PERS	VVINF	_	_	
1-17	105-106	.	_	_	_	_	_	
1-18	106-107	
	_	_	_	_	_	

#Text=Am Montagmorgen eskalierten die Auseinandersetzungen, als ein Polizist während einer Demonstration seine Schusswaffe einsetzte und auf Demonstranten feuerte.
#Text=
2-1	107-109	Am	_	_	_	_	_	
2-2	110-122	Montagmorgen	O	O	NN	_	_	
2-3	123-134	eskalierten	O	O	VVFIN	_	_	
2-4	135-138	die	_	_	_	_	_	
2-5	139-159	Auseinandersetzungen	O	O	NN	_	_	
2-6	159-160	,	_	_	_	_	_	
2-7	161-164	als	_	_	_	_	_	
2-8	165-168	ein	_	_	_	_	_	
2-9	169-177	Polizist	O	O	NN	_	_	
2-10	178-185	während	_	_	_	_	_	
2-11	186-191	einer	_	_	_	_	_	
2-12	192-205	Demonstration	O	O	NN	_	_	
2-13	206-211	seine	_	_	_	_	_	
2-14	212-223	Schusswaffe	O	O	NN	_	_	
2-15	224-233	einsetzte	O	O	VVFIN	_	_	
2-16	234-237	und	_	_	_	_	_	
2-17	238-241	auf	_	_	_	_	_	
2-18	242-255	Demonstranten	O	O	NN	_	_	
2-19	256-263	feuerte	O	O	VVFIN	_	_	
2-20	263-264	.	_	_	_	_	_	
2-21	264-265	
	_	_	_	_	_	

#Text=Die Situation entwickelte sich dramatisch in den frühen Morgenstunden des 11. Novembers im Stadtteil Sai Wan Ho.
#Text=
3-1	265-268	Die	_	_	_	_	_	
3-2	269-278	Situation	O	O	NN	_	_	
3-3	279-290	entwickelte	O	O	VVFIN	_	_	
3-4	291-295	sich	_	_	_	_	_	
3-5	296-306	dramatisch	KON	MRW	ADJD	_	_	
3-6	307-309	in	_	_	_	_	_	
3-7	310-313	den	_	_	_	_	_	
3-8	314-320	frühen	O	O	ADJA	_	_	
3-9	321-334	Morgenstunden	O	O	NN	_	_	
3-10	335-338	des	_	_	_	_	_	
3-11	339-342	11.	_	_	_	_	_	
3-12	343-352	Novembers	O	O	NN	_	_	
3-13	353-355	im	_	_	_	_	_	
3-14	356-365	Stadtteil	O	O	NN	_	_	
3-15	366-369	Sai	_	_	_	_	_	
3-16	370-373	Wan	_	_	_	_	_	
3-17	374-376	Ho	_	_	_	_	_	
3-18	376-377	.	_	_	_	_	_	
3-19	377-378	
	_	_	_	_	_	

#Text=Demonstranten blockierten Straßen und errichteten Barrikaden, um ihre Forderungen nach mehr Demokratie und Polizeireformen zu unterstreichen.
#Text=
4-1	378-391	Demonstranten	O	O	NN	_	_	
4-2	392-403	blockierten	O	O	VVFIN	_	_	
4-3	404-411	Straßen	O	O	NN	_	_	
4-4	412-415	und	_	_	_	_	_	
4-5	416-427	errichteten	O	O	ADJA	_	_	
4-6	428-438	Barrikaden	O	O	NN	_	_	
4-7	438-439	,	_	_	_	_	_	
4-8	440-442	um	_	_	_	_	_	
4-9	443-447	ihre	_	_	_	_	_	
4-10	448-459	Forderungen	O	O	NN	_	_	
4-11	460-464	nach	_	_	_	_	_	
4-12	465-469	mehr	_	_	_	_	_	
4-13	470-480	Demokratie	O	O	NN	_	_	
4-14	481-484	und	_	_	_	_	_	
4-15	485-500	Polizeireformen	_	_	NN	_	_	
4-15.1	485-492	Polizei	O	O	_	_	_	
4-15.2	492-500	reformen	O	O	_	_	_	
4-16	501-503	zu	_	_	_	_	_	
4-17	504-518	unterstreichen	KON	MRW	VVINF	_	_	
4-18	518-519	.	_	_	_	_	_	
4-19	519-520	
	_	_	_	_	_	

#Text=Ein 21-jähriger Student war wenige Tage zuvor gestorben, nachdem er bei einem Zusammenstoß mit der Polizei von einem Parkhaus in die Tiefe gestürzt war.
#Text=
5-1	520-523	Ein	_	_	_	_	_	
5-2	524-535	21-jähriger	_	_	_	_	_	
5-3	536-543	Student	O	O	NN	_	_	
5-4	544-547	war	_	_	_	_	_	
5-5	548-554	wenige	_	_	_	_	_	
5-6	555-559	Tage	O	O	NN	_	_	
5-7	560-565	zuvor	_	_	_	_	_	
5-8	566-575	gestorben	O	O	VVPP	_	_	
5-9	575-576	,	_	_	_	_	_	
5-10	577-584	nachdem	_	_	_	_	_	
5-11	585-587	er	_	_	_	_	_	
5-12	588-591	bei	_	_	_	_	_	
5-13	592-597	einem	_	_	_	_	_	
5-14	598-610	Zusammenstoß	O	WIDLII	NN	_	_	
5-15	611-614	mit	_	_	_	_	_	
5-16	615-618	der	_	_	_	_	_	
5-17	619-626	Polizei	O	O	NN	_	_	
5-18	627-630	von	_	_	_	_	_	
5-19	631-636	einem	_	_	_	_	_	
5-20	637-645	Parkhaus	O	O	NN	_	_	
5-21	646-648	in	_	_	_	_	_	
5-22	649-652	die	_	_	_	_	_	
5-23	653-658	Tiefe	O	O	NN	_	_	
5-24	659-667	gestürzt	O	O	VVPP	_	_	
5-25	668-671	war	_	_	_	_	_	
5-26	671-672	.	_	_	_	_	_	
5-27	672-673	
	_	_	_	_	_	

#Text=Sein Tod war somit ein weiterer Auslöser der anhaltenden Proteste, die seit Juni 2019 die Stadt erschüttern.
#Text=
6-1	673-677	Sein	_	_	_	_	_	
6-2	678-681	Tod	O	O	NN	_	_	
6-3	682-685	war	_	_	_	_	_	
6-4	686-691	somit	_	_	_	_	_	
6-5	692-695	ein	_	_	_	_	_	
6-6	696-704	weiterer	O	O	ADJA	_	_	
6-7	705-713	Auslöser	KON	MRW	NN	_	_	
6-8	714-717	der	_	_	_	_	_	
6-9	718-729	anhaltenden	O	O	ADJA	_	_	
6-10	730-738	Proteste	O	O	NN	_	_	
6-11	738-739	,	_	_	_	_	_	
6-12	740-743	die	_	_	_	_	_	
6-13	744-748	seit	_	_	_	_	_	
6-14	749-753	Juni	O	O	NN	_	_	
6-15	754-758	2019	_	_	_	_	_	
6-16	759-762	die	_	_	_	_	_	
6-17	763-768	Stadt	O	O	NN	_	_	
6-18	769-780	erschüttern	KON	MRW	VVINF	_	_	
6-19	780-781	.	_	_	_	_	_	
6-20	781-782	
	_	_	_	_	_	

#Text=Augenzeugen berichten, dass die Polizei versuchte, die Barrikaden zu durchbrechen, als es zu den Schüssen kam.
#Text=
7-1	782-793	Augenzeugen	O	O	NN	_	_	
7-2	794-803	berichten	O	O	VVFIN	_	_	
7-3	803-804	,	_	_	_	_	_	
7-4	805-809	dass	_	_	_	_	_	
7-5	810-813	die	_	_	_	_	_	
7-6	814-821	Polizei	O	O	NN	_	_	
7-7	822-831	versuchte	O	O	VVFIN	_	_	
7-8	831-832	,	_	_	_	_	_	
7-9	833-836	die	_	_	_	_	_	
7-10	837-847	Barrikaden	O	O	NN	_	_	
7-11	848-850	zu	_	_	_	_	_	
7-12	851-863	durchbrechen	O	O	VVINF	_	_	
7-13	863-864	,	_	_	_	_	_	
7-14	865-868	als	_	_	_	_	_	
7-15	869-871	es	_	_	_	_	_	
7-16	872-874	zu	_	_	_	_	_	
7-17	875-878	den	_	_	_	_	_	
7-18	879-887	Schüssen	O	O	NN	_	_	
7-19	888-891	kam	O	O	VVFIN	_	_	
7-20	891-892	.	_	_	_	_	_	
7-21	892-893	
	_	_	_	_	_	

#Text=In einem weit verbreiteten Videoclip, der in sozialen Medien viral ging, sieht man, wie der Polizist seine Waffe zieht und auf einen Demonstranten zielt.
#Text=
8-1	893-895	In	_	_	_	_	_	
8-2	896-901	einem	_	_	_	_	_	
8-3	902-906	weit	O	O	ADJD	_	_	
8-4	907-919	verbreiteten	O	O	ADJA	_	_	
8-5	920-929	Videoclip	O	O	NN	_	_	
8-6	929-930	,	_	_	_	_	_	
8-7	931-934	der	_	_	_	_	_	
8-8	935-937	in	_	_	_	_	_	
8-9	938-946	sozialen	O	O	ADJA	_	_	
8-10	947-953	Medien	O	O	NN	_	_	
8-11	954-959	viral	KON	MRW	ADJD	_	_	
8-12	960-964	ging	O	DFMA	VVFIN	_	_	
8-13	964-965	,	_	_	_	_	_	
8-14	966-971	sieht	O	O	VVFIN	_	_	
8-15	972-975	man	_	_	_	_	_	
8-16	975-976	,	_	_	_	_	_	
8-17	977-980	wie	_	_	_	_	_	
8-18	981-984	der	_	_	_	_	_	
8-19	985-993	Polizist	O	O	NN	_	_	
8-20	994-999	seine	_	_	_	_	_	
8-21	1000-1005	Waffe	O	O	NN	_	_	
8-22	1006-1011	zieht	O	O	VVFIN	_	_	
8-23	1012-1015	und	_	_	_	_	_	
8-24	1016-1019	auf	_	_	_	_	_	
8-25	1020-1025	einen	_	_	_	_	_	
8-26	1026-1039	Demonstranten	O	O	NN	_	_	
8-27	1040-1045	zielt	O	O	VVFIN	_	_	
8-28	1045-1046	.	_	_	_	_	_	
8-29	1046-1047	
	_	_	_	_	_	

#Text=Der Betroffene, ein junger Mann, brach nach dem Schuss zusammen.
#Text=
9-1	1047-1050	Der	_	_	_	_	_	
9-2	1051-1061	Betroffene	O	O	NN	_	_	
9-3	1061-1062	,	_	_	_	_	_	
9-4	1063-1066	ein	_	_	_	_	_	
9-5	1067-1073	junger	O	O	ADJA	_	_	
9-6	1074-1078	Mann	O	O	NN	_	_	
9-7	1078-1079	,	_	_	_	_	_	
9-8	1080-1085	brach	KON	MRW	VVFIN	_	_	
9-9	1086-1090	nach	_	_	_	_	_	
9-10	1091-1094	dem	_	_	_	_	_	
9-11	1095-1101	Schuss	O	O	NN	_	_	
9-12	1102-1110	zusammen	KON	MRW	PTKVZ	belong together	9-8	
9-13	1110-1111	.	_	_	_	_	_	
9-14	1111-1112	
	_	_	_	_	_	

#Text=Sanitäter eilten herbei und brachten ihn in das nächstgelegene Krankenhaus, wo er laut Berichten in einem kritischen Zustand behandelt wird.
#Text=
10-1	1112-1121	Sanitäter	O	O	NN	_	_	
10-2	1122-1128	eilten	O	O	VVFIN	_	_	
10-3	1129-1135	herbei	O	O	PTKVZ	belong together	10-2	
10-4	1136-1139	und	_	_	_	_	_	
10-5	1140-1148	brachten	O	O	VVFIN	_	_	
10-6	1149-1152	ihn	_	_	_	_	_	
10-7	1153-1155	in	_	_	_	_	_	
10-8	1156-1159	das	_	_	_	_	_	
10-9	1160-1174	nächstgelegene	O	O	ADJA	_	_	
10-10	1175-1186	Krankenhaus	O	O	NN	_	_	
10-11	1186-1187	,	_	_	_	_	_	
10-12	1188-1190	wo	_	_	_	_	_	
10-13	1191-1193	er	_	_	_	_	_	
10-14	1194-1198	laut	_	_	_	_	_	
10-15	1199-1208	Berichten	O	O	NN	_	_	
10-16	1209-1211	in	_	_	_	_	_	
10-17	1212-1217	einem	_	_	_	_	_	
10-18	1218-1228	kritischen	O	O	ADJA	_	_	
10-19	1229-1236	Zustand	O	O	NN	_	_	
10-20	1237-1246	behandelt	O	O	VVPP	_	_	
10-21	1247-1251	wird	_	_	_	_	_	
10-22	1251-1252	.	_	_	_	_	_	
10-23	1252-1253	
	_	_	_	_	_	

#Text=Die Verwendung von scharfer Munition durch die Polizei hat weltweit Empörung ausgelöst und wird von Menschenrechtsorganisationen scharf kritisiert.
#Text=
11-1	1253-1256	Die	_	_	_	_	_	
11-2	1257-1267	Verwendung	O	O	NN	_	_	
11-3	1268-1271	von	_	_	_	_	_	
11-4	1272-1280	scharfer	O	WIDLII	ADJA	_	_	
11-5	1281-1289	Munition	O	O	NN	_	_	
11-6	1290-1295	durch	_	_	_	_	_	
11-7	1296-1299	die	_	_	_	_	_	
11-8	1300-1307	Polizei	O	O	NN	_	_	
11-9	1308-1311	hat	_	_	_	_	_	
11-10	1312-1320	weltweit	O	O	ADJD	_	_	
11-11	1321-1329	Empörung	O	O	NN	_	_	
11-12	1330-1339	ausgelöst	KON	MRW	VVPP	_	_	
11-13	1340-1343	und	_	_	_	_	_	
11-14	1344-1348	wird	_	_	_	_	_	
11-15	1349-1352	von	_	_	_	_	_	
11-16	1353-1381	Menschenrechtsorganisationen	O	O	NN	_	_	
11-17	1382-1388	scharf	O	WIDLII	ADJD	_	_	
11-18	1389-1399	kritisiert	O	O	VVPP	_	_	
11-19	1399-1400	.	_	_	_	_	_	
11-20	1400-1401	
	_	_	_	_	_	

#Text=Dies ist nicht der erste Vorfall, bei dem Polizisten mit scharfer Munition auf Demonstranten geschossen haben, aber die offensichtliche Brutalität und Dramatik dieses Vorfalls haben die Spannungen weiter verschärft.
#Text=
12-1	1401-1405	Dies	_	_	_	_	_	
12-2	1406-1409	ist	_	_	_	_	_	
12-3	1410-1415	nicht	_	_	_	_	_	
12-4	1416-1419	der	_	_	_	_	_	
12-5	1420-1425	erste	O	O	ADJA	_	_	
12-6	1426-1433	Vorfall	O	O	NN	_	_	
12-7	1433-1434	,	_	_	_	_	_	
12-8	1435-1438	bei	_	_	_	_	_	
12-9	1439-1442	dem	_	_	_	_	_	
12-10	1443-1453	Polizisten	O	O	NN	_	_	
12-11	1454-1457	mit	_	_	_	_	_	
12-12	1458-1466	scharfer	KON	MRW	ADJA	_	_	
12-13	1467-1475	Munition	O	O	NN	_	_	
12-14	1476-1479	auf	_	_	_	_	_	
12-15	1480-1493	Demonstranten	O	O	NN	_	_	
12-16	1494-1504	geschossen	O	O	VVPP	_	_	
12-17	1505-1510	haben	_	_	_	_	_	
12-18	1510-1511	,	_	_	_	_	_	
12-19	1512-1516	aber	_	_	_	_	_	
12-20	1517-1520	die	_	_	_	_	_	
12-21	1521-1536	offensichtliche	O	O	ADJA	_	_	
12-22	1537-1547	Brutalität	O	O	NN	_	_	
12-23	1548-1551	und	_	_	_	_	_	
12-24	1552-1560	Dramatik	KON	MRW	NN	_	_	
12-25	1561-1567	dieses	_	_	_	_	_	
12-26	1568-1576	Vorfalls	O	O	NN	_	_	
12-27	1577-1582	haben	_	_	_	_	_	
12-28	1583-1586	die	_	_	_	_	_	
12-29	1587-1597	Spannungen	KON	MRW	NN	_	_	
12-30	1598-1604	weiter	_	_	_	_	_	
12-31	1605-1615	verschärft	O	O	VVPP	_	_	
12-32	1615-1616	.	_	_	_	_	_	
12-33	1616-1617	
	_	_	_	_	_	

#Text=Carrie Lam, die Regierungschefin von Hongkong, rief zur Ruhe und Dialog auf, während die Bevölkerung wütend und besorgt reagierte.
#Text=
13-1	1617-1623	Carrie	_	_	_	_	_	
13-2	1624-1627	Lam	_	_	_	_	_	
13-3	1627-1628	,	_	_	_	_	_	
13-4	1629-1632	die	_	_	_	_	_	
13-5	1633-1649	Regierungschefin	O	O	NN	_	_	
13-6	1650-1653	von	_	_	_	_	_	
13-7	1654-1662	Hongkong	_	_	_	_	_	
13-8	1662-1663	,	_	_	_	_	_	
13-9	1664-1668	rief	O	WIDLII	VVFIN	_	_	
13-10	1669-1672	zur	_	_	_	_	_	
13-11	1673-1677	Ruhe	O	O	NN	_	_	
13-12	1678-1681	und	_	_	_	_	_	
13-13	1682-1688	Dialog	O	O	NN	_	_	
13-14	1689-1692	auf	O	WIDLII	PTKVZ	belong together	13-9	
13-15	1692-1693	,	_	_	_	_	_	
13-16	1694-1701	während	_	_	_	_	_	
13-17	1702-1705	die	_	_	_	_	_	
13-18	1706-1717	Bevölkerung	O	O	NN	_	_	
13-19	1718-1724	wütend	O	O	ADJD	_	_	
13-20	1725-1728	und	_	_	_	_	_	
13-21	1729-1736	besorgt	O	O	ADJD	_	_	
13-22	1737-1746	reagierte	KON	MRW	VVFIN	_	_	
13-23	1746-1747	.	_	_	_	_	_	
13-24	1747-1748	
	_	_	_	_	_	

#Text=Die Reaktionen auf den Vorfall sind gespalten: Regierungsnahe Vertreter verteidigen das Handeln der Polizei und betonen die Notwendigkeit, Recht und Ordnung aufrechtzuerhalten.
#Text=
14-1	1748-1751	Die	_	_	_	_	_	
14-2	1752-1762	Reaktionen	KON	MRW	NN	_	_	
14-3	1763-1766	auf	_	_	_	_	_	
14-4	1767-1770	den	_	_	_	_	_	
14-5	1771-1778	Vorfall	O	O	NN	_	_	
14-6	1779-1783	sind	_	_	_	_	_	
14-7	1784-1793	gespalten	KON	MRW	VVPP	_	_	
14-8	1793-1794	:	_	_	_	_	_	
14-9	1795-1809	Regierungsnahe	O	O	ADJA	_	_	
14-10	1810-1819	Vertreter	O	O	NN	_	_	
14-11	1820-1831	verteidigen	KON	MRW	VVFIN	_	_	
14-12	1832-1835	das	_	_	_	_	_	
14-13	1836-1843	Handeln	O	O	NN	_	_	
14-14	1844-1847	der	_	_	_	_	_	
14-15	1848-1855	Polizei	O	O	NN	_	_	
14-16	1856-1859	und	_	_	_	_	_	
14-17	1860-1867	betonen	KON	MRW	VVFIN	_	_	
14-18	1868-1871	die	_	_	_	_	_	
14-19	1872-1885	Notwendigkeit	O	O	NN	_	_	
14-20	1885-1886	,	_	_	_	_	_	
14-21	1887-1892	Recht	O	O	NN	_	_	
14-22	1893-1896	und	_	_	_	_	_	
14-23	1897-1904	Ordnung	O	O	NN	_	_	
14-24	1905-1923	aufrechtzuerhalten	O	O	VVIZU	_	_	
14-25	1923-1924	.	_	_	_	_	_	
14-26	1924-1925	
	_	_	_	_	_	

#Text=Protestierende und viele internationale Beobachter hingegen verurteilen die Gewaltanwendung als unverhältnismäßig und rücksichtslos.
#Text=
15-1	1925-1939	Protestierende	O	O	NN	_	_	
15-2	1940-1943	und	_	_	_	_	_	
15-3	1944-1949	viele	_	_	_	_	_	
15-4	1950-1964	internationale	O	O	ADJA	_	_	
15-5	1965-1975	Beobachter	O	O	NN	_	_	
15-6	1976-1984	hingegen	_	_	_	_	_	
15-7	1985-1996	verurteilen	O	O	VVFIN	_	_	
15-8	1997-2000	die	_	_	_	_	_	
15-9	2001-2016	Gewaltanwendung	O	O	NN	_	_	
15-10	2017-2020	als	_	_	_	_	_	
15-11	2021-2038	unverhältnismäßig	O	O	ADJD	_	_	
15-12	2039-2042	und	_	_	_	_	_	
15-13	2043-2056	rücksichtslos	O	O	ADJD	_	_	
15-14	2056-2057	.	_	_	_	_	_	
15-15	2057-2058	
	_	_	_	_	_	

#Text=Der Vorfall am Montag zeigt einmal mehr die brisante Lage in Hongkong, die durch den Tod des Studenten und die zunehmende Gewaltbereitschaft auf beiden Seiten zusätzlich angeheizt wird.
#Text=
16-1	2058-2061	Der	_	_	_	_	_	
16-2	2062-2069	Vorfall	O	O	NN	_	_	
16-3	2070-2072	am	_	_	_	_	_	
16-4	2073-2079	Montag	O	O	NN	_	_	
16-5	2080-2085	zeigt	O	PERS	VVFIN	_	_	
16-6	2086-2092	einmal	_	_	_	_	_	
16-7	2093-2097	mehr	_	_	_	_	_	
16-8	2098-2101	die	_	_	_	_	_	
16-9	2102-2110	brisante	KON	MRW	ADJA	_	_	
16-10	2111-2115	Lage	O	O	NN	_	_	
16-11	2116-2118	in	_	_	_	_	_	
16-12	2119-2127	Hongkong	_	_	_	_	_	
16-13	2127-2128	,	_	_	_	_	_	
16-14	2129-2132	die	_	_	_	_	_	
16-15	2133-2138	durch	_	_	_	_	_	
16-16	2139-2142	den	_	_	_	_	_	
16-17	2143-2146	Tod	O	O	NN	_	_	
16-18	2147-2150	des	_	_	_	_	_	
16-19	2151-2160	Studenten	O	O	NN	_	_	
16-20	2161-2164	und	_	_	_	_	_	
16-21	2165-2168	die	_	_	_	_	_	
16-22	2169-2179	zunehmende	O	O	ADJA	_	_	
16-23	2180-2198	Gewaltbereitschaft	O	O	NN	_	_	
16-24	2199-2202	auf	_	_	_	_	_	
16-25	2203-2209	beiden	_	_	_	_	_	
16-26	2210-2216	Seiten	KON	MRW	NN	_	_	
16-27	2217-2227	zusätzlich	O	O	ADJD	_	_	
16-28	2228-2237	angeheizt	KON	MRW	VVPP	_	_	
16-29	2238-2242	wird	_	_	_	_	_	
16-30	2242-2243	.	_	_	_	_	_	
16-31	2243-2244	
	_	_	_	_	_	

#Text=Die Frage, wie lange sich die Situation noch zuspitzen wird, bleibt unbeantwortet.
#Text=
17-1	2244-2247	Die	_	_	_	_	_	
17-2	2248-2253	Frage	O	O	NN	_	_	
17-3	2253-2254	,	_	_	_	_	_	
17-4	2255-2258	wie	_	_	_	_	_	
17-5	2259-2264	lange	_	_	_	_	_	
17-6	2265-2269	sich	_	_	_	_	_	
17-7	2270-2273	die	_	_	_	_	_	
17-8	2274-2283	Situation	O	O	NN	_	_	
17-9	2284-2288	noch	_	_	_	_	_	
17-10	2289-2298	zuspitzen	KON	MRW	VVINF	_	_	
17-11	2299-2303	wird	_	_	_	_	_	
17-12	2303-2304	,	_	_	_	_	_	
17-13	2305-2311	bleibt	O	O	VVFIN	_	_	
17-14	2312-2325	unbeantwortet	O	O	ADJD	_	_	
17-15	2325-2326	.	_	_	_	_	_	
17-16	2326-2327	
	_	_	_	_	_	

#Text=Spannungen und Unsicherheiten dominieren derzeit den Alltag der sieben Millionen Einwohner der Stadt.
#Text=
18-1	2327-2337	Spannungen	KON	MRW	NN	_	_	
18-2	2338-2341	und	_	_	_	_	_	
18-3	2342-2356	Unsicherheiten	O	O	NN	_	_	
18-4	2357-2367	dominieren	O	PERS	VVFIN	_	_	
18-5	2368-2375	derzeit	_	_	_	_	_	
18-6	2376-2379	den	_	_	_	_	_	
18-7	2380-2386	Alltag	O	O	NN	_	_	
18-8	2387-2390	der	_	_	_	_	_	
18-9	2391-2397	sieben	_	_	_	_	_	
18-10	2398-2407	Millionen	O	O	NN	_	_	
18-11	2408-2417	Einwohner	O	O	NN	_	_	
18-12	2418-2421	der	_	_	_	_	_	
18-13	2422-2427	Stadt	O	O	NN	_	_	
18-14	2427-2428	.	_	_	_	_	_	
18-15	2428-2429	
	_	_	_	_	_	
