#FORMAT=WebAnno TSV 3.3
#T_SP=webanno.custom.Metaphors|Conventionality|Metaphern
#T_SP=webanno.custom.POS|pos_tag
#T_RL=webanno.custom.UnitofAnalysis|bidirectionalrelation|BT_webanno.custom.Metaphors


#Text=In einer überraschenden Wendung der Ereignisse hat US-Präsident Donald Trump seinen geplanten Staatsbesuch in Dänemark abgesagt.
#Text=
1-1	0-2	In	_	_	_	_	_	
1-2	3-8	einer	_	_	_	_	_	
1-3	9-23	überraschenden	O	O	ADJA	_	_	
1-4	24-31	Wendung	KON	MRW	NN	_	_	
1-5	32-35	der	_	_	_	_	_	
1-6	36-46	Ereignisse	O	O	NN	_	_	
1-7	47-50	hat	_	_	_	_	_	
1-8	51-63	US-Präsident	_	_	_	_	_	
1-9	64-70	Donald	_	_	_	_	_	
1-10	71-76	Trump	_	_	_	_	_	
1-11	77-83	seinen	_	_	_	_	_	
1-12	84-93	geplanten	O	O	ADJA	_	_	
1-13	94-106	Staatsbesuch	O	O	NN	_	_	
1-14	107-109	in	_	_	_	_	_	
1-15	110-118	Dänemark	_	_	_	_	_	
1-16	119-127	abgesagt	O	O	VVPP	_	_	
1-17	127-128	.	_	_	_	_	_	
1-18	128-129	
	_	_	_	_	_	

#Text=Der Grund: Die dänische Regierungschefin Mette Frederiksen hat Trumps Vorstoß, die Insel Grönland zu kaufen, als "absurd" abgetan.
#Text=
2-1	129-132	Der	_	_	_	_	_	
2-2	133-138	Grund	O	O	NN	_	_	
2-3	138-139	:	_	_	_	_	_	
2-4	140-143	Die	_	_	_	_	_	
2-5	144-152	dänische	O	O	ADJA	_	_	
2-6	153-169	Regierungschefin	O	O	NN	_	_	
2-7	170-175	Mette	_	_	_	_	_	
2-8	176-187	Frederiksen	_	_	_	_	_	
2-9	188-191	hat	_	_	_	_	_	
2-10	192-198	Trumps	_	_	_	_	_	
2-11	199-206	Vorstoß	KON	MRW	NN	_	_	
2-12	206-207	,	_	_	_	_	_	
2-13	208-211	die	_	_	_	_	_	
2-14	212-217	Insel	O	O	NN	_	_	
2-15	218-226	Grönland	_	_	_	_	_	
2-16	227-229	zu	_	_	_	_	_	
2-17	230-236	kaufen	O	O	VVINF	_	_	
2-18	236-237	,	_	_	_	_	_	
2-19	238-241	als	_	_	_	_	_	
2-20	242-243	"	_	_	_	_	_	
2-21	243-249	absurd	O	O	ADJD	_	_	
2-22	249-250	"	_	_	_	_	_	
2-23	251-258	abgetan	KON	MRW	VVPP	_	_	
2-24	258-259	.	_	_	_	_	_	
2-25	259-260	
	_	_	_	_	_	

#Text=Diese Erklärung scheint Trump so verärgert zu haben, dass er den Staatsbesuch kurzerhand absagte – sehr zum Erstaunen und Unmut der dänischen Regierung.
#Text=
3-1	260-265	Diese	_	_	_	_	_	
3-2	266-275	Erklärung	KON	MRW	NN	_	_	
3-3	276-283	scheint	KON	MRW	VVFIN	_	_	
3-4	284-289	Trump	_	_	_	_	_	
3-5	290-292	so	_	_	_	_	_	
3-6	293-302	verärgert	O	O	ADJD	_	_	
3-7	303-305	zu	_	_	_	_	_	
3-8	306-311	haben	_	_	_	_	_	
3-9	311-312	,	_	_	_	_	_	
3-10	313-317	dass	_	_	_	_	_	
3-11	318-320	er	_	_	_	_	_	
3-12	321-324	den	_	_	_	_	_	
3-13	325-337	Staatsbesuch	O	O	NN	_	_	
3-14	338-348	kurzerhand	_	_	_	_	_	
3-15	349-356	absagte	O	O	VVFIN	_	_	
3-16	357-358	–	_	_	_	_	_	
3-17	359-363	sehr	_	_	_	_	_	
3-18	364-367	zum	_	_	_	_	_	
3-19	368-377	Erstaunen	O	O	NN	_	_	
3-20	378-381	und	_	_	_	_	_	
3-21	382-387	Unmut	O	O	NN	_	_	
3-22	388-391	der	_	_	_	_	_	
3-23	392-401	dänischen	O	O	ADJA	_	_	
3-24	402-411	Regierung	O	O	NN	_	_	
3-25	411-412	.	_	_	_	_	_	
3-26	412-413	
	_	_	_	_	_	

#Text=Der Wortwechsel begann, als Berichte auftauchten, dass Trump ernsthaft ein Interesse gezeigt habe, Grönland, das seit 1814 ein autonomes Gebiet Dänemarks ist, zu erwerben.
#Text=
4-1	413-416	Der	_	_	_	_	_	
4-2	417-428	Wortwechsel	O	O	NN	_	_	
4-3	429-435	begann	O	O	VVFIN	_	_	
4-4	435-436	,	_	_	_	_	_	
4-5	437-440	als	_	_	_	_	_	
4-6	441-449	Berichte	O	O	NN	_	_	
4-7	450-461	auftauchten	KON	MRW	VVFIN	_	_	
4-8	461-462	,	_	_	_	_	_	
4-9	463-467	dass	_	_	_	_	_	
4-10	468-473	Trump	_	_	_	_	_	
4-11	474-483	ernsthaft	O	O	ADJD	_	_	
4-12	484-487	ein	_	_	_	_	_	
4-13	488-497	Interesse	O	O	NN	_	_	
4-14	498-505	gezeigt	O	O	VVPP	_	_	
4-15	506-510	habe	_	_	_	_	_	
4-16	510-511	,	_	_	_	_	_	
4-17	512-520	Grönland	_	_	_	_	_	
4-18	520-521	,	_	_	_	_	_	
4-19	522-525	das	_	_	_	_	_	
4-20	526-530	seit	_	_	_	_	_	
4-21	531-535	1814	_	_	_	_	_	
4-22	536-539	ein	_	_	_	_	_	
4-23	540-549	autonomes	O	O	ADJA	_	_	
4-24	550-556	Gebiet	O	O	NN	_	_	
4-25	557-566	Dänemarks	_	_	_	_	_	
4-26	567-570	ist	_	_	_	_	_	
4-27	570-571	,	_	_	_	_	_	
4-28	572-574	zu	_	_	_	_	_	
4-29	575-583	erwerben	O	O	VVINF	_	_	
4-30	583-584	.	_	_	_	_	_	
4-31	584-585	
	_	_	_	_	_	

#Text=Frederiksen sorgte daraufhin mit ihrer schroffen Reaktion für Aufsehen.
#Text=
5-1	585-596	Frederiksen	_	_	_	_	_	
5-2	597-603	sorgte	KON	MRW	VVFIN	_	_	
5-3	604-613	daraufhin	_	_	_	_	_	
5-4	614-617	mit	_	_	_	_	_	
5-5	618-623	ihrer	_	_	_	_	_	
5-6	624-633	schroffen	KON	MRW	ADJA	_	_	
5-7	634-642	Reaktion	O	O	NN	_	_	
5-8	643-646	für	_	_	_	_	_	
5-9	647-655	Aufsehen	O	O	NN	_	_	
5-10	655-656	.	_	_	_	_	_	
5-11	656-657	
	_	_	_	_	_	

#Text=Sie bezeichnete die Idee als „absurd“ und erklärte, dass Grönland nicht zum Verkauf stehe.
#Text=
6-1	657-660	Sie	_	_	_	_	_	
6-2	661-672	bezeichnete	KON	MRW	VVFIN	_	_	
6-3	673-676	die	_	_	_	_	_	
6-4	677-681	Idee	O	O	NN	_	_	
6-5	682-685	als	_	_	_	_	_	
6-6	686-687	„	_	_	_	_	_	
6-7	687-693	absurd	O	O	ADJD	_	_	
6-8	693-694	“	_	_	_	_	_	
6-9	695-698	und	_	_	_	_	_	
6-10	699-707	erklärte	O	O	VVFIN	_	_	
6-11	707-708	,	_	_	_	_	_	
6-12	709-713	dass	_	_	_	_	_	
6-13	714-722	Grönland	_	_	_	_	_	
6-14	723-728	nicht	_	_	_	_	_	
6-15	729-732	zum	_	_	_	_	_	
6-16	733-740	Verkauf	O	O	NN	_	_	
6-17	741-746	stehe	KON	MRW	VVFIN	_	_	
6-18	746-747	.	_	_	_	_	_	
6-19	747-748	
	_	_	_	_	_	

#Text="Grönland ist nicht dänisch.
#Text=
7-1	748-749	"	_	_	_	_	_	
7-2	749-757	Grönland	_	_	_	_	_	
7-3	758-761	ist	_	_	_	_	_	
7-4	762-767	nicht	_	_	_	_	_	
7-5	768-775	dänisch	O	O	ADJD	_	_	
7-6	775-776	.	_	_	_	_	_	
7-7	776-777	
	_	_	_	_	_	

#Text=Grönland gehört zu Grönland", sagte sie.
#Text=
8-1	777-785	Grönland	_	_	_	_	_	
8-2	786-792	gehört	O	O	VVFIN	_	_	
8-3	793-795	zu	_	_	_	_	_	
8-4	796-804	Grönland	_	_	_	_	_	
8-5	804-805	"	_	_	_	_	_	
8-6	805-806	,	_	_	_	_	_	
8-7	807-812	sagte	O	O	VVFIN	_	_	
8-8	813-816	sie	_	_	_	_	_	
8-9	816-817	.	_	_	_	_	_	
8-10	817-818	
	_	_	_	_	_	

#Text=Diese klaren Worte schienen den US-Präsidenten zu provozieren.
#Text=
9-1	818-823	Diese	_	_	_	_	_	
9-2	824-830	klaren	KON	MRW	ADJA	_	_	
9-3	831-836	Worte	O	O	NN	_	_	
9-4	837-845	schienen	KON	MRW	VVFIN	_	_	
9-5	846-849	den	_	_	_	_	_	
9-6	850-864	US-Präsidenten	_	_	_	_	_	
9-7	865-867	zu	_	_	_	_	_	
9-8	868-879	provozieren	O	O	VVINF	_	_	
9-9	879-880	.	_	_	_	_	_	
9-10	880-881	
	_	_	_	_	_	

#Text=Trump teilte seine Absage über Twitter mit: „Dänemark ist ein sehr besonderes Land mit unglaublichen Menschen, aber basierend auf den Kommentaren der Premierministerin Mette Frederiksen, dass sie kein Interesse hat, Grönland zu diskutieren, werde ich unser Treffen verschieben, das in zwei Wochen stattfinden sollte, auf einen späteren Zeitpunkt.“ 
#Text=
10-1	881-886	Trump	_	_	_	_	_	
10-2	887-893	teilte	O	O	VVFIN	_	_	
10-3	894-899	seine	_	_	_	_	_	
10-4	900-906	Absage	O	O	NN	_	_	
10-5	907-911	über	_	_	_	_	_	
10-6	912-919	Twitter	_	_	_	_	_	
10-7	920-923	mit	O	O	PTKVZ	belong together	10-2	
10-8	923-924	:	_	_	_	_	_	
10-9	925-926	„	_	_	_	_	_	
10-10	926-934	Dänemark	_	_	_	_	_	
10-11	935-938	ist	_	_	_	_	_	
10-12	939-942	ein	_	_	_	_	_	
10-13	943-947	sehr	_	_	_	_	_	
10-14	948-958	besonderes	KON	MRW	ADJA	_	_	
10-15	959-963	Land	O	WIDLII	NN	_	_	
10-16	964-967	mit	_	_	_	_	_	
10-17	968-981	unglaublichen	KON	MRW	ADJA	_	_	
10-18	982-990	Menschen	O	O	NN	_	_	
10-19	990-991	,	_	_	_	_	_	
10-20	992-996	aber	_	_	_	_	_	
10-21	997-1006	basierend	O	O	ADJD	_	_	
10-22	1007-1010	auf	_	_	_	_	_	
10-23	1011-1014	den	_	_	_	_	_	
10-24	1015-1026	Kommentaren	O	O	NN	_	_	
10-25	1027-1030	der	_	_	_	_	_	
10-26	1031-1048	Premierministerin	O	O	NN	_	_	
10-27	1049-1054	Mette	_	_	_	_	_	
10-28	1055-1066	Frederiksen	_	_	_	_	_	
10-29	1066-1067	,	_	_	_	_	_	
10-30	1068-1072	dass	_	_	_	_	_	
10-31	1073-1076	sie	_	_	_	_	_	
10-32	1077-1081	kein	_	_	_	_	_	
10-33	1082-1091	Interesse	O	O	NN	_	_	
10-34	1092-1095	hat	_	_	_	_	_	
10-35	1095-1096	,	_	_	_	_	_	
10-36	1097-1105	Grönland	_	_	_	_	_	
10-37	1106-1108	zu	_	_	_	_	_	
10-38	1109-1120	diskutieren	O	O	VVINF	_	_	
10-39	1120-1121	,	_	_	_	_	_	
10-40	1122-1127	werde	_	_	_	_	_	
10-41	1128-1131	ich	_	_	_	_	_	
10-42	1132-1137	unser	_	_	_	_	_	
10-43	1138-1145	Treffen	O	O	NN	_	_	
10-44	1146-1157	verschieben	KON	MRW	VVINF	_	_	
10-45	1157-1158	,	_	_	_	_	_	
10-46	1159-1162	das	_	_	_	_	_	
10-47	1163-1165	in	_	_	_	_	_	
10-48	1166-1170	zwei	_	_	_	_	_	
10-49	1171-1177	Wochen	O	O	NN	_	_	
10-50	1178-1189	stattfinden	O	O	VVINF	_	_	
10-51	1190-1196	sollte	_	_	_	_	_	
10-52	1196-1197	,	_	_	_	_	_	
10-53	1198-1201	auf	_	_	_	_	_	
10-54	1202-1207	einen	_	_	_	_	_	
10-55	1208-1216	späteren	O	O	ADJA	_	_	
10-56	1217-1226	Zeitpunkt	O	O	NN	_	_	
10-57	1226-1227	.	_	_	_	_	_	
10-58	1227-1228	“	_	_	_	_	_	
10-59	1229-1230	
	_	_	_	_	_	

#Text=Dies warf die geplanten Diskussionen zu anderen wichtigen Themen, wie den transatlantischen Handelsbeziehungen und der Sicherheitspolitik, über Bord.
#Text=
11-1	1230-1234	Dies	_	_	_	_	_	
11-2	1235-1239	warf	O	KOMPL	VVFIN	_	_	
11-3	1240-1243	die	_	_	_	_	_	
11-4	1244-1253	geplanten	O	O	ADJA	_	_	
11-5	1254-1266	Diskussionen	O	O	NN	_	_	
11-6	1267-1269	zu	_	_	_	_	_	
11-7	1270-1277	anderen	O	O	ADJA	_	_	
11-8	1278-1287	wichtigen	O	O	ADJA	_	_	
11-9	1288-1294	Themen	O	O	NN	_	_	
11-10	1294-1295	,	_	_	_	_	_	
11-11	1296-1299	wie	_	_	_	_	_	
11-12	1300-1303	den	_	_	_	_	_	
11-13	1304-1321	transatlantischen	O	O	ADJA	_	_	
11-14	1322-1340	Handelsbeziehungen	O	O	NN	_	_	
11-15	1341-1344	und	_	_	_	_	_	
11-16	1345-1348	der	_	_	_	_	_	
11-17	1349-1367	Sicherheitspolitik	O	O	NN	_	_	
11-18	1367-1368	,	_	_	_	_	_	
11-19	1369-1373	über	_	_	_	_	_	
11-20	1374-1378	Bord	O	KOMPL	NN	belong together	11-2	
11-21	1378-1379	.	_	_	_	_	_	
11-22	1379-1380	
	_	_	_	_	_	

#Text=Die dänische Regierung zeigte sich überrascht bis empört über Trumps abrupten Schritt.
#Text=
12-1	1380-1383	Die	_	_	_	_	_	
12-2	1384-1392	dänische	O	O	ADJA	_	_	
12-3	1393-1402	Regierung	O	O	NN	_	_	
12-4	1403-1409	zeigte	O	O	VVFIN	_	_	
12-5	1410-1414	sich	_	_	_	_	_	
12-6	1415-1425	überrascht	O	O	VVPP	_	_	
12-7	1426-1429	bis	_	_	_	_	_	
12-8	1430-1436	empört	O	O	ADJD	_	_	
12-9	1437-1441	über	_	_	_	_	_	
12-10	1442-1448	Trumps	_	_	_	_	_	
12-11	1449-1457	abrupten	O	O	ADJA	_	_	
12-12	1458-1465	Schritt	KON	MRW	NN	_	_	
12-13	1465-1466	.	_	_	_	_	_	
12-14	1466-1467	
	_	_	_	_	_	

#Text=Viele Kommentatoren sahen darin eine diplomatische Brüskierung.
#Text=
13-1	1467-1472	Viele	_	_	_	_	_	
13-2	1473-1486	Kommentatoren	O	O	NN	_	_	
13-3	1487-1492	sahen	KON	MRW	VVFIN	_	_	
13-4	1493-1498	darin	_	_	_	_	_	
13-5	1499-1503	eine	_	_	_	_	_	
13-6	1504-1517	diplomatische	O	O	ADJA	_	_	
13-7	1518-1529	Brüskierung	O	O	NN	_	_	
13-8	1529-1530	.	_	_	_	_	_	
13-9	1530-1531	
	_	_	_	_	_	

#Text=Der dänische Außenminister Jeppe Kofod sagte, er sei „sichtlich überrascht“ von der Absage.
#Text=
14-1	1531-1534	Der	_	_	_	_	_	
14-2	1535-1543	dänische	O	O	ADJA	_	_	
14-3	1544-1557	Außenminister	O	O	NN	_	_	
14-4	1558-1563	Jeppe	_	_	_	_	_	
14-5	1564-1569	Kofod	_	_	_	_	_	
14-6	1570-1575	sagte	O	O	VVFIN	_	_	
14-7	1575-1576	,	_	_	_	_	_	
14-8	1577-1579	er	_	_	_	_	_	
14-9	1580-1583	sei	_	_	_	_	_	
14-10	1584-1585	„	_	_	_	_	_	
14-11	1585-1594	sichtlich	O	O	ADJD	_	_	
14-12	1595-1605	überrascht	O	O	VVPP	_	_	
14-13	1605-1606	“	_	_	_	_	_	
14-14	1607-1610	von	_	_	_	_	_	
14-15	1611-1614	der	_	_	_	_	_	
14-16	1615-1621	Absage	O	O	NN	_	_	
14-17	1621-1622	.	_	_	_	_	_	
14-18	1622-1623	
	_	_	_	_	_	

#Text=Kofod betonte jedoch, dass Dänemark weiterhin ein starker Alliierter der USA bleibe und trotz dieser Episode auf Zusammenarbeit setzte.
#Text=
15-1	1623-1628	Kofod	_	_	_	_	_	
15-2	1629-1636	betonte	KON	MRW	VVFIN	_	_	
15-3	1637-1643	jedoch	_	_	_	_	_	
15-4	1643-1644	,	_	_	_	_	_	
15-5	1645-1649	dass	_	_	_	_	_	
15-6	1650-1658	Dänemark	_	_	_	_	_	
15-7	1659-1668	weiterhin	_	_	_	_	_	
15-8	1669-1672	ein	_	_	_	_	_	
15-9	1673-1680	starker	KON	MRW	ADJA	_	_	
15-10	1681-1691	Alliierter	O	O	NN	_	_	
15-11	1692-1695	der	_	_	_	_	_	
15-12	1696-1699	USA	_	_	_	_	_	
15-13	1700-1706	bleibe	O	O	VVFIN	_	_	
15-14	1707-1710	und	_	_	_	_	_	
15-15	1711-1716	trotz	_	_	_	_	_	
15-16	1717-1723	dieser	_	_	_	_	_	
15-17	1724-1731	Episode	O	O	NN	_	_	
15-18	1732-1735	auf	_	_	_	_	_	
15-19	1736-1750	Zusammenarbeit	O	O	NN	_	_	
15-20	1751-1757	setzte	KON	MRW	VVFIN	_	_	
15-21	1757-1758	.	_	_	_	_	_	
15-22	1758-1759	
	_	_	_	_	_	

#Text=Während einige dänische Politiker die Absage als „beleidigend“ bezeichneten, gab es auch Stimmen, die das Verhalten des US-Präsidenten als unsachlich und ungebührlich kritisierten.
#Text=
16-1	1759-1766	Während	_	_	_	_	_	
16-2	1767-1773	einige	_	_	_	_	_	
16-3	1774-1782	dänische	O	O	ADJA	_	_	
16-4	1783-1792	Politiker	O	O	NN	_	_	
16-5	1793-1796	die	_	_	_	_	_	
16-6	1797-1803	Absage	O	O	NN	_	_	
16-7	1804-1807	als	_	_	_	_	_	
16-8	1808-1809	„	_	_	_	_	_	
16-9	1809-1820	beleidigend	O	O	ADJD	_	_	
16-10	1820-1821	“	_	_	_	_	_	
16-11	1822-1834	bezeichneten	KON	MRW	VVFIN	_	_	
16-12	1834-1835	,	_	_	_	_	_	
16-13	1836-1839	gab	O	WIDLII	VVFIN	_	_	
16-14	1840-1842	es	_	_	_	_	_	
16-15	1843-1847	auch	_	_	_	_	_	
16-16	1848-1855	Stimmen	KON	MRW	NN	_	_	
16-17	1855-1856	,	_	_	_	_	_	
16-18	1857-1860	die	_	_	_	_	_	
16-19	1861-1864	das	_	_	_	_	_	
16-20	1865-1874	Verhalten	O	O	NN	_	_	
16-21	1875-1878	des	_	_	_	_	_	
16-22	1879-1893	US-Präsidenten	_	_	_	_	_	
16-23	1894-1897	als	_	_	_	_	_	
16-24	1898-1908	unsachlich	O	O	ADJD	_	_	
16-25	1909-1912	und	_	_	_	_	_	
16-26	1913-1925	ungebührlich	O	O	ADJD	_	_	
16-27	1926-1938	kritisierten	O	O	VVFIN	_	_	
16-28	1938-1939	.	_	_	_	_	_	
16-29	1939-1940	
	_	_	_	_	_	

#Text=Die dänische Zeitung „Politiken“ schrieb gar von einem „dramatischen Tauziehen zwischen Kopenhagen und Washington“.
#Text=
17-1	1940-1943	Die	_	_	_	_	_	
17-2	1944-1952	dänische	O	O	ADJA	_	_	
17-3	1953-1960	Zeitung	O	O	NN	_	_	
17-4	1961-1962	„	_	_	_	_	_	
17-5	1962-1971	Politiken	_	_	_	_	_	
17-6	1971-1972	“	_	_	_	_	_	
17-7	1973-1980	schrieb	O	O	VVFIN	_	_	
17-8	1981-1984	gar	_	_	_	_	_	
17-9	1985-1988	von	_	_	_	_	_	
17-10	1989-1994	einem	_	_	_	_	_	
17-11	1995-1996	„	_	_	_	_	_	
17-12	1996-2008	dramatischen	KON	MRW	ADJA	_	_	
17-13	2009-2018	Tauziehen	KON	MRW	NN	_	_	
17-14	2019-2027	zwischen	_	_	_	_	_	
17-15	2028-2038	Kopenhagen	_	_	_	_	_	
17-16	2039-2042	und	_	_	_	_	_	
17-17	2043-2053	Washington	_	_	_	_	_	
17-18	2053-2054	“	_	_	_	_	_	
17-19	2054-2055	.	_	_	_	_	_	
17-20	2055-2056	
	_	_	_	_	_	

#Text=Die Episode fügt sich in die lange Liste der kontroversen Entscheidungen und Unwägbarkeiten von Donald Trumps Präsidentschaft ein und zeigt, wie unberechenbar die internationale Politik unter seiner Führung geworden ist.
#Text=
18-1	2056-2059	Die	_	_	_	_	_	
18-2	2060-2067	Episode	O	O	NN	_	_	
18-3	2068-2072	fügt	O	O	VVFIN	_	_	
18-4	2073-2077	sich	_	_	_	_	_	
18-5	2078-2080	in	_	_	_	_	_	
18-6	2081-2084	die	_	_	_	_	_	
18-7	2085-2090	lange	O	O	ADJA	_	_	
18-8	2091-2096	Liste	O	O	NN	_	_	
18-9	2097-2100	der	_	_	_	_	_	
18-10	2101-2113	kontroversen	O	O	ADJA	_	_	
18-11	2114-2128	Entscheidungen	O	O	NN	_	_	
18-12	2129-2132	und	_	_	_	_	_	
18-13	2133-2147	Unwägbarkeiten	O	O	NN	_	_	
18-14	2148-2151	von	_	_	_	_	_	
18-15	2152-2158	Donald	_	_	_	_	_	
18-16	2159-2165	Trumps	_	_	_	_	_	
18-17	2166-2181	Präsidentschaft	O	O	NN	_	_	
18-18	2182-2185	ein	O	O	PTKVZ	belong together	18-3	
18-19	2186-2189	und	_	_	_	_	_	
18-20	2190-2195	zeigt	O	O	VVFIN	_	_	
18-21	2195-2196	,	_	_	_	_	_	
18-22	2197-2200	wie	_	_	_	_	_	
18-23	2201-2214	unberechenbar	KON	MRW	ADJD	_	_	
18-24	2215-2218	die	_	_	_	_	_	
18-25	2219-2233	internationale	O	O	ADJA	_	_	
18-26	2234-2241	Politik	O	O	NN	_	_	
18-27	2242-2247	unter	_	_	_	_	_	
18-28	2248-2254	seiner	_	_	_	_	_	
18-29	2255-2262	Führung	O	O	NN	_	_	
18-30	2263-2271	geworden	_	_	_	_	_	
18-31	2272-2275	ist	_	_	_	_	_	
18-32	2275-2276	.	_	_	_	_	_	
18-33	2276-2277	
	_	_	_	_	_	

#Text=Ob und wann der Besuch nachgeholt werden soll, bleibt unklar.
#Text=
19-1	2277-2279	Ob	_	_	_	_	_	
19-2	2280-2283	und	_	_	_	_	_	
19-3	2284-2288	wann	_	_	_	_	_	
19-4	2289-2292	der	_	_	_	_	_	
19-5	2293-2299	Besuch	O	O	NN	_	_	
19-6	2300-2310	nachgeholt	O	O	VVPP	_	_	
19-7	2311-2317	werden	_	_	_	_	_	
19-8	2318-2322	soll	_	_	_	_	_	
19-9	2322-2323	,	_	_	_	_	_	
19-10	2324-2330	bleibt	O	O	VVFIN	_	_	
19-11	2331-2337	unklar	KON	MRW	ADJD	_	_	
19-12	2337-2338	.	_	_	_	_	_	
19-13	2338-2339	
	_	_	_	_	_	

#Text=Fakt ist jedoch, dass sich das Verhältnis zwischen Dänemark und den USA durch diesen Vorfall nicht verbessert hat.
#Text=
20-1	2339-2343	Fakt	O	O	NN	_	_	
20-2	2344-2347	ist	_	_	_	_	_	
20-3	2348-2354	jedoch	_	_	_	_	_	
20-4	2354-2355	,	_	_	_	_	_	
20-5	2356-2360	dass	_	_	_	_	_	
20-6	2361-2365	sich	_	_	_	_	_	
20-7	2366-2369	das	_	_	_	_	_	
20-8	2370-2380	Verhältnis	O	O	NN	_	_	
20-9	2381-2389	zwischen	_	_	_	_	_	
20-10	2390-2398	Dänemark	_	_	_	_	_	
20-11	2399-2402	und	_	_	_	_	_	
20-12	2403-2406	den	_	_	_	_	_	
20-13	2407-2410	USA	_	_	_	_	_	
20-14	2411-2416	durch	_	_	_	_	_	
20-15	2417-2423	diesen	_	_	_	_	_	
20-16	2424-2431	Vorfall	O	O	NN	_	_	
20-17	2432-2437	nicht	_	_	_	_	_	
20-18	2438-2448	verbessert	O	O	VVPP	_	_	
20-19	2449-2452	hat	_	_	_	_	_	
20-20	2452-2453	.	_	_	_	_	_	
20-21	2453-2454	
	_	_	_	_	_	
