#FORMAT=WebAnno TSV 3.3
#T_SP=webanno.custom.POS|pos_tag


#Text=In einer überraschenden Wendung der Ereignisse hat US-Präsident Donald Trump seinen geplanten Staatsbesuch in Dänemark abgesagt.
#Text=
1-1	0-2	In	_	
1-2	3-8	einer	_	
1-3	9-23	überraschenden	ADJA	
1-4	24-31	Wendung	NN	
1-5	32-35	der	_	
1-6	36-46	Ereignisse	NN	
1-7	47-50	hat	_	
1-8	51-63	US-Präsident	NN	
1-9	64-70	Donald	_	
1-10	71-76	Trump	_	
1-11	77-83	seinen	_	
1-12	84-93	geplanten	ADJA	
1-13	94-106	Staatsbesuch	NN	
1-14	107-109	in	_	
1-15	110-118	Dänemark	_	
1-16	119-127	abgesagt	VVPP	
1-17	127-128	.	_	
1-18	128-129	
	_	

#Text=Der Grund: Die dänische Regierungschefin Mette Frederiksen hat Trumps Vorstoß, die Insel Grönland zu kaufen, als "absurd" abgetan.
#Text=
2-1	129-132	Der	_	
2-2	133-138	Grund	NN	
2-3	138-139	:	_	
2-4	140-143	Die	_	
2-5	144-152	dänische	ADJA	
2-6	153-169	Regierungschefin	NN	
2-7	170-175	Mette	_	
2-8	176-187	Frederiksen	_	
2-9	188-191	hat	_	
2-10	192-198	Trumps	_	
2-11	199-206	Vorstoß	NN	
2-12	206-207	,	_	
2-13	208-211	die	_	
2-14	212-217	Insel	NN	
2-15	218-226	Grönland	_	
2-16	227-229	zu	_	
2-17	230-236	kaufen	VVINF	
2-18	236-237	,	_	
2-19	238-241	als	_	
2-20	242-243	"	_	
2-21	243-249	absurd	ADJD	
2-22	249-250	"	_	
2-23	251-258	abgetan	VVPP	
2-24	258-259	.	_	
2-25	259-260	
	_	

#Text=Diese Erklärung scheint Trump so verärgert zu haben, dass er den Staatsbesuch kurzerhand absagte – sehr zum Erstaunen und Unmut der dänischen Regierung.
#Text=
3-1	260-265	Diese	_	
3-2	266-275	Erklärung	NN	
3-3	276-283	scheint	VVFIN	
3-4	284-289	Trump	_	
3-5	290-292	so	_	
3-6	293-302	verärgert	ADJD	
3-7	303-305	zu	_	
3-8	306-311	haben	_	
3-9	311-312	,	_	
3-10	313-317	dass	_	
3-11	318-320	er	_	
3-12	321-324	den	_	
3-13	325-337	Staatsbesuch	NN	
3-14	338-348	kurzerhand	_	
3-15	349-356	absagte	VVFIN	
3-16	357-358	–	_	
3-17	359-363	sehr	_	
3-18	364-367	zum	_	
3-19	368-377	Erstaunen	NN	
3-20	378-381	und	_	
3-21	382-387	Unmut	NN	
3-22	388-391	der	_	
3-23	392-401	dänischen	ADJA	
3-24	402-411	Regierung	NN	
3-25	411-412	.	_	
3-26	412-413	
	_	

#Text=Der Wortwechsel begann, als Berichte auftauchten, dass Trump ernsthaft ein Interesse gezeigt habe, Grönland, das seit 1814 ein autonomes Gebiet Dänemarks ist, zu erwerben.
#Text=
4-1	413-416	Der	_	
4-2	417-428	Wortwechsel	NN	
4-3	429-435	begann	VVFIN	
4-4	435-436	,	_	
4-5	437-440	als	_	
4-6	441-449	Berichte	NN	
4-7	450-461	auftauchten	VVFIN	
4-8	461-462	,	_	
4-9	463-467	dass	_	
4-10	468-473	Trump	_	
4-11	474-483	ernsthaft	ADJD	
4-12	484-487	ein	_	
4-13	488-497	Interesse	NN	
4-14	498-505	gezeigt	VVPP	
4-15	506-510	habe	_	
4-16	510-511	,	_	
4-17	512-520	Grönland	_	
4-18	520-521	,	_	
4-19	522-525	das	_	
4-20	526-530	seit	_	
4-21	531-535	1814	_	
4-22	536-539	ein	_	
4-23	540-549	autonomes	ADJA	
4-24	550-556	Gebiet	NN	
4-25	557-566	Dänemarks	_	
4-26	567-570	ist	_	
4-27	570-571	,	_	
4-28	572-574	zu	_	
4-29	575-583	erwerben	VVINF	
4-30	583-584	.	_	
4-31	584-585	
	_	

#Text=Frederiksen sorgte daraufhin mit ihrer schroffen Reaktion für Aufsehen.
#Text=
5-1	585-596	Frederiksen	_	
5-2	597-603	sorgte	VVFIN	
5-3	604-613	daraufhin	_	
5-4	614-617	mit	_	
5-5	618-623	ihrer	_	
5-6	624-633	schroffen	ADJA	
5-7	634-642	Reaktion	NN	
5-8	643-646	für	_	
5-9	647-655	Aufsehen	NN	
5-10	655-656	.	_	
5-11	656-657	
	_	

#Text=Sie bezeichnete die Idee als „absurd“ und erklärte, dass Grönland nicht zum Verkauf stehe.
#Text=
6-1	657-660	Sie	_	
6-2	661-672	bezeichnete	VVFIN	
6-3	673-676	die	_	
6-4	677-681	Idee	NN	
6-5	682-685	als	_	
6-6	686-687	„	_	
6-7	687-693	absurd	ADJD	
6-8	693-694	“	_	
6-9	695-698	und	_	
6-10	699-707	erklärte	VVFIN	
6-11	707-708	,	_	
6-12	709-713	dass	_	
6-13	714-722	Grönland	_	
6-14	723-728	nicht	_	
6-15	729-732	zum	_	
6-16	733-740	Verkauf	NN	
6-17	741-746	stehe	VVFIN	
6-18	746-747	.	_	
6-19	747-748	
	_	

#Text="Grönland ist nicht dänisch.
#Text=
7-1	748-749	"	_	
7-2	749-757	Grönland	_	
7-3	758-761	ist	_	
7-4	762-767	nicht	_	
7-5	768-775	dänisch	ADJD	
7-6	775-776	.	_	
7-7	776-777	
	_	

#Text=Grönland gehört zu Grönland", sagte sie.
#Text=
8-1	777-785	Grönland	_	
8-2	786-792	gehört	VVFIN	
8-3	793-795	zu	_	
8-4	796-804	Grönland	_	
8-5	804-805	"	_	
8-6	805-806	,	_	
8-7	807-812	sagte	VVFIN	
8-8	813-816	sie	_	
8-9	816-817	.	_	
8-10	817-818	
	_	

#Text=Diese klaren Worte schienen den US-Präsidenten zu provozieren.
#Text=
9-1	818-823	Diese	_	
9-2	824-830	klaren	ADJA	
9-3	831-836	Worte	NN	
9-4	837-845	schienen	VVFIN	
9-5	846-849	den	_	
9-6	850-864	US-Präsidenten	NN	
9-7	865-867	zu	_	
9-8	868-879	provozieren	VVINF	
9-9	879-880	.	_	
9-10	880-881	
	_	

#Text=Trump teilte seine Absage über Twitter mit: „Dänemark ist ein sehr besonderes Land mit unglaublichen Menschen, aber basierend auf den Kommentaren der Premierministerin Mette Frederiksen, dass sie kein Interesse hat, Grönland zu diskutieren, werde ich unser Treffen verschieben, das in zwei Wochen stattfinden sollte, auf einen späteren Zeitpunkt.“ 
#Text=
10-1	881-886	Trump	_	
10-2	887-893	teilte	VVFIN	
10-3	894-899	seine	_	
10-4	900-906	Absage	NN	
10-5	907-911	über	_	
10-6	912-919	Twitter	NN	
10-7	920-923	mit	PTKVZ	
10-8	923-924	:	_	
10-9	925-926	„	_	
10-10	926-934	Dänemark	_	
10-11	935-938	ist	_	
10-12	939-942	ein	_	
10-13	943-947	sehr	_	
10-14	948-958	besonderes	ADJA	
10-15	959-963	Land	NN	
10-16	964-967	mit	_	
10-17	968-981	unglaublichen	ADJA	
10-18	982-990	Menschen	NN	
10-19	990-991	,	_	
10-20	992-996	aber	_	
10-21	997-1006	basierend	ADJD	
10-22	1007-1010	auf	_	
10-23	1011-1014	den	_	
10-24	1015-1026	Kommentaren	NN	
10-25	1027-1030	der	_	
10-26	1031-1048	Premierministerin	NN	
10-27	1049-1054	Mette	_	
10-28	1055-1066	Frederiksen	_	
10-29	1066-1067	,	_	
10-30	1068-1072	dass	_	
10-31	1073-1076	sie	_	
10-32	1077-1081	kein	_	
10-33	1082-1091	Interesse	NN	
10-34	1092-1095	hat	_	
10-35	1095-1096	,	_	
10-36	1097-1105	Grönland	_	
10-37	1106-1108	zu	_	
10-38	1109-1120	diskutieren	VVINF	
10-39	1120-1121	,	_	
10-40	1122-1127	werde	_	
10-41	1128-1131	ich	_	
10-42	1132-1137	unser	_	
10-43	1138-1145	Treffen	NN	
10-44	1146-1157	verschieben	VVINF	
10-45	1157-1158	,	_	
10-46	1159-1162	das	_	
10-47	1163-1165	in	_	
10-48	1166-1170	zwei	_	
10-49	1171-1177	Wochen	NN	
10-50	1178-1189	stattfinden	VVINF	
10-51	1190-1196	sollte	_	
10-52	1196-1197	,	_	
10-53	1198-1201	auf	_	
10-54	1202-1207	einen	_	
10-55	1208-1216	späteren	ADJA	
10-56	1217-1226	Zeitpunkt	NN	
10-57	1226-1227	.	_	
10-58	1227-1228	“	_	
10-59	1229-1230	
	_	

#Text=Dies warf die geplanten Diskussionen zu anderen wichtigen Themen, wie den transatlantischen Handelsbeziehungen und der Sicherheitspolitik, über Bord.
#Text=
11-1	1230-1234	Dies	_	
11-2	1235-1239	warf	VVFIN	
11-3	1240-1243	die	_	
11-4	1244-1253	geplanten	ADJA	
11-5	1254-1266	Diskussionen	NN	
11-6	1267-1269	zu	_	
11-7	1270-1277	anderen	ADJA	
11-8	1278-1287	wichtigen	ADJA	
11-9	1288-1294	Themen	NN	
11-10	1294-1295	,	_	
11-11	1296-1299	wie	_	
11-12	1300-1303	den	_	
11-13	1304-1321	transatlantischen	ADJA	
11-14	1322-1340	Handelsbeziehungen	NN	
11-15	1341-1344	und	_	
11-16	1345-1348	der	_	
11-17	1349-1367	Sicherheitspolitik	NN	
11-18	1367-1368	,	_	
11-19	1369-1373	über	_	
11-20	1374-1378	Bord	NN	
11-21	1378-1379	.	_	
11-22	1379-1380	
	_	

#Text=Die dänische Regierung zeigte sich überrascht bis empört über Trumps abrupten Schritt.
#Text=
12-1	1380-1383	Die	_	
12-2	1384-1392	dänische	ADJA	
12-3	1393-1402	Regierung	NN	
12-4	1403-1409	zeigte	VVFIN	
12-5	1410-1414	sich	_	
12-6	1415-1425	überrascht	VVPP	
12-7	1426-1429	bis	_	
12-8	1430-1436	empört	ADJD	
12-9	1437-1441	über	_	
12-10	1442-1448	Trumps	_	
12-11	1449-1457	abrupten	ADJA	
12-12	1458-1465	Schritt	NN	
12-13	1465-1466	.	_	
12-14	1466-1467	
	_	

#Text=Viele Kommentatoren sahen darin eine diplomatische Brüskierung.
#Text=
13-1	1467-1472	Viele	_	
13-2	1473-1486	Kommentatoren	NN	
13-3	1487-1492	sahen	VVFIN	
13-4	1493-1498	darin	_	
13-5	1499-1503	eine	_	
13-6	1504-1517	diplomatische	ADJA	
13-7	1518-1529	Brüskierung	NN	
13-8	1529-1530	.	_	
13-9	1530-1531	
	_	

#Text=Der dänische Außenminister Jeppe Kofod sagte, er sei „sichtlich überrascht“ von der Absage.
#Text=
14-1	1531-1534	Der	_	
14-2	1535-1543	dänische	ADJA	
14-3	1544-1557	Außenminister	NN	
14-4	1558-1563	Jeppe	_	
14-5	1564-1569	Kofod	_	
14-6	1570-1575	sagte	VVFIN	
14-7	1575-1576	,	_	
14-8	1577-1579	er	_	
14-9	1580-1583	sei	_	
14-10	1584-1585	„	_	
14-11	1585-1594	sichtlich	ADJD	
14-12	1595-1605	überrascht	VVPP	
14-13	1605-1606	“	_	
14-14	1607-1610	von	_	
14-15	1611-1614	der	_	
14-16	1615-1621	Absage	NN	
14-17	1621-1622	.	_	
14-18	1622-1623	
	_	

#Text=Kofod betonte jedoch, dass Dänemark weiterhin ein starker Alliierter der USA bleibe und trotz dieser Episode auf Zusammenarbeit setzte.
#Text=
15-1	1623-1628	Kofod	_	
15-2	1629-1636	betonte	VVFIN	
15-3	1637-1643	jedoch	_	
15-4	1643-1644	,	_	
15-5	1645-1649	dass	_	
15-6	1650-1658	Dänemark	_	
15-7	1659-1668	weiterhin	_	
15-8	1669-1672	ein	_	
15-9	1673-1680	starker	ADJA	
15-10	1681-1691	Alliierter	NN	
15-11	1692-1695	der	_	
15-12	1696-1699	USA	_	
15-13	1700-1706	bleibe	VVFIN	
15-14	1707-1710	und	_	
15-15	1711-1716	trotz	_	
15-16	1717-1723	dieser	_	
15-17	1724-1731	Episode	NN	
15-18	1732-1735	auf	_	
15-19	1736-1750	Zusammenarbeit	NN	
15-20	1751-1757	setzte	VVFIN	
15-21	1757-1758	.	_	
15-22	1758-1759	
	_	

#Text=Während einige dänische Politiker die Absage als „beleidigend“ bezeichneten, gab es auch Stimmen, die das Verhalten des US-Präsidenten als unsachlich und ungebührlich kritisierten.
#Text=
16-1	1759-1766	Während	_	
16-2	1767-1773	einige	_	
16-3	1774-1782	dänische	ADJA	
16-4	1783-1792	Politiker	NN	
16-5	1793-1796	die	_	
16-6	1797-1803	Absage	NN	
16-7	1804-1807	als	_	
16-8	1808-1809	„	_	
16-9	1809-1820	beleidigend	ADJD	
16-10	1820-1821	“	_	
16-11	1822-1834	bezeichneten	VVFIN	
16-12	1834-1835	,	_	
16-13	1836-1839	gab	VVFIN	
16-14	1840-1842	es	_	
16-15	1843-1847	auch	_	
16-16	1848-1855	Stimmen	NN	
16-17	1855-1856	,	_	
16-18	1857-1860	die	_	
16-19	1861-1864	das	_	
16-20	1865-1874	Verhalten	NN	
16-21	1875-1878	des	_	
16-22	1879-1893	US-Präsidenten	NN	
16-23	1894-1897	als	_	
16-24	1898-1908	unsachlich	ADJD	
16-25	1909-1912	und	_	
16-26	1913-1925	ungebührlich	ADJD	
16-27	1926-1938	kritisierten	VVFIN	
16-28	1938-1939	.	_	
16-29	1939-1940	
	_	

#Text=Die dänische Zeitung „Politiken“ schrieb gar von einem „dramatischen Tauziehen zwischen Kopenhagen und Washington“.
#Text=
17-1	1940-1943	Die	_	
17-2	1944-1952	dänische	ADJA	
17-3	1953-1960	Zeitung	NN	
17-4	1961-1962	„	_	
17-5	1962-1971	Politiken	NN	
17-6	1971-1972	“	_	
17-7	1973-1980	schrieb	VVFIN	
17-8	1981-1984	gar	_	
17-9	1985-1988	von	_	
17-10	1989-1994	einem	_	
17-11	1995-1996	„	_	
17-12	1996-2008	dramatischen	ADJA	
17-13	2009-2018	Tauziehen	NN	
17-14	2019-2027	zwischen	_	
17-15	2028-2038	Kopenhagen	_	
17-16	2039-2042	und	_	
17-17	2043-2053	Washington	_	
17-18	2053-2054	“	_	
17-19	2054-2055	.	_	
17-20	2055-2056	
	_	

#Text=Die Episode fügt sich in die lange Liste der kontroversen Entscheidungen und Unwägbarkeiten von Donald Trumps Präsidentschaft ein und zeigt, wie unberechenbar die internationale Politik unter seiner Führung geworden ist.
#Text=
18-1	2056-2059	Die	_	
18-2	2060-2067	Episode	NN	
18-3	2068-2072	fügt	VVFIN	
18-4	2073-2077	sich	_	
18-5	2078-2080	in	_	
18-6	2081-2084	die	_	
18-7	2085-2090	lange	ADJA	
18-8	2091-2096	Liste	NN	
18-9	2097-2100	der	_	
18-10	2101-2113	kontroversen	ADJA	
18-11	2114-2128	Entscheidungen	NN	
18-12	2129-2132	und	_	
18-13	2133-2147	Unwägbarkeiten	NN	
18-14	2148-2151	von	_	
18-15	2152-2158	Donald	_	
18-16	2159-2165	Trumps	_	
18-17	2166-2181	Präsidentschaft	NN	
18-18	2182-2185	ein	PTKVZ	
18-19	2186-2189	und	_	
18-20	2190-2195	zeigt	VVFIN	
18-21	2195-2196	,	_	
18-22	2197-2200	wie	_	
18-23	2201-2214	unberechenbar	ADJD	
18-24	2215-2218	die	_	
18-25	2219-2233	internationale	ADJA	
18-26	2234-2241	Politik	NN	
18-27	2242-2247	unter	_	
18-28	2248-2254	seiner	_	
18-29	2255-2262	Führung	NN	
18-30	2263-2271	geworden	_	
18-31	2272-2275	ist	_	
18-32	2275-2276	.	_	
18-33	2276-2277	
	_	

#Text=Ob und wann der Besuch nachgeholt werden soll, bleibt unklar.
#Text=
19-1	2277-2279	Ob	_	
19-2	2280-2283	und	_	
19-3	2284-2288	wann	_	
19-4	2289-2292	der	_	
19-5	2293-2299	Besuch	NN	
19-6	2300-2310	nachgeholt	VVPP	
19-7	2311-2317	werden	_	
19-8	2318-2322	soll	_	
19-9	2322-2323	,	_	
19-10	2324-2330	bleibt	VVFIN	
19-11	2331-2337	unklar	ADJD	
19-12	2337-2338	.	_	
19-13	2338-2339	
	_	

#Text=Fakt ist jedoch, dass sich das Verhältnis zwischen Dänemark und den USA durch diesen Vorfall nicht verbessert hat.
#Text=
20-1	2339-2343	Fakt	NN	
20-2	2344-2347	ist	_	
20-3	2348-2354	jedoch	_	
20-4	2354-2355	,	_	
20-5	2356-2360	dass	_	
20-6	2361-2365	sich	_	
20-7	2366-2369	das	_	
20-8	2370-2380	Verhältnis	NN	
20-9	2381-2389	zwischen	_	
20-10	2390-2398	Dänemark	_	
20-11	2399-2402	und	_	
20-12	2403-2406	den	_	
20-13	2407-2410	USA	_	
20-14	2411-2416	durch	_	
20-15	2417-2423	diesen	_	
20-16	2424-2431	Vorfall	NN	
20-17	2432-2437	nicht	_	
20-18	2438-2448	verbessert	VVPP	
20-19	2449-2452	hat	_	
20-20	2452-2453	.	_	
20-21	2453-2454	
	_	
