#FORMAT=WebAnno TSV 3.3
#T_SP=webanno.custom.MetaphorFlags|MetaphorFlag
#T_SP=webanno.custom.Metaphors|Conventionality|Metaphern
#T_SP=webanno.custom.POS|pos_tag
#T_RL=webanno.custom.UnitofAnalysis|bidirectionalrelation|BT_webanno.custom.Metaphors


#Text=Der britische Premierminister Boris Johnson zeigt erneut seine Entschlossenheit, sein Land am 31. Oktober aus der Europäischen Union zu führen.
#Text=
1-1	0-3	Der	_	_	_	_	_	_	
1-2	4-13	britische	_	O	O	ADJA	_	_	
1-3	14-29	Premierminister	_	O	O	NN	_	_	
1-4	30-35	Boris	_	_	_	_	_	_	
1-5	36-43	Johnson	_	_	_	_	_	_	
1-6	44-49	zeigt	_	KON	MRW	VVFIN	_	_	
1-7	50-56	erneut	_	O	O	ADJD	_	_	
1-8	57-62	seine	_	_	_	_	_	_	
1-9	63-79	Entschlossenheit	_	O	O	NN	_	_	
1-10	79-80	,	_	_	_	_	_	_	
1-11	81-85	sein	_	_	_	_	_	_	
1-12	86-90	Land	_	O	O	NN	_	_	
1-13	91-93	am	_	_	_	_	_	_	
1-14	94-97	31.	_	_	_	_	_	_	
1-15	98-105	Oktober	_	O	O	NN	_	_	
1-16	106-109	aus	_	_	_	_	_	_	
1-17	110-113	der	_	_	_	_	_	_	
1-18	114-126	Europäischen	_	_	_	_	_	_	
1-19	127-132	Union	_	_	_	_	_	_	
1-20	133-135	zu	_	_	_	_	_	_	
1-21	136-142	führen	_	KON	MRW	VVINF	_	_	
1-22	142-143	.	_	_	_	_	_	_	
1-23	143-144	
	_	_	_	_	_	_	

#Text=Auf Kritik reagiert er dabei mit ungewöhnlichen und drastischen Vergleichen.
#Text=
2-1	144-147	Auf	_	_	_	_	_	_	
2-2	148-154	Kritik	_	O	O	NN	_	_	
2-3	155-163	reagiert	_	KON	MRW	VVFIN	_	_	
2-4	164-166	er	_	_	_	_	_	_	
2-5	167-172	dabei	_	_	_	_	_	_	
2-6	173-176	mit	_	_	_	_	_	_	
2-7	177-191	ungewöhnlichen	_	O	O	ADJA	_	_	
2-8	192-195	und	_	_	_	_	_	_	
2-9	196-207	drastischen	_	O	O	ADJA	_	_	
2-10	208-219	Vergleichen	MFlag	O	O	NN	_	_	
2-11	219-220	.	_	_	_	_	_	_	
2-12	220-221	
	_	_	_	_	_	_	

#Text=In einem Interview mit der BBC wurde Johnson gefragt, wie er die Widerstände gegen den Brexit überwinden wolle.
#Text=
3-1	221-223	In	_	_	_	_	_	_	
3-2	224-229	einem	_	_	_	_	_	_	
3-3	230-239	Interview	_	O	O	NN	_	_	
3-4	240-243	mit	_	_	_	_	_	_	
3-5	244-247	der	_	_	_	_	_	_	
3-6	248-251	BBC	_	_	_	_	_	_	
3-7	252-257	wurde	_	_	_	_	_	_	
3-8	258-265	Johnson	_	_	_	_	_	_	
3-9	266-273	gefragt	_	O	O	VVPP	_	_	
3-10	273-274	,	_	_	_	_	_	_	
3-11	275-278	wie	_	_	_	_	_	_	
3-12	279-281	er	_	_	_	_	_	_	
3-13	282-285	die	_	_	_	_	_	_	
3-14	286-297	Widerstände	_	KON	MRW	NN	_	_	
3-15	298-303	gegen	_	_	_	_	_	_	
3-16	304-307	den	_	_	_	_	_	_	
3-17	308-314	Brexit	_	_	_	_	_	_	
3-18	315-325	überwinden	_	KON	MRW	VVINF	_	_	
3-19	326-331	wolle	_	_	_	_	_	_	
3-20	331-332	.	_	_	_	_	_	_	
3-21	332-333	
	_	_	_	_	_	_	

#Text=Seine Antwort: Er werde das Vereinigte Königreich wie den Superhelden Hulk aus der EU herausführen - "komme was wolle".
#Text=
4-1	333-338	Seine	_	_	_	_	_	_	
4-2	339-346	Antwort	_	O	O	NN	_	_	
4-3	346-347	:	_	_	_	_	_	_	
4-4	348-350	Er	_	_	_	_	_	_	
4-5	351-356	werde	_	_	_	_	_	_	
4-6	357-360	das	_	_	_	_	_	_	
4-7	361-371	Vereinigte	_	_	_	_	_	_	
4-8	372-382	Königreich	_	_	_	_	_	_	
4-9	383-386	wie	MFlag	_	_	_	_	_	
4-10	387-390	den	_	_	_	_	_	_	
4-11	391-402	Superhelden	_	NKON	MRW\_DIR	NN	_	_	
4-12	403-407	Hulk	_	_	_	_	_	_	
4-13	408-411	aus	_	_	_	_	_	_	
4-14	412-415	der	_	_	_	_	_	_	
4-15	416-418	EU	_	_	_	_	_	_	
4-16	419-431	herausführen	_	KON	MRW	VVINF	_	_	
4-17	432-433	-	_	_	_	_	_	_	
4-18	434-435	"	_	_	_	_	_	_	
4-19	435-440	komme	_	KON	MRW	VVFIN	_	_	
4-20	441-444	was	_	_	_	_	_	_	
4-21	445-450	wolle	_	_	_	_	_	_	
4-22	450-451	"	_	_	_	_	_	_	
4-23	451-452	.	_	_	_	_	_	_	
4-24	452-453	
	_	_	_	_	_	_	

#Text=Diese Vergleiche sorgen für gemischte Reaktionen in Großbritannien und dem Rest der EU.
#Text=
5-1	453-458	Diese	_	_	_	_	_	_	
5-2	459-469	Vergleiche	MFlag	O	O	NN	_	_	
5-3	470-476	sorgen	_	O	WIDLII	VVFIN	_	_	
5-4	477-480	für	_	_	_	_	_	_	
5-5	481-490	gemischte	_	KON	MRW	ADJA	_	_	
5-6	491-501	Reaktionen	_	KON	MRW	NN	_	_	
5-7	502-504	in	_	_	_	_	_	_	
5-8	505-519	Großbritannien	_	_	_	_	_	_	
5-9	520-523	und	_	_	_	_	_	_	
5-10	524-527	dem	_	_	_	_	_	_	
5-11	528-532	Rest	_	O	WIDLII	NN	_	_	
5-12	533-536	der	_	_	_	_	_	_	
5-13	537-539	EU	_	_	_	_	_	_	
5-14	539-540	.	_	_	_	_	_	_	
5-15	540-541	
	_	_	_	_	_	_	

#Text=Während Johnsons Anhänger seine Entschlossenheit und Entschiedenheit loben, stoßen seine Aussagen bei Kritikern auf Unverständnis und Empörung.
#Text=
6-1	541-548	Während	_	_	_	_	_	_	
6-2	549-557	Johnsons	_	_	_	_	_	_	
6-3	558-566	Anhänger	_	KON	MRW	NN	_	_	
6-4	567-572	seine	_	_	_	_	_	_	
6-5	573-589	Entschlossenheit	_	O	O	NN	_	_	
6-6	590-593	und	_	_	_	_	_	_	
6-7	594-609	Entschiedenheit	_	O	O	NN	_	_	
6-8	610-615	loben	_	O	O	VVFIN	_	_	
6-9	615-616	,	_	_	_	_	_	_	
6-10	617-623	stoßen	_	O	PERS	VVFIN	_	_	
6-11	624-629	seine	_	_	_	_	_	_	
6-12	630-638	Aussagen	_	O	O	NN	_	_	
6-13	639-642	bei	_	_	_	_	_	_	
6-14	643-652	Kritikern	_	O	O	NN	_	_	
6-15	653-656	auf	_	_	_	_	_	_	
6-16	657-670	Unverständnis	_	O	O	NN	_	_	
6-17	671-674	und	_	_	_	_	_	_	
6-18	675-683	Empörung	_	O	O	NN	_	_	
6-19	683-684	.	_	_	_	_	_	_	
6-20	684-685	
	_	_	_	_	_	_	

#Text=Der Labour-Abgeordnete David Lammy nannte Johnsons Vergleich "kindisch und gefährlich", während die Chefin der Scottish National Party, Nicola Sturgeon, von einem "besorgniserregenden Mangel an Realitätssinn" sprach.
#Text=
7-1	685-688	Der	_	_	_	_	_	_	
7-2	689-707	Labour-Abgeordnete	_	_	_	NN	_	_	
7-2.1	689-696	Labour-	_	O	O	_	_	_	
7-2.2	696-707	Abgeordnete	_	O	O	_	_	_	
7-3	708-713	David	_	_	_	_	_	_	
7-4	714-719	Lammy	_	_	_	_	_	_	
7-5	720-726	nannte	_	O	O	VVFIN	_	_	
7-6	727-735	Johnsons	_	_	_	_	_	_	
7-7	736-745	Vergleich	MFlag	O	O	NN	_	_	
7-8	746-747	"	_	_	_	_	_	_	
7-9	747-755	kindisch	_	O	O	ADJD	_	_	
7-10	756-759	und	_	_	_	_	_	_	
7-11	760-770	gefährlich	_	O	O	ADJD	_	_	
7-12	770-771	"	_	_	_	_	_	_	
7-13	771-772	,	_	_	_	_	_	_	
7-14	773-780	während	_	_	_	_	_	_	
7-15	781-784	die	_	_	_	_	_	_	
7-16	785-791	Chefin	_	O	O	NN	_	_	
7-17	792-795	der	_	_	_	_	_	_	
7-18	796-804	Scottish	_	_	_	_	_	_	
7-19	805-813	National	_	_	_	_	_	_	
7-20	814-819	Party	_	_	_	_	_	_	
7-21	819-820	,	_	_	_	_	_	_	
7-22	821-827	Nicola	_	_	_	_	_	_	
7-23	828-836	Sturgeon	_	_	_	_	_	_	
7-24	836-837	,	_	_	_	_	_	_	
7-25	838-841	von	_	_	_	_	_	_	
7-26	842-847	einem	_	_	_	_	_	_	
7-27	848-849	"	_	_	_	_	_	_	
7-28	849-868	besorgniserregenden	_	O	O	ADJA	_	_	
7-29	869-875	Mangel	_	O	O	NN	_	_	
7-30	876-878	an	_	_	_	_	_	_	
7-31	879-892	Realitätssinn	_	O	O	NN	_	_	
7-32	892-893	"	_	_	_	_	_	_	
7-33	894-900	sprach	_	O	O	VVFIN	_	_	
7-34	900-901	.	_	_	_	_	_	_	
7-35	901-902	
	_	_	_	_	_	_	

#Text=Auch in Brüssel sorgen Johnsons drastische Worte für Verärgerung.
#Text=
8-1	902-906	Auch	_	_	_	_	_	_	
8-2	907-909	in	_	_	_	_	_	_	
8-3	910-917	Brüssel	_	_	_	_	_	_	
8-4	918-924	sorgen	_	O	WIDLII	VVFIN	_	_	
8-5	925-933	Johnsons	_	_	_	_	_	_	
8-6	934-944	drastische	_	O	O	ADJA	_	_	
8-7	945-950	Worte	_	O	O	NN	_	_	
8-8	951-954	für	_	_	_	_	_	_	
8-9	955-966	Verärgerung	_	O	O	NN	_	_	
8-10	966-967	.	_	_	_	_	_	_	
8-11	967-968	
	_	_	_	_	_	_	

#Text=EU-Ratspräsident Donald Tusk reagierte gereizt auf den Vergleich mit dem wütenden Hulk und warf Johnson vor, die Verhandlungen zum Brexit zu gefährden.
#Text=
9-1	968-984	EU-Ratspräsident	_	_	_	_	_	_	
9-2	985-991	Donald	_	_	_	_	_	_	
9-3	992-996	Tusk	_	_	_	_	_	_	
9-4	997-1006	reagierte	_	KON	MRW	VVFIN	_	_	
9-5	1007-1014	gereizt	_	O	O	ADJD	_	_	
9-6	1015-1018	auf	_	_	_	_	_	_	
9-7	1019-1022	den	_	_	_	_	_	_	
9-8	1023-1032	Vergleich	MFlag	O	O	NN	_	_	
9-9	1033-1036	mit	_	_	_	_	_	_	
9-10	1037-1040	dem	_	_	_	_	_	_	
9-11	1041-1049	wütenden	_	O	KOMPL	ADJA	_	_	
9-12	1050-1054	Hulk	_	_	_	_	_	_	
9-13	1055-1058	und	_	_	_	_	_	_	
9-14	1059-1063	warf	_	KON	MRW	VVFIN	_	_	
9-15	1064-1071	Johnson	_	_	_	_	_	_	
9-16	1072-1075	vor	_	KON	MRW	PTKVZ	belong together	9-14	
9-17	1075-1076	,	_	_	_	_	_	_	
9-18	1077-1080	die	_	_	_	_	_	_	
9-19	1081-1094	Verhandlungen	_	O	O	NN	_	_	
9-20	1095-1098	zum	_	_	_	_	_	_	
9-21	1099-1105	Brexit	_	_	_	_	_	_	
9-22	1106-1108	zu	_	_	_	_	_	_	
9-23	1109-1118	gefährden	_	O	O	VVINF	_	_	
9-24	1118-1119	.	_	_	_	_	_	_	
9-25	1119-1120	
	_	_	_	_	_	_	

#Text=Auch EU-Kommissionspräsident Jean-Claude Juncker warnte vor einer harten Brexit-Politik, die die Beziehungen zwischen Großbritannien und der EU noch weiter belasten könnte.
#Text=
10-1	1120-1124	Auch	_	_	_	_	_	_	
10-2	1125-1148	EU-Kommissionspräsident	_	_	_	_	_	_	
10-3	1149-1160	Jean-Claude	_	_	_	_	_	_	
10-4	1161-1168	Juncker	_	_	_	_	_	_	
10-5	1169-1175	warnte	_	O	O	VVFIN	_	_	
10-6	1176-1179	vor	_	_	_	_	_	_	
10-7	1180-1185	einer	_	_	_	_	_	_	
10-8	1186-1192	harten	_	KON	MRW	ADJA	_	_	
10-9	1193-1207	Brexit-Politik	_	_	_	_	_	_	
10-10	1207-1208	,	_	_	_	_	_	_	
10-11	1209-1212	die	_	_	_	_	_	_	
10-12	1213-1216	die	_	_	_	_	_	_	
10-13	1217-1228	Beziehungen	_	O	O	NN	_	_	
10-14	1229-1237	zwischen	_	_	_	_	_	_	
10-15	1238-1252	Großbritannien	_	_	_	_	_	_	
10-16	1253-1256	und	_	_	_	_	_	_	
10-17	1257-1260	der	_	_	_	_	_	_	
10-18	1261-1263	EU	_	_	_	_	_	_	
10-19	1264-1268	noch	_	_	_	_	_	_	
10-20	1269-1275	weiter	_	_	_	_	_	_	
10-21	1276-1284	belasten	_	KON	MRW	VVINF	_	_	
10-22	1285-1291	könnte	_	_	_	_	_	_	
10-23	1291-1292	.	_	_	_	_	_	_	
10-24	1292-1293	
	_	_	_	_	_	_	

#Text=Johnson scheint jedoch unbeirrt von der Kritik und den Bedenken seiner europäischen Kollegen.
#Text=
11-1	1293-1300	Johnson	_	_	_	_	_	_	
11-2	1301-1308	scheint	_	O	O	VVFIN	_	_	
11-3	1309-1315	jedoch	_	_	_	_	_	_	
11-4	1316-1324	unbeirrt	_	O	O	ADJD	_	_	
11-5	1325-1328	von	_	_	_	_	_	_	
11-6	1329-1332	der	_	_	_	_	_	_	
11-7	1333-1339	Kritik	_	O	O	NN	_	_	
11-8	1340-1343	und	_	_	_	_	_	_	
11-9	1344-1347	den	_	_	_	_	_	_	
11-10	1348-1356	Bedenken	_	O	O	NN	_	_	
11-11	1357-1363	seiner	_	_	_	_	_	_	
11-12	1364-1376	europäischen	_	O	O	ADJA	_	_	
11-13	1377-1385	Kollegen	_	O	O	NN	_	_	
11-14	1385-1386	.	_	_	_	_	_	_	
11-15	1386-1387	
	_	_	_	_	_	_	

#Text=Er betont immer wieder, dass er den Willen des britischen Volkes respektieren werde, das sich im Jahr 2016 mit knapper Mehrheit für den Austritt aus der EU entschieden hatte.
#Text=
12-1	1387-1389	Er	_	_	_	_	_	_	
12-2	1390-1396	betont	_	KON	MRW	VVFIN	_	_	
12-3	1397-1402	immer	_	_	_	_	_	_	
12-4	1403-1409	wieder	_	_	_	_	_	_	
12-5	1409-1410	,	_	_	_	_	_	_	
12-6	1411-1415	dass	_	_	_	_	_	_	
12-7	1416-1418	er	_	_	_	_	_	_	
12-8	1419-1422	den	_	_	_	_	_	_	
12-9	1423-1429	Willen	_	O	O	NN	_	_	
12-10	1430-1433	des	_	_	_	_	_	_	
12-11	1434-1444	britischen	_	O	O	ADJA	_	_	
12-12	1445-1451	Volkes	_	O	O	NN	_	_	
12-13	1452-1464	respektieren	_	O	O	VVINF	_	_	
12-14	1465-1470	werde	_	_	_	_	_	_	
12-15	1470-1471	,	_	_	_	_	_	_	
12-16	1472-1475	das	_	_	_	_	_	_	
12-17	1476-1480	sich	_	_	_	_	_	_	
12-18	1481-1483	im	_	_	_	_	_	_	
12-19	1484-1488	Jahr	_	O	O	NN	_	_	
12-20	1489-1493	2016	_	_	_	_	_	_	
12-21	1494-1497	mit	_	_	_	_	_	_	
12-22	1498-1505	knapper	_	O	O	ADJA	_	_	
12-23	1506-1514	Mehrheit	_	O	O	NN	_	_	
12-24	1515-1518	für	_	_	_	_	_	_	
12-25	1519-1522	den	_	_	_	_	_	_	
12-26	1523-1531	Austritt	_	KON	MRW	NN	_	_	
12-27	1532-1535	aus	_	_	_	_	_	_	
12-28	1536-1539	der	_	_	_	_	_	_	
12-29	1540-1542	EU	_	_	_	_	_	_	
12-30	1543-1554	entschieden	_	O	O	VVPP	_	_	
12-31	1555-1560	hatte	_	_	_	_	_	_	
12-32	1560-1561	.	_	_	_	_	_	_	
12-33	1561-1562	
	_	_	_	_	_	_	

#Text=Johnsons Motto dabei: "Do or die" - er werde den Brexit umsetzen, "egal wie".
#Text=
13-1	1562-1570	Johnsons	_	_	_	_	_	_	
13-2	1571-1576	Motto	_	O	O	NN	_	_	
13-3	1577-1582	dabei	_	_	_	_	_	_	
13-4	1582-1583	:	_	_	_	_	_	_	
13-5	1584-1585	"	_	_	_	_	_	_	
13-6	1585-1587	Do	_	_	_	_	_	_	
13-7	1588-1590	or	_	_	_	_	_	_	
13-8	1591-1594	die	_	_	_	_	_	_	
13-9	1594-1595	"	_	_	_	_	_	_	
13-10	1596-1597	-	_	_	_	_	_	_	
13-11	1598-1600	er	_	_	_	_	_	_	
13-12	1601-1606	werde	_	_	_	_	_	_	
13-13	1607-1610	den	_	_	_	_	_	_	
13-14	1611-1617	Brexit	_	_	_	_	_	_	
13-15	1618-1626	umsetzen	_	O	O	VVINF	_	_	
13-16	1626-1627	,	_	_	_	_	_	_	
13-17	1628-1629	"	_	_	_	_	_	_	
13-18	1629-1633	egal	_	_	_	_	_	_	
13-19	1634-1637	wie	_	_	_	_	_	_	
13-20	1637-1638	"	_	_	_	_	_	_	
13-21	1638-1639	.	_	_	_	_	_	_	
13-22	1639-1640	
	_	_	_	_	_	_	

#Text=Für viele Beobachter wirft Johnsons harte Linie in den Brexit-Verhandlungen jedoch auch Fragen auf.
#Text=
14-1	1640-1643	Für	_	_	_	_	_	_	
14-2	1644-1649	viele	_	_	_	_	_	_	
14-3	1650-1660	Beobachter	_	O	O	NN	_	_	
14-4	1661-1666	wirft	_	KON	MRW	VVFIN	_	_	
14-5	1667-1675	Johnsons	_	_	_	_	_	_	
14-6	1676-1681	harte	_	KON	MRW	ADJA	_	_	
14-7	1682-1687	Linie	_	KON	MRW	NN	_	_	
14-8	1688-1690	in	_	_	_	_	_	_	
14-9	1691-1694	den	_	_	_	_	_	_	
14-10	1695-1715	Brexit-Verhandlungen	_	_	_	_	_	_	
14-11	1716-1722	jedoch	_	_	_	_	_	_	
14-12	1723-1727	auch	_	_	_	_	_	_	
14-13	1728-1734	Fragen	_	O	O	NN	_	_	
14-14	1735-1738	auf	_	KON	MRW	PTKVZ	belong together	14-4	
14-15	1738-1739	.	_	_	_	_	_	_	
14-16	1739-1740	
	_	_	_	_	_	_	

#Text=Kritiker werfen ihm vor, Großbritannien in eine politische Sackgasse zu führen und das Land auf einen harten Brexit ohne Abkommen mit der EU zuzutreiben.
#Text=
15-1	1740-1748	Kritiker	_	O	O	NN	_	_	
15-2	1749-1755	werfen	_	KON	MRW	VVFIN	_	_	
15-3	1756-1759	ihm	_	_	_	_	_	_	
15-4	1760-1763	vor	_	KON	MRW	PTKVZ	belong together	15-2	
15-5	1763-1764	,	_	_	_	_	_	_	
15-6	1765-1779	Großbritannien	_	_	_	_	_	_	
15-7	1780-1782	in	_	_	_	_	_	_	
15-8	1783-1787	eine	_	_	_	_	_	_	
15-9	1788-1798	politische	_	O	O	ADJA	_	_	
15-10	1799-1808	Sackgasse	_	O	KOMPL	NN	_	_	
15-11	1809-1811	zu	_	_	_	_	_	_	
15-12	1812-1818	führen	_	O	KOMPL	VVINF	belong together	15-10	
15-13	1819-1822	und	_	_	_	_	_	_	
15-14	1823-1826	das	_	_	_	_	_	_	
15-15	1827-1831	Land	_	O	O	NN	_	_	
15-16	1832-1835	auf	_	_	_	_	_	_	
15-17	1836-1841	einen	_	_	_	_	_	_	
15-18	1842-1848	harten	_	KON	MRW	ADJA	_	_	
15-19	1849-1855	Brexit	_	_	_	_	_	_	
15-20	1856-1860	ohne	_	_	_	_	_	_	
15-21	1861-1869	Abkommen	_	O	O	NN	_	_	
15-22	1870-1873	mit	_	_	_	_	_	_	
15-23	1874-1877	der	_	_	_	_	_	_	
15-24	1878-1880	EU	_	_	_	_	_	_	
15-25	1881-1892	zuzutreiben	_	KON	MRW	VVFIN	_	_	
15-26	1892-1893	.	_	_	_	_	_	_	
15-27	1893-1894	
	_	_	_	_	_	_	

#Text=Auch die wirtschaftlichen Folgen eines solchen Szenarios werden kontrovers diskutiert.
#Text=
16-1	1894-1898	Auch	_	_	_	_	_	_	
16-2	1899-1902	die	_	_	_	_	_	_	
16-3	1903-1919	wirtschaftlichen	_	O	O	ADJA	_	_	
16-4	1920-1926	Folgen	_	O	O	NN	_	_	
16-5	1927-1932	eines	_	_	_	_	_	_	
16-6	1933-1940	solchen	_	_	_	_	_	_	
16-7	1941-1950	Szenarios	_	O	O	NN	_	_	
16-8	1951-1957	werden	_	_	_	_	_	_	
16-9	1958-1968	kontrovers	_	O	O	ADJD	_	_	
16-10	1969-1979	diskutiert	_	O	O	VVPP	_	_	
16-11	1979-1980	.	_	_	_	_	_	_	
16-12	1980-1981	
	_	_	_	_	_	_	

#Text=So warnte der ehemalige Gouverneur der Bank of England, Mervyn King, vor schwerwiegenden wirtschaftlichen Konsequenzen eines harten Brexit ohne Einigung.
#Text=
17-1	1981-1983	So	_	_	_	_	_	_	
17-2	1984-1990	warnte	_	O	O	VVFIN	_	_	
17-3	1991-1994	der	_	_	_	_	_	_	
17-4	1995-2004	ehemalige	_	O	O	ADJA	_	_	
17-5	2005-2015	Gouverneur	_	O	O	NN	_	_	
17-6	2016-2019	der	_	_	_	_	_	_	
17-7	2020-2024	Bank	_	_	_	_	_	_	
17-8	2025-2027	of	_	_	_	_	_	_	
17-9	2028-2035	England	_	_	_	_	_	_	
17-10	2035-2036	,	_	_	_	_	_	_	
17-11	2037-2043	Mervyn	_	_	_	_	_	_	
17-12	2044-2048	King	_	_	_	_	_	_	
17-13	2048-2049	,	_	_	_	_	_	_	
17-14	2050-2053	vor	_	_	_	_	_	_	
17-15	2054-2069	schwerwiegenden	_	O	O	ADJA	_	_	
17-16	2070-2086	wirtschaftlichen	_	O	O	ADJA	_	_	
17-17	2087-2099	Konsequenzen	_	O	O	NN	_	_	
17-18	2100-2105	eines	_	_	_	_	_	_	
17-19	2106-2112	harten	_	KON	MRW	ADJA	_	_	
17-20	2113-2119	Brexit	_	_	_	_	_	_	
17-21	2120-2124	ohne	_	_	_	_	_	_	
17-22	2125-2133	Einigung	_	O	O	NN	_	_	
17-23	2133-2134	.	_	_	_	_	_	_	
17-24	2134-2135	
	_	_	_	_	_	_	

#Text=Trotz aller Kritik und Bedenken zeigt Boris Johnson jedoch keine Anzeichen einer Kursänderung.
#Text=
18-1	2135-2140	Trotz	_	_	_	_	_	_	
18-2	2141-2146	aller	_	_	_	_	_	_	
18-3	2147-2153	Kritik	_	O	O	NN	_	_	
18-4	2154-2157	und	_	_	_	_	_	_	
18-5	2158-2166	Bedenken	_	O	O	NN	_	_	
18-6	2167-2172	zeigt	_	KON	MRW	VVFIN	_	_	
18-7	2173-2178	Boris	_	_	_	_	_	_	
18-8	2179-2186	Johnson	_	_	_	_	_	_	
18-9	2187-2193	jedoch	_	_	_	_	_	_	
18-10	2194-2199	keine	_	_	_	_	_	_	
18-11	2200-2209	Anzeichen	_	O	O	NN	_	_	
18-12	2210-2215	einer	_	_	_	_	_	_	
18-13	2216-2228	Kursänderung	_	KON	MRW	NN	_	_	
18-14	2228-2229	.	_	_	_	_	_	_	
18-15	2229-2230	
	_	_	_	_	_	_	

#Text=Er bleibt fest entschlossen, Großbritannien aus der EU zu führen - koste es, was es wolle.
#Text=
19-1	2230-2232	Er	_	_	_	_	_	_	
19-2	2233-2239	bleibt	_	O	O	VVFIN	_	_	
19-3	2240-2244	fest	_	KON	MRW	ADJD	_	_	
19-4	2245-2257	entschlossen	_	O	O	VVPP	_	_	
19-5	2257-2258	,	_	_	_	_	_	_	
19-6	2259-2273	Großbritannien	_	_	_	_	_	_	
19-7	2274-2277	aus	_	_	_	_	_	_	
19-8	2278-2281	der	_	_	_	_	_	_	
19-9	2282-2284	EU	_	_	_	_	_	_	
19-10	2285-2287	zu	_	_	_	_	_	_	
19-11	2288-2294	führen	_	KON	MRW	VVINF	_	_	
19-12	2295-2296	-	_	_	_	_	_	_	
19-13	2297-2302	koste	_	KON	MRW	VVFIN	_	_	
19-14	2303-2305	es	_	_	_	_	_	_	
19-15	2305-2306	,	_	_	_	_	_	_	
19-16	2307-2310	was	_	_	_	_	_	_	
19-17	2311-2313	es	_	_	_	_	_	_	
19-18	2314-2319	wolle	_	_	_	_	_	_	
19-19	2319-2320	.	_	_	_	_	_	_	
19-20	2320-2321	
	_	_	_	_	_	_	

#Text=Ob er mit seiner "Hulk"-Strategie erfolgreich sein wird oder ob er sich damit letztendlich in die Sackgasse manövriert, bleibt abzuwarten.
#Text=
20-1	2321-2323	Ob	_	_	_	_	_	_	
20-2	2324-2326	er	_	_	_	_	_	_	
20-3	2327-2330	mit	_	_	_	_	_	_	
20-4	2331-2337	seiner	_	_	_	_	_	_	
20-5	2338-2339	"	_	_	_	_	_	_	
20-6	2339-2354	Hulk"-Strategie	_	_	_	_	_	_	
20-7	2355-2366	erfolgreich	_	O	O	ADJD	_	_	
20-8	2367-2371	sein	_	_	_	_	_	_	
20-9	2372-2376	wird	_	_	_	_	_	_	
20-10	2377-2381	oder	_	_	_	_	_	_	
20-11	2382-2384	ob	_	_	_	_	_	_	
20-12	2385-2387	er	_	_	_	_	_	_	
20-13	2388-2392	sich	_	_	_	_	_	_	
20-14	2393-2398	damit	_	_	_	_	_	_	
20-15	2399-2411	letztendlich	_	_	_	_	_	_	
20-16	2412-2414	in	_	_	_	_	_	_	
20-17	2415-2418	die	_	_	_	_	_	_	
20-18	2419-2428	Sackgasse	_	O	KOMPL	NN	_	_	
20-19	2429-2439	manövriert	_	O	KOMPL	VVFIN	belong together	20-18	
20-20	2439-2440	,	_	_	_	_	_	_	
20-21	2441-2447	bleibt	_	O	O	VVFIN	_	_	
20-22	2448-2458	abzuwarten	_	O	O	VVIZU	_	_	
20-23	2458-2459	.	_	_	_	_	_	_	
20-24	2459-2460	
	_	_	_	_	_	_	

#Text=Die Uhr tickt jedoch unaufhörlich weiter, und der 31. Oktober rückt näher.
#Text=
21-1	2460-2463	Die	_	_	_	_	_	_	
21-2	2464-2467	Uhr	_	O	KOMPL	NN	_	_	
21-3	2468-2473	tickt	_	O	KOMPL	VVFIN	belong together	21-2	
21-4	2474-2480	jedoch	_	_	_	_	_	_	
21-5	2481-2493	unaufhörlich	_	O	O	ADJD	_	_	
21-6	2494-2500	weiter	_	O	KOMPL	PTKVZ	belong together	21-3	
21-7	2500-2501	,	_	_	_	_	_	_	
21-8	2502-2505	und	_	_	_	_	_	_	
21-9	2506-2509	der	_	_	_	_	_	_	
21-10	2510-2513	31.	_	_	_	_	_	_	
21-11	2514-2521	Oktober	_	O	O	NN	_	_	
21-12	2522-2527	rückt	_	KON	MRW	VVFIN	_	_	
21-13	2528-2533	näher	_	KON	MRW	ADJD	_	_	
21-14	2533-2534	.	_	_	_	_	_	_	
21-15	2534-2535	
	_	_	_	_	_	_	

#Text=Die Brexit-Saga geht also in die nächste Runde - mit Boris Johnson in der Hauptrolle als wütender Hulk.
#Text=
22-1	2535-2538	Die	_	_	_	_	_	_	
22-2	2539-2550	Brexit-Saga	_	_	_	_	_	_	
22-3	2551-2555	geht	_	O	PERS	VVFIN	_	_	
22-4	2556-2560	also	_	_	_	_	_	_	
22-5	2561-2563	in	_	_	_	_	_	_	
22-6	2564-2567	die	_	_	_	_	_	_	
22-7	2568-2575	nächste	_	KON	MRW	ADJA	_	_	
22-8	2576-2581	Runde	_	NKON	MRW	NN	_	_	
22-9	2582-2583	-	_	_	_	_	_	_	
22-10	2584-2587	mit	_	_	_	_	_	_	
22-11	2588-2593	Boris	_	_	_	_	_	_	
22-12	2594-2601	Johnson	_	_	_	_	_	_	
22-13	2602-2604	in	_	_	_	_	_	_	
22-14	2605-2608	der	_	_	_	_	_	_	
22-15	2609-2619	Hauptrolle	_	KON	MRW	NN	_	_	
22-16	2620-2623	als	_	_	_	_	_	_	
22-17	2624-2632	wütender	_	O	KOMPL	ADJA	_	_	
22-18	2633-2637	Hulk	_	_	_	_	_	_	
22-19	2637-2638	.	_	_	_	_	_	_	
22-20	2638-2639	
	_	_	_	_	_	_	
