#FORMAT=WebAnno TSV 3.3
#T_SP=webanno.custom.MetaphorFlags|MetaphorFlag
#T_SP=webanno.custom.Metaphors|Conventionality|Metaphern
#T_SP=webanno.custom.POS|pos_tag
#T_RL=webanno.custom.UnitofAnalysis|bidirectionalrelation|BT_webanno.custom.Metaphors


#Text="Hulk ist immer entkommen, egal wie eng gefesselt er war - und so ist das auch mit diesem Land": Boris Johnson im Kampf um den Brexit.
#Text=
1-1	0-1	"	_	_	_	_	_	_	
1-2	1-5	Hulk	_	_	_	_	_	_	
1-3	6-9	ist	_	_	_	_	_	_	
1-4	10-15	immer	_	_	_	_	_	_	
1-5	16-25	entkommen	_	O	KOMPL	VVIZU	_	_	
1-6	25-26	,	_	_	_	_	_	_	
1-7	27-31	egal	_	_	_	_	_	_	
1-8	32-35	wie	_	_	_	_	_	_	
1-9	36-39	eng	_	O	KOMPL	ADJD	belong together	1-5	
1-10	40-49	gefesselt	_	O	KOMPL	VVPP	belong together	1-9	
1-11	50-52	er	_	_	_	_	_	_	
1-12	53-56	war	_	_	_	_	_	_	
1-13	57-58	-	_	_	_	_	_	_	
1-14	59-62	und	_	_	_	_	_	_	
1-15	63-65	so	MFlag	_	_	_	_	_	
1-16	66-69	ist	_	_	_	_	_	_	
1-17	70-73	das	_	_	_	_	_	_	
1-18	74-78	auch	_	_	_	_	_	_	
1-19	79-82	mit	_	_	_	_	_	_	
1-20	83-89	diesem	_	_	_	_	_	_	
1-21	90-94	Land	_	O	O	NN	_	_	
1-22	94-95	"	_	_	_	_	_	_	
1-23	95-96	:	_	_	_	_	_	_	
1-24	97-102	Boris	_	_	_	_	_	_	
1-25	103-110	Johnson	_	_	_	_	_	_	
1-26	111-113	im	_	_	_	_	_	_	
1-27	114-119	Kampf	_	KON	MRW	NN	_	_	
1-28	120-122	um	_	_	_	_	_	_	
1-29	123-126	den	_	_	_	_	_	_	
1-30	127-133	Brexit	_	_	_	_	_	_	
1-31	133-134	.	_	_	_	_	_	_	
1-32	134-135	
	_	_	_	_	_	_	

#Text=Der Ton wird rauher in Großbritannien - und die Vergleiche drastischer: Der britische Premierminister Boris Johnson hat seine Entschlossenheit unterstrichen, sein Land am 31. Oktober aus der EU zu führen.
#Text=
2-1	135-138	Der	_	_	_	_	_	_	
2-2	139-142	Ton	_	O	KOMPL	NN	_	_	
2-3	143-147	wird	_	_	_	_	_	_	
2-4	148-154	rauher	_	O	KOMPL	ADJD	belong together	2-2	
2-5	155-157	in	_	_	_	_	_	_	
2-6	158-172	Großbritannien	_	_	_	_	_	_	
2-7	173-174	-	_	_	_	_	_	_	
2-8	175-178	und	_	_	_	_	_	_	
2-9	179-182	die	_	_	_	_	_	_	
2-10	183-193	Vergleiche	MFlag	O	O	NN	_	_	
2-11	194-205	drastischer	_	O	O	ADJD	_	_	
2-12	205-206	:	_	_	_	_	_	_	
2-13	207-210	Der	_	_	_	_	_	_	
2-14	211-220	britische	_	O	O	ADJA	_	_	
2-15	221-236	Premierminister	_	O	O	NN	_	_	
2-16	237-242	Boris	_	_	_	_	_	_	
2-17	243-250	Johnson	_	_	_	_	_	_	
2-18	251-254	hat	_	_	_	_	_	_	
2-19	255-260	seine	_	_	_	_	_	_	
2-20	261-277	Entschlossenheit	_	O	O	NN	_	_	
2-21	278-291	unterstrichen	_	KON	MRW	VVPP	_	_	
2-22	291-292	,	_	_	_	_	_	_	
2-23	293-297	sein	_	_	_	_	_	_	
2-24	298-302	Land	_	O	O	NN	_	_	
2-25	303-305	am	_	_	_	_	_	_	
2-26	306-309	31.	_	_	_	_	_	_	
2-27	310-317	Oktober	_	O	O	NN	_	_	
2-28	318-321	aus	_	_	_	_	_	_	
2-29	322-325	der	_	_	_	_	_	_	
2-30	326-328	EU	_	_	_	_	_	_	
2-31	329-331	zu	_	_	_	_	_	_	
2-32	332-338	führen	_	KON	MRW	VVINF	_	_	
2-33	338-339	.	_	_	_	_	_	_	
2-34	339-340	
	_	_	_	_	_	_	

#Text=Er werde Wege finden, ein jüngst vom Parlament verabschiedetes Gesetz zu umgehen, sagte Johnson im Interview mit der Mail on Sunday.
#Text=
3-1	340-342	Er	_	_	_	_	_	_	
3-2	343-348	werde	_	_	_	_	_	_	
3-3	349-353	Wege	_	O	KOMPL	NN	_	_	
3-4	354-360	finden	_	O	KOMPL	VVINF	belong together	3-3	
3-5	360-361	,	_	_	_	_	_	_	
3-6	362-365	ein	_	_	_	_	_	_	
3-7	366-372	jüngst	_	_	_	_	_	_	
3-8	373-376	vom	_	_	_	_	_	_	
3-9	377-386	Parlament	_	O	O	NN	_	_	
3-10	387-402	verabschiedetes	_	O	O	ADJA	_	_	
3-11	403-409	Gesetz	_	O	O	NN	_	_	
3-12	410-412	zu	_	_	_	_	_	_	
3-13	413-420	umgehen	_	KON	MRW	VVINF	_	_	
3-14	420-421	,	_	_	_	_	_	_	
3-15	422-427	sagte	_	O	O	VVFIN	_	_	
3-16	428-435	Johnson	_	_	_	_	_	_	
3-17	436-438	im	_	_	_	_	_	_	
3-18	439-448	Interview	_	O	O	NN	_	_	
3-19	449-452	mit	_	_	_	_	_	_	
3-20	453-456	der	_	_	_	_	_	_	
3-21	457-461	Mail	_	_	_	_	_	_	
3-22	462-464	on	_	_	_	_	_	_	
3-23	465-471	Sunday	_	_	_	_	_	_	
3-24	471-472	.	_	_	_	_	_	_	
3-25	472-473	
	_	_	_	_	_	_	

#Text=Das war der gemäßigte Teil des Gesprächs.
#Text=
4-1	473-476	Das	_	_	_	_	_	_	
4-2	477-480	war	_	_	_	_	_	_	
4-3	481-484	der	_	_	_	_	_	_	
4-4	485-494	gemäßigte	_	O	O	ADJA	_	_	
4-5	495-499	Teil	_	KON	MRW	NN	_	_	
4-6	500-503	des	_	_	_	_	_	_	
4-7	504-513	Gesprächs	_	O	O	NN	_	_	
4-8	513-514	.	_	_	_	_	_	_	
4-9	514-515	
	_	_	_	_	_	_	

#Text=Im bunteren verglich Johnson sich mit der Comicfigur "Der unglaubliche Hulk".
#Text=
5-1	515-517	Im	_	_	_	_	_	_	
5-2	518-526	bunteren	_	KON	MRW	NN	_	_	
5-3	527-535	verglich	MFlag	O	O	VVFIN	_	_	
5-4	536-543	Johnson	_	_	_	_	_	_	
5-5	544-548	sich	_	_	_	_	_	_	
5-6	549-552	mit	_	_	_	_	_	_	
5-7	553-556	der	_	_	_	_	_	_	
5-8	557-567	Comicfigur	_	O	KOMPL	NN	_	_	
5-9	568-569	"	_	_	_	_	_	_	
5-10	569-572	Der	_	_	_	_	_	_	
5-11	573-585	unglaubliche	_	O	KOMPL	ADJA	belong together	5-8	
5-12	586-590	Hulk	_	_	_	_	_	_	
5-13	590-591	"	_	_	_	_	_	_	
5-14	591-592	.	_	_	_	_	_	_	
5-15	592-593	
	_	_	_	_	_	_	

#Text=Die Marvel-Figur ist eigentlich ein gediegener Wissenschaftler namens Bruce Banner, der sich jedoch in ein muskelbepacktes grünes Monster verwandelt, wenn er in Rage gerät.
#Text=
6-1	593-596	Die	_	_	_	_	_	_	
6-2	597-609	Marvel-Figur	_	_	_	_	_	_	
6-3	610-613	ist	_	_	_	_	_	_	
6-4	614-624	eigentlich	_	_	_	_	_	_	
6-5	625-628	ein	_	_	_	_	_	_	
6-6	629-639	gediegener	_	O	WIDLII	ADJA	_	_	
6-7	640-655	Wissenschaftler	_	O	O	NN	_	_	
6-8	656-662	namens	_	_	_	_	_	_	
6-9	663-668	Bruce	_	_	_	_	_	_	
6-10	669-675	Banner	_	_	_	_	_	_	
6-11	675-676	,	_	_	_	_	_	_	
6-12	677-680	der	_	_	_	_	_	_	
6-13	681-685	sich	_	_	_	_	_	_	
6-14	686-692	jedoch	_	_	_	_	_	_	
6-15	693-695	in	_	_	_	_	_	_	
6-16	696-699	ein	_	_	_	_	_	_	
6-17	700-715	muskelbepacktes	_	O	O	ADJA	_	_	
6-18	716-722	grünes	_	O	O	ADJA	_	_	
6-19	723-730	Monster	_	O	O	NN	_	_	
6-20	731-741	verwandelt	_	O	O	VVPP	_	_	
6-21	741-742	,	_	_	_	_	_	_	
6-22	743-747	wenn	_	_	_	_	_	_	
6-23	748-750	er	_	_	_	_	_	_	
6-24	751-753	in	_	_	_	_	_	_	
6-25	754-758	Rage	_	O	O	NN	_	_	
6-26	759-764	gerät	_	KON	MRW	VVFIN	_	_	
6-27	764-765	.	_	_	_	_	_	_	
6-28	765-766	
	_	_	_	_	_	_	

#Text="Je wütender Hulk wird, desto stärker wird Hulk", sagte Johnson der Zeitung.
#Text=
7-1	766-767	"	_	_	_	_	_	_	
7-2	767-769	Je	_	_	_	_	_	_	
7-3	770-778	wütender	_	O	KOMPL	ADJA	_	_	
7-4	779-783	Hulk	_	_	_	_	_	_	
7-5	784-788	wird	_	_	_	_	_	_	
7-6	788-789	,	_	_	_	_	_	_	
7-7	790-795	desto	_	_	_	_	_	_	
7-8	796-803	stärker	_	O	KOMPL	ADJD	belong together	7-3	
7-9	804-808	wird	_	_	_	_	_	_	
7-10	809-813	Hulk	_	_	_	_	_	_	
7-11	813-814	"	_	_	_	_	_	_	
7-12	814-815	,	_	_	_	_	_	_	
7-13	816-821	sagte	_	O	O	VVFIN	_	_	
7-14	822-829	Johnson	_	_	_	_	_	_	
7-15	830-833	der	_	_	_	_	_	_	
7-16	834-841	Zeitung	_	O	O	NN	_	_	
7-17	841-842	.	_	_	_	_	_	_	
7-18	842-843	
	_	_	_	_	_	_	

#Text=Und: "Banner mag Handschellen tragen, aber wenn man ihn provoziert, sprengt er sie.
#Text=
8-1	843-846	Und	_	_	_	_	_	_	
8-2	846-847	:	_	_	_	_	_	_	
8-3	848-849	"	_	_	_	_	_	_	
8-4	849-855	Banner	_	_	_	_	_	_	
8-5	856-859	mag	_	_	_	_	_	_	
8-6	860-872	Handschellen	_	O	KOMPL	NN	_	_	
8-7	873-879	tragen	_	O	KOMPL	VVFIN	belong together	8-6	
8-8	879-880	,	_	_	_	_	_	_	
8-9	881-885	aber	_	_	_	_	_	_	
8-10	886-890	wenn	_	_	_	_	_	_	
8-11	891-894	man	_	_	_	_	_	_	
8-12	895-898	ihn	_	_	_	_	_	_	
8-13	899-909	provoziert	_	O	KOMPL	VVFIN	belong together	8-7	
8-14	909-910	,	_	_	_	_	_	_	
8-15	911-918	sprengt	_	O	KOMPL	VVFIN	belong together	8-13	
8-16	919-921	er	_	_	_	_	_	_	
8-17	922-925	sie	_	_	_	_	_	_	
8-18	925-926	.	_	_	_	_	_	_	
8-19	926-927	
	_	_	_	_	_	_	

#Text=Hulk ist immer entkommen, egal wie eng gefesselt er war - und so ist das auch mit diesem Land.
#Text=
9-1	927-931	Hulk	_	_	_	_	_	_	
9-2	932-935	ist	_	_	_	_	_	_	
9-3	936-941	immer	_	_	_	_	_	_	
9-4	942-951	entkommen	_	O	KOMPL	VVIZU	_	_	
9-5	951-952	,	_	_	_	_	_	_	
9-6	953-957	egal	_	_	_	_	_	_	
9-7	958-961	wie	_	_	_	_	_	_	
9-8	962-965	eng	_	O	KOMPL	ADJD	belong together	9-4	
9-9	966-975	gefesselt	_	O	KOMPL	VVPP	belong together	9-8	
9-10	976-978	er	_	_	_	_	_	_	
9-11	979-982	war	_	_	_	_	_	_	
9-12	983-984	-	_	_	_	_	_	_	
9-13	985-988	und	_	_	_	_	_	_	
9-14	989-991	so	MFlag	_	_	_	_	_	
9-15	992-995	ist	_	_	_	_	_	_	
9-16	996-999	das	_	_	_	_	_	_	
9-17	1000-1004	auch	_	_	_	_	_	_	
9-18	1005-1008	mit	_	_	_	_	_	_	
9-19	1009-1015	diesem	_	_	_	_	_	_	
9-20	1016-1020	Land	_	O	O	NN	_	_	
9-21	1020-1021	.	_	_	_	_	_	_	
9-22	1021-1022	
	_	_	_	_	_	_	

#Text=Wir werden rausgehen am 31. Oktober, und wir werden es vollbringen."
#Text=
10-1	1022-1025	Wir	_	_	_	_	_	_	
10-2	1026-1032	werden	_	_	_	_	_	_	
10-3	1033-1042	rausgehen	_	KON	MRW	VVINF	_	_	
10-4	1043-1045	am	_	_	_	_	_	_	
10-5	1046-1049	31.	_	_	_	_	_	_	
10-6	1050-1057	Oktober	_	O	O	NN	_	_	
10-7	1057-1058	,	_	_	_	_	_	_	
10-8	1059-1062	und	_	_	_	_	_	_	
10-9	1063-1066	wir	_	_	_	_	_	_	
10-10	1067-1073	werden	_	_	_	_	_	_	
10-11	1074-1076	es	_	_	_	_	_	_	
10-12	1077-1088	vollbringen	_	O	O	VVINF	_	_	
10-13	1088-1089	.	_	_	_	_	_	_	
10-14	1089-1090	"	_	_	_	_	_	_	
10-15	1090-1091	
	_	_	_	_	_	_	

#Text=Auch mit Blick auf ein für Montag geplantes Treffen mit EU-Kommissionschef Jean-Claude Juncker zeigte sich Johnson entsprechend zuversichtlich.
#Text=
11-1	1091-1095	Auch	_	_	_	_	_	_	
11-2	1096-1099	mit	_	_	_	_	_	_	
11-3	1100-1105	Blick	_	O	WIDLII	NN	_	_	
11-4	1106-1109	auf	_	_	_	_	_	_	
11-5	1110-1113	ein	_	_	_	_	_	_	
11-6	1114-1117	für	_	_	_	_	_	_	
11-7	1118-1124	Montag	_	O	O	NN	_	_	
11-8	1125-1134	geplantes	_	O	O	ADJA	_	_	
11-9	1135-1142	Treffen	_	O	O	NN	_	_	
11-10	1143-1146	mit	_	_	_	_	_	_	
11-11	1147-1165	EU-Kommissionschef	_	_	_	_	_	_	
11-12	1166-1177	Jean-Claude	_	_	_	_	_	_	
11-13	1178-1185	Juncker	_	_	_	_	_	_	
11-14	1186-1192	zeigte	_	KON	MRW	VVFIN	_	_	
11-15	1193-1197	sich	_	_	_	_	_	_	
11-16	1198-1205	Johnson	_	_	_	_	_	_	
11-17	1206-1218	entsprechend	_	O	O	ADJD	_	_	
11-18	1219-1233	zuversichtlich	_	O	O	ADJD	_	_	
11-19	1233-1234	.	_	_	_	_	_	_	
11-20	1234-1235	
	_	_	_	_	_	_	

#Text=Es gebe gute Gespräche über die Irland-Frage.
#Text=
12-1	1235-1237	Es	_	_	_	_	_	_	
12-2	1238-1242	gebe	_	O	O	VVFIN	_	_	
12-3	1243-1247	gute	_	O	O	ADJA	_	_	
12-4	1248-1257	Gespräche	_	O	O	NN	_	_	
12-5	1258-1262	über	_	_	_	_	_	_	
12-6	1263-1266	die	_	_	_	_	_	_	
12-7	1267-1279	Irland-Frage	_	_	_	_	_	_	
12-8	1279-1280	.	_	_	_	_	_	_	
12-9	1280-1281	
	_	_	_	_	_	_	

#Text="Es werden große Fortschritte erzielt", sagte der Premierminister.
#Text=
13-1	1281-1282	"	_	_	_	_	_	_	
13-2	1282-1284	Es	_	_	_	_	_	_	
13-3	1285-1291	werden	_	_	_	_	_	_	
13-4	1292-1297	große	_	KON	MRW	ADJA	_	_	
13-5	1298-1310	Fortschritte	_	O	O	NN	_	_	
13-6	1311-1318	erzielt	_	O	O	VVPP	_	_	
13-7	1318-1319	"	_	_	_	_	_	_	
13-8	1319-1320	,	_	_	_	_	_	_	
13-9	1321-1326	sagte	_	O	O	VVFIN	_	_	
13-10	1327-1330	der	_	_	_	_	_	_	
13-11	1331-1346	Premierminister	_	O	O	NN	_	_	
13-12	1346-1347	.	_	_	_	_	_	_	
13-13	1347-1348	
	_	_	_	_	_	_	

#Text=EU-Experten widersprechen dieser Darstellung jedoch vehement.
#Text=
14-1	1348-1359	EU-Experten	_	_	_	_	_	_	
14-2	1360-1373	widersprechen	_	O	O	VVFIN	_	_	
14-3	1374-1380	dieser	_	_	_	_	_	_	
14-4	1381-1392	Darstellung	_	O	O	NN	_	_	
14-5	1393-1399	jedoch	_	_	_	_	_	_	
14-6	1400-1408	vehement	_	O	O	ADJD	_	_	
14-7	1408-1409	.	_	_	_	_	_	_	
14-8	1409-1410	
	_	_	_	_	_	_	

#Text=Vor allem der "Backstop" steht einer Einigung mit der EU im Weg.
#Text=
15-1	1410-1413	Vor	_	_	_	_	_	_	
15-2	1414-1419	allem	_	_	_	_	_	_	
15-3	1420-1423	der	_	_	_	_	_	_	
15-4	1424-1425	"	_	_	_	_	_	_	
15-5	1425-1433	Backstop	_	_	_	_	_	_	
15-6	1433-1434	"	_	_	_	_	_	_	
15-7	1435-1440	steht	_	O	KOMPL	VVFIN	_	_	
15-8	1441-1446	einer	_	_	_	_	_	_	
15-9	1447-1455	Einigung	_	O	O	NN	_	_	
15-10	1456-1459	mit	_	_	_	_	_	_	
15-11	1460-1463	der	_	_	_	_	_	_	
15-12	1464-1466	EU	_	_	_	_	_	_	
15-13	1467-1469	im	_	_	_	_	_	_	
15-14	1470-1473	Weg	_	O	KOMPL	NN	belong together	15-7	
15-15	1473-1474	.	_	_	_	_	_	_	
15-16	1474-1475	
	_	_	_	_	_	_	

#Text=Johnson will die Regelung in dem bereits ausgehandelten Vertrag streichen.
#Text=
16-1	1475-1482	Johnson	_	_	_	_	_	_	
16-2	1483-1487	will	_	_	_	_	_	_	
16-3	1488-1491	die	_	_	_	_	_	_	
16-4	1492-1500	Regelung	_	O	O	NN	_	_	
16-5	1501-1503	in	_	_	_	_	_	_	
16-6	1504-1507	dem	_	_	_	_	_	_	
16-7	1508-1515	bereits	_	_	_	_	_	_	
16-8	1516-1530	ausgehandelten	_	O	O	ADJA	_	_	
16-9	1531-1538	Vertrag	_	O	O	NN	_	_	
16-10	1539-1548	streichen	_	KON	MRW	VVINF	_	_	
16-11	1548-1549	.	_	_	_	_	_	_	
16-12	1549-1550	
	_	_	_	_	_	_	

#Text=Mit dem "Backstop" sollen nach dem Brexit Grenzkontrollen zwischen dem EU-Mitglied Irland und der britischen Provinz Nordirland verhindert werden.
#Text=
17-1	1550-1553	Mit	_	_	_	_	_	_	
17-2	1554-1557	dem	_	_	_	_	_	_	
17-3	1558-1559	"	_	_	_	_	_	_	
17-4	1559-1567	Backstop	_	_	_	_	_	_	
17-5	1567-1568	"	_	_	_	_	_	_	
17-6	1569-1575	sollen	_	_	_	_	_	_	
17-7	1576-1580	nach	_	_	_	_	_	_	
17-8	1581-1584	dem	_	_	_	_	_	_	
17-9	1585-1591	Brexit	_	_	_	_	_	_	
17-10	1592-1607	Grenzkontrollen	_	O	O	NN	_	_	
17-11	1608-1616	zwischen	_	_	_	_	_	_	
17-12	1617-1620	dem	_	_	_	_	_	_	
17-13	1621-1632	EU-Mitglied	_	_	_	_	_	_	
17-14	1633-1639	Irland	_	_	_	_	_	_	
17-15	1640-1643	und	_	_	_	_	_	_	
17-16	1644-1647	der	_	_	_	_	_	_	
17-17	1648-1658	britischen	_	O	O	ADJA	_	_	
17-18	1659-1666	Provinz	_	O	O	NN	_	_	
17-19	1667-1677	Nordirland	_	_	_	_	_	_	
17-20	1678-1688	verhindert	_	O	O	VVPP	_	_	
17-21	1689-1695	werden	_	_	_	_	_	_	
17-22	1695-1696	.	_	_	_	_	_	_	
17-23	1696-1697	
	_	_	_	_	_	_	

#Text=Johnson will den Brexit notfalls auch ohne Vertrag mit der EU vollziehen.
#Text=
18-1	1697-1704	Johnson	_	_	_	_	_	_	
18-2	1705-1709	will	_	_	_	_	_	_	
18-3	1710-1713	den	_	_	_	_	_	_	
18-4	1714-1720	Brexit	_	_	_	_	_	_	
18-5	1721-1729	notfalls	_	_	_	_	_	_	
18-6	1730-1734	auch	_	_	_	_	_	_	
18-7	1735-1739	ohne	_	_	_	_	_	_	
18-8	1740-1747	Vertrag	_	O	O	NN	_	_	
18-9	1748-1751	mit	_	_	_	_	_	_	
18-10	1752-1755	der	_	_	_	_	_	_	
18-11	1756-1758	EU	_	_	_	_	_	_	
18-12	1759-1769	vollziehen	_	O	O	VVINF	_	_	
18-13	1769-1770	.	_	_	_	_	_	_	
18-14	1770-1771	
	_	_	_	_	_	_	

#Text=Hintergrund für Johnsons Vergleich dürften auch Aussagen des ehemaligen Premiers David Cameron sein.
#Text=
19-1	1771-1782	Hintergrund	_	KON	MRW	NN	_	_	
19-2	1783-1786	für	_	_	_	_	_	_	
19-3	1787-1795	Johnsons	_	_	_	_	_	_	
19-4	1796-1805	Vergleich	_	O	O	NN	_	_	
19-5	1806-1813	dürften	_	_	_	_	_	_	
19-6	1814-1818	auch	_	_	_	_	_	_	
19-7	1819-1827	Aussagen	_	O	O	NN	_	_	
19-8	1828-1831	des	_	_	_	_	_	_	
19-9	1832-1842	ehemaligen	_	O	O	ADJA	_	_	
19-10	1843-1851	Premiers	_	O	O	NN	_	_	
19-11	1852-1857	David	_	_	_	_	_	_	
19-12	1858-1865	Cameron	_	_	_	_	_	_	
19-13	1866-1870	sein	_	_	_	_	_	_	
19-14	1870-1871	.	_	_	_	_	_	_	
19-15	1871-1872	
	_	_	_	_	_	_	

#Text=Dieser kritisiert den amtierenden Regierungschef in seinen Memoiren als politischen Opportunisten und prinzipienlosen Populisten.
#Text=
20-1	1872-1878	Dieser	_	_	_	_	_	_	
20-2	1879-1889	kritisiert	_	O	O	VVFIN	_	_	
20-3	1890-1893	den	_	_	_	_	_	_	
20-4	1894-1905	amtierenden	_	O	O	ADJA	_	_	
20-5	1906-1920	Regierungschef	_	O	O	NN	_	_	
20-6	1921-1923	in	_	_	_	_	_	_	
20-7	1924-1930	seinen	_	_	_	_	_	_	
20-8	1931-1939	Memoiren	_	O	O	NN	_	_	
20-9	1940-1943	als	_	_	_	_	_	_	
20-10	1944-1955	politischen	_	O	O	ADJA	_	_	
20-11	1956-1969	Opportunisten	_	O	O	NN	_	_	
20-12	1970-1973	und	_	_	_	_	_	_	
20-13	1974-1989	prinzipienlosen	_	O	O	ADJA	_	_	
20-14	1990-2000	Populisten	_	O	O	NN	_	_	
20-15	2000-2001	.	_	_	_	_	_	_	
20-16	2001-2002	
	_	_	_	_	_	_	

#Text=Sein Parteikollege habe sich vor dem Brexit-Referendum 2016 aus rein egoistischen Motiven als Verfechter eines britischen EU-Austritts inszeniert, heißt es in einem Auszug, den die Sunday Times vorab veröffentlichte.
#Text=
21-1	2002-2006	Sein	_	_	_	_	_	_	
21-2	2007-2020	Parteikollege	_	O	O	NN	_	_	
21-3	2021-2025	habe	_	_	_	_	_	_	
21-4	2026-2030	sich	_	_	_	_	_	_	
21-5	2031-2034	vor	_	_	_	_	_	_	
21-6	2035-2038	dem	_	_	_	_	_	_	
21-7	2039-2056	Brexit-Referendum	_	_	_	_	_	_	
21-8	2057-2061	2016	_	_	_	_	_	_	
21-9	2062-2065	aus	_	_	_	_	_	_	
21-10	2066-2070	rein	_	_	_	_	_	_	
21-11	2071-2083	egoistischen	_	O	O	ADJA	_	_	
21-12	2084-2091	Motiven	_	O	O	NN	_	_	
21-13	2092-2095	als	_	_	_	_	_	_	
21-14	2096-2106	Verfechter	_	O	O	NN	_	_	
21-15	2107-2112	eines	_	_	_	_	_	_	
21-16	2113-2123	britischen	_	O	O	ADJA	_	_	
21-17	2124-2136	EU-Austritts	_	_	_	_	_	_	
21-18	2137-2147	inszeniert	_	KON	MRW	VVPP	_	_	
21-19	2147-2148	,	_	_	_	_	_	_	
21-20	2149-2154	heißt	_	O	O	VVFIN	_	_	
21-21	2155-2157	es	_	_	_	_	_	_	
21-22	2158-2160	in	_	_	_	_	_	_	
21-23	2161-2166	einem	_	_	_	_	_	_	
21-24	2167-2173	Auszug	_	KON	MRW	NN	_	_	
21-25	2173-2174	,	_	_	_	_	_	_	
21-26	2175-2178	den	_	_	_	_	_	_	
21-27	2179-2182	die	_	_	_	_	_	_	
21-28	2183-2189	Sunday	_	_	_	_	_	_	
21-29	2190-2195	Times	_	_	_	_	_	_	
21-30	2196-2201	vorab	_	_	_	_	_	_	
21-31	2202-2217	veröffentlichte	_	O	O	VVFIN	_	_	
21-32	2217-2218	.	_	_	_	_	_	_	
21-33	2218-2219	
	_	_	_	_	_	_	

#Text="Boris hat etwas unterstützt, an das er selbst nicht glaubte."
#Text=
22-1	2219-2220	"	_	_	_	_	_	_	
22-2	2220-2225	Boris	_	_	_	_	_	_	
22-3	2226-2229	hat	_	_	_	_	_	_	
22-4	2230-2235	etwas	_	_	_	_	_	_	
22-5	2236-2247	unterstützt	_	O	O	VVPP	_	_	
22-6	2247-2248	,	_	_	_	_	_	_	
22-7	2249-2251	an	_	_	_	_	_	_	
22-8	2252-2255	das	_	_	_	_	_	_	
22-9	2256-2258	er	_	_	_	_	_	_	
22-10	2259-2265	selbst	_	_	_	_	_	_	
22-11	2266-2271	nicht	_	_	_	_	_	_	
22-12	2272-2279	glaubte	_	O	O	VVFIN	_	_	
22-13	2279-2280	.	_	_	_	_	_	_	
22-14	2280-2281	"	_	_	_	_	_	_	
22-15	2281-2282	
	_	_	_	_	_	_	

#Text=Und weiter: Johnson habe sich "widerwärtig verhalten, die eigene Regierung attackiert, das miese Vorgehen des eigenen Lagers ignoriert" - und sei ein "Aushängeschild des Experten verleumdenden, wahrheitsverdrehenden Zeitalters des Populismus geworden".
#Text=
23-1	2282-2285	Und	_	_	_	_	_	_	
23-2	2286-2292	weiter	_	_	_	_	_	_	
23-3	2292-2293	:	_	_	_	_	_	_	
23-4	2294-2301	Johnson	_	_	_	_	_	_	
23-5	2302-2306	habe	_	_	_	_	_	_	
23-6	2307-2311	sich	_	_	_	_	_	_	
23-7	2312-2313	"	_	_	_	_	_	_	
23-8	2313-2324	widerwärtig	_	O	O	ADJD	_	_	
23-9	2325-2334	verhalten	_	O	O	VVPP	_	_	
23-10	2334-2335	,	_	_	_	_	_	_	
23-11	2336-2339	die	_	_	_	_	_	_	
23-12	2340-2346	eigene	_	O	O	ADJA	_	_	
23-13	2347-2356	Regierung	_	O	O	NN	_	_	
23-14	2357-2367	attackiert	_	KON	MRW	VVPP	_	_	
23-15	2367-2368	,	_	_	_	_	_	_	
23-16	2369-2372	das	_	_	_	_	_	_	
23-17	2373-2378	miese	_	O	O	ADJA	_	_	
23-18	2379-2387	Vorgehen	_	O	O	NN	_	_	
23-19	2388-2391	des	_	_	_	_	_	_	
23-20	2392-2399	eigenen	_	O	O	ADJA	_	_	
23-21	2400-2406	Lagers	_	KON	MRW	NN	_	_	
23-22	2407-2416	ignoriert	_	O	O	VVPP	_	_	
23-23	2416-2417	"	_	_	_	_	_	_	
23-24	2418-2419	-	_	_	_	_	_	_	
23-25	2420-2423	und	_	_	_	_	_	_	
23-26	2424-2427	sei	_	_	_	_	_	_	
23-27	2428-2431	ein	_	_	_	_	_	_	
23-28	2432-2433	"	_	_	_	_	_	_	
23-29	2433-2447	Aushängeschild	_	KON	MRW	NN	_	_	
23-30	2448-2451	des	_	_	_	_	_	_	
23-31	2452-2460	Experten	_	O	O	NN	_	_	
23-32	2461-2474	verleumdenden	_	O	O	VVFIN	_	_	
23-33	2474-2475	,	_	_	_	_	_	_	
23-34	2476-2497	wahrheitsverdrehenden	_	_	_	ADJA	_	_	
23-34.1	2476-2485	wahrheits	_	O	O	_	_	_	
23-34.2	2485-2497	verdrehenden	_	KON	MRW	_	_	_	
23-35	2498-2508	Zeitalters	_	O	O	NN	_	_	
23-36	2509-2512	des	_	_	_	_	_	_	
23-37	2513-2523	Populismus	_	O	O	NN	_	_	
23-38	2524-2532	geworden	_	_	_	_	_	_	
23-39	2532-2533	"	_	_	_	_	_	_	
23-40	2533-2534	.	_	_	_	_	_	_	
23-41	2534-2535	
	_	_	_	_	_	_	
