#FORMAT=WebAnno TSV 3.3
#T_SP=webanno.custom.Metaphors|Conventionality|Metaphern
#T_SP=webanno.custom.POS|pos_tag
#T_RL=webanno.custom.UnitofAnalysis|bidirectionalrelation|BT_webanno.custom.Metaphors


#Text=An gutem Willen, den Anstieg der Mieten einzudämmen, fehlt es weder im Bund noch in den Ländern.
#Text=
1-1	0-2	An	_	_	_	_	_	
1-2	3-8	gutem	O	O	ADJA	_	_	
1-3	9-15	Willen	O	O	NN	_	_	
1-4	15-16	,	_	_	_	_	_	
1-5	17-20	den	_	_	_	_	_	
1-6	21-28	Anstieg	KON	MRW	NN	_	_	
1-7	29-32	der	_	_	_	_	_	
1-8	33-39	Mieten	O	O	NN	_	_	
1-9	40-51	einzudämmen	KON	MRW	VVIZU	_	_	
1-10	51-52	,	_	_	_	_	_	
1-11	53-58	fehlt	O	O	VVFIN	_	_	
1-12	59-61	es	_	_	_	_	_	
1-13	62-67	weder	_	_	_	_	_	
1-14	68-70	im	_	_	_	_	_	
1-15	71-75	Bund	O	O	NN	_	_	
1-16	76-80	noch	_	_	_	_	_	
1-17	81-83	in	_	_	_	_	_	
1-18	84-87	den	_	_	_	_	_	
1-19	88-95	Ländern	O	O	NN	_	_	
1-20	95-96	.	_	_	_	_	_	
1-21	96-97	
	_	_	_	_	_	

#Text=Nun aber hat der Bundesgerichtshof (BGH) der Politik bei ihrem populärsten Instrument - der Mietpreisbremse - schmerzhaft aufgezeigt, wie groß der Unterschied zwischen "gut gemeint" und "gut gemacht" sein kann.
#Text=
2-1	97-100	Nun	_	_	_	_	_	
2-2	101-105	aber	_	_	_	_	_	
2-3	106-109	hat	_	_	_	_	_	
2-4	110-113	der	_	_	_	_	_	
2-5	114-131	Bundesgerichtshof	O	O	NN	_	_	
2-6	132-133	(	_	_	_	_	_	
2-7	133-136	BGH	_	_	_	_	_	
2-8	136-137	)	_	_	_	_	_	
2-9	138-141	der	_	_	_	_	_	
2-10	142-149	Politik	O	O	NN	_	_	
2-11	150-153	bei	_	_	_	_	_	
2-12	154-159	ihrem	_	_	_	_	_	
2-13	160-171	populärsten	O	O	ADJA	_	_	
2-14	172-182	Instrument	KON	MRW	NN	_	_	
2-15	183-184	-	_	_	_	_	_	
2-16	185-188	der	_	_	_	_	_	
2-17	189-204	Mietpreisbremse	O	O	NN	_	_	
2-18	205-206	-	_	_	_	_	_	
2-19	207-218	schmerzhaft	KON	MRW	ADJD	_	_	
2-20	219-229	aufgezeigt	O	O	VVPP	_	_	
2-21	229-230	,	_	_	_	_	_	
2-22	231-234	wie	_	_	_	_	_	
2-23	235-239	groß	KON	MRW	ADJD	_	_	
2-24	240-243	der	_	_	_	_	_	
2-25	244-255	Unterschied	O	O	NN	_	_	
2-26	256-264	zwischen	_	_	_	_	_	
2-27	265-266	"	_	_	_	_	_	
2-28	266-269	gut	O	O	ADJD	_	_	
2-29	270-277	gemeint	O	O	VVPP	_	_	
2-30	277-278	"	_	_	_	_	_	
2-31	279-282	und	_	_	_	_	_	
2-32	283-284	"	_	_	_	_	_	
2-33	284-287	gut	O	O	ADJD	_	_	
2-34	288-295	gemacht	O	O	VVPP	_	_	
2-35	295-296	"	_	_	_	_	_	
2-36	297-301	sein	_	_	_	_	_	
2-37	302-306	kann	_	_	_	_	_	
2-38	306-307	.	_	_	_	_	_	
2-39	307-308	
	_	_	_	_	_	

#Text=Seit dem 1. Juni 2015 dürfen die Länder per Verordnung "angespannte Wohnungsmärkte" ausweisen, in denen Neuvermietungen nicht mehr als zehn Prozent über der ortsüblichen Vergleichsmiete liegen dürfen.
#Text=
3-1	308-312	Seit	_	_	_	_	_	
3-2	313-316	dem	_	_	_	_	_	
3-3	317-319	1.	_	_	_	_	_	
3-4	320-324	Juni	O	O	NN	_	_	
3-5	325-329	2015	_	_	_	_	_	
3-6	330-336	dürfen	_	_	_	_	_	
3-7	337-340	die	_	_	_	_	_	
3-8	341-347	Länder	O	O	NN	_	_	
3-9	348-351	per	_	_	_	_	_	
3-10	352-362	Verordnung	O	O	NN	_	_	
3-11	363-364	"	_	_	_	_	_	
3-12	364-375	angespannte	O	PERS	ADJA	_	_	
3-13	376-390	Wohnungsmärkte	O	O	NN	_	_	
3-14	390-391	"	_	_	_	_	_	
3-15	392-401	ausweisen	O	O	VVINF	_	_	
3-16	401-402	,	_	_	_	_	_	
3-17	403-405	in	_	_	_	_	_	
3-18	406-411	denen	_	_	_	_	_	
3-19	412-427	Neuvermietungen	O	O	NN	_	_	
3-20	428-433	nicht	_	_	_	_	_	
3-21	434-438	mehr	_	_	_	_	_	
3-22	439-442	als	_	_	_	_	_	
3-23	443-447	zehn	_	_	_	_	_	
3-24	448-455	Prozent	O	O	NN	_	_	
3-25	456-460	über	_	_	_	_	_	
3-26	461-464	der	_	_	_	_	_	
3-27	465-477	ortsüblichen	O	O	ADJA	_	_	
3-28	478-493	Vergleichsmiete	O	O	NN	_	_	
3-29	494-500	liegen	KON	MRW	VVINF	_	_	
3-30	501-507	dürfen	_	_	_	_	_	
3-31	507-508	.	_	_	_	_	_	
3-32	508-509	
	_	_	_	_	_	

#Text=Viele Länder sind umgehend darauf eingestiegen - darunter auch Hessen.
#Text=
4-1	509-514	Viele	_	_	_	_	_	
4-2	515-521	Länder	O	O	NN	_	_	
4-3	522-526	sind	_	_	_	_	_	
4-4	527-535	umgehend	O	O	ADJD	_	_	
4-5	536-542	darauf	_	_	_	_	_	
4-6	543-555	eingestiegen	KON	MRW	VVPP	_	_	
4-7	556-557	-	_	_	_	_	_	
4-8	558-566	darunter	_	_	_	_	_	
4-9	567-571	auch	_	_	_	_	_	
4-10	572-578	Hessen	_	_	_	_	_	
4-11	578-579	.	_	_	_	_	_	
4-12	579-580	
	_	_	_	_	_	

#Text=Nun aber hat der BGH entschieden, dass die hessische Verordnung vom November 2015 von vornherein nichtig war, und zwar deshalb, weil sie nicht mit einer öffentlichen Begründung versehen war.
#Text=
5-1	580-583	Nun	_	_	_	_	_	
5-2	584-588	aber	_	_	_	_	_	
5-3	589-592	hat	_	_	_	_	_	
5-4	593-596	der	_	_	_	_	_	
5-5	597-600	BGH	_	_	_	_	_	
5-6	601-612	entschieden	O	O	VVPP	_	_	
5-7	612-613	,	_	_	_	_	_	
5-8	614-618	dass	_	_	_	_	_	
5-9	619-622	die	_	_	_	_	_	
5-10	623-632	hessische	O	O	ADJA	_	_	
5-11	633-643	Verordnung	O	O	NN	_	_	
5-12	644-647	vom	_	_	_	_	_	
5-13	648-656	November	O	O	NN	_	_	
5-14	657-661	2015	_	_	_	_	_	
5-15	662-665	von	_	_	_	_	_	
5-16	666-676	vornherein	_	_	_	_	_	
5-17	677-684	nichtig	O	O	ADJD	_	_	
5-18	685-688	war	_	_	_	_	_	
5-19	688-689	,	_	_	_	_	_	
5-20	690-693	und	_	_	_	_	_	
5-21	694-698	zwar	_	_	_	_	_	
5-22	699-706	deshalb	_	_	_	_	_	
5-23	706-707	,	_	_	_	_	_	
5-24	708-712	weil	_	_	_	_	_	
5-25	713-716	sie	_	_	_	_	_	
5-26	717-722	nicht	_	_	_	_	_	
5-27	723-726	mit	_	_	_	_	_	
5-28	727-732	einer	_	_	_	_	_	
5-29	733-745	öffentlichen	O	O	ADJA	_	_	
5-30	746-756	Begründung	O	O	NN	_	_	
5-31	757-765	versehen	O	O	VVPP	_	_	
5-32	766-769	war	_	_	_	_	_	
5-33	769-770	.	_	_	_	_	_	
5-34	770-771	
	_	_	_	_	_	

#Text=Und nicht nur das: Auch der Versuch, den Fehler mit nachgeschobener Begründung zu korrigieren, schlug fehl - laut BGH kann die mangelhafte Verordnung nicht nachträglich geheilt werden.
#Text=
6-1	771-774	Und	_	_	_	_	_	
6-2	775-780	nicht	_	_	_	_	_	
6-3	781-784	nur	_	_	_	_	_	
6-4	785-788	das	_	_	_	_	_	
6-5	788-789	:	_	_	_	_	_	
6-6	790-794	Auch	_	_	_	_	_	
6-7	795-798	der	_	_	_	_	_	
6-8	799-806	Versuch	O	O	NN	_	_	
6-9	806-807	,	_	_	_	_	_	
6-10	808-811	den	_	_	_	_	_	
6-11	812-818	Fehler	O	O	NN	_	_	
6-12	819-822	mit	_	_	_	_	_	
6-13	823-838	nachgeschobener	KON	MRW	ADJA	_	_	
6-14	839-849	Begründung	O	O	NN	_	_	
6-15	850-852	zu	_	_	_	_	_	
6-16	853-864	korrigieren	O	O	VVINF	_	_	
6-17	864-865	,	_	_	_	_	_	
6-18	866-872	schlug	O	O	VVFIN	_	_	
6-19	873-877	fehl	O	O	PTKVZ	belong together	6-18	
6-20	878-879	-	_	_	_	_	_	
6-21	880-884	laut	_	_	_	_	_	
6-22	885-888	BGH	_	_	_	_	_	
6-23	889-893	kann	_	_	_	_	_	
6-24	894-897	die	_	_	_	_	_	
6-25	898-909	mangelhafte	O	O	ADJA	_	_	
6-26	910-920	Verordnung	O	O	NN	_	_	
6-27	921-926	nicht	_	_	_	_	_	
6-28	927-939	nachträglich	O	O	ADJD	_	_	
6-29	940-947	geheilt	O	PERS	VVPP	_	_	
6-30	948-954	werden	_	_	_	_	_	
6-31	954-955	.	_	_	_	_	_	
6-32	955-956	
	_	_	_	_	_	

#Text=Da sich die Niederlage beim BGH abgezeichnet hatte, hat Hessen im Juni eine neue, nunmehr begründete Verordnung erlassen.
#Text=
7-1	956-958	Da	_	_	_	_	_	
7-2	959-963	sich	_	_	_	_	_	
7-3	964-967	die	_	_	_	_	_	
7-4	968-978	Niederlage	O	O	NN	_	_	
7-5	979-983	beim	_	_	_	_	_	
7-6	984-987	BGH	_	_	_	_	_	
7-7	988-1000	abgezeichnet	KON	MRW	VVPP	_	_	
7-8	1001-1006	hatte	_	_	_	_	_	
7-9	1006-1007	,	_	_	_	_	_	
7-10	1008-1011	hat	_	_	_	_	_	
7-11	1012-1018	Hessen	_	_	_	_	_	
7-12	1019-1021	im	_	_	_	_	_	
7-13	1022-1026	Juni	O	O	NN	_	_	
7-14	1027-1031	eine	_	_	_	_	_	
7-15	1032-1036	neue	O	O	ADJA	_	_	
7-16	1036-1037	,	_	_	_	_	_	
7-17	1038-1045	nunmehr	_	_	_	_	_	
7-18	1046-1056	begründete	O	O	ADJA	_	_	
7-19	1057-1067	Verordnung	O	O	NN	_	_	
7-20	1068-1076	erlassen	O	O	VVPP	_	_	
7-21	1076-1077	.	_	_	_	_	_	
7-22	1077-1078	
	_	_	_	_	_	

#Text=Der BGH folgt damit der Linie vieler Amts- und Landgerichte.
#Text=
8-1	1078-1081	Der	_	_	_	_	_	
8-2	1082-1085	BGH	_	_	_	_	_	
8-3	1086-1091	folgt	KON	MRW	VVFIN	_	_	
8-4	1092-1097	damit	_	_	_	_	_	
8-5	1098-1101	der	_	_	_	_	_	
8-6	1102-1107	Linie	KON	MRW	NN	_	_	
8-7	1108-1114	vieler	_	_	_	_	_	
8-8	1115-1120	Amts-	O	DFMA	TRUNC	_	_	
8-9	1121-1124	und	_	_	_	_	_	
8-10	1125-1137	Landgerichte	O	O	NN	_	_	
8-11	1137-1138	.	_	_	_	_	_	
8-12	1138-1139	
	_	_	_	_	_	

#Text=Auch beispielsweise in Bayern, Hamburg und zuletzt in Baden-Württemberg haben Gerichte die Verordnungen zur Mietpreisbremse wegen fehlender Begründung beanstandet.
#Text=
9-1	1139-1143	Auch	_	_	_	_	_	
9-2	1144-1158	beispielsweise	_	_	_	_	_	
9-3	1159-1161	in	_	_	_	_	_	
9-4	1162-1168	Bayern	_	_	_	_	_	
9-5	1168-1169	,	_	_	_	_	_	
9-6	1170-1177	Hamburg	_	_	_	_	_	
9-7	1178-1181	und	_	_	_	_	_	
9-8	1182-1189	zuletzt	_	_	_	_	_	
9-9	1190-1192	in	_	_	_	_	_	
9-10	1193-1210	Baden-Württemberg	_	_	_	_	_	
9-11	1211-1216	haben	_	_	_	_	_	
9-12	1217-1225	Gerichte	O	O	NN	_	_	
9-13	1226-1229	die	_	_	_	_	_	
9-14	1230-1242	Verordnungen	O	O	NN	_	_	
9-15	1243-1246	zur	_	_	_	_	_	
9-16	1247-1262	Mietpreisbremse	O	O	NN	_	_	
9-17	1263-1268	wegen	_	_	_	_	_	
9-18	1269-1278	fehlender	O	WIDLII	ADJA	_	_	
9-19	1279-1289	Begründung	O	O	NN	_	_	
9-20	1290-1301	beanstandet	O	O	VVPP	_	_	
9-21	1301-1302	.	_	_	_	_	_	
9-22	1302-1303	
	_	_	_	_	_	

#Text=Denn Paragraf 556d Bürgerliches Gesetzbuch ist in diesem Punkt unmissverständlich - man wundert sich, dass es dafür Gerichte braucht.
#Text=
10-1	1303-1307	Denn	_	_	_	_	_	
10-2	1308-1316	Paragraf	O	O	NN	_	_	
10-3	1317-1321	556d	_	_	_	_	_	
10-4	1322-1334	Bürgerliches	O	O	ADJA	_	_	
10-5	1335-1345	Gesetzbuch	O	O	NN	_	_	
10-6	1346-1349	ist	_	_	_	_	_	
10-7	1350-1352	in	_	_	_	_	_	
10-8	1353-1359	diesem	_	_	_	_	_	
10-9	1360-1365	Punkt	KON	MRW	NN	_	_	
10-10	1366-1384	unmissverständlich	O	O	ADJD	_	_	
10-11	1385-1386	-	_	_	_	_	_	
10-12	1387-1390	man	_	_	_	_	_	
10-13	1391-1398	wundert	O	O	VVFIN	_	_	
10-14	1399-1403	sich	_	_	_	_	_	
10-15	1403-1404	,	_	_	_	_	_	
10-16	1405-1409	dass	_	_	_	_	_	
10-17	1410-1412	es	_	_	_	_	_	
10-18	1413-1418	dafür	_	_	_	_	_	
10-19	1419-1427	Gerichte	O	O	NN	_	_	
10-20	1428-1435	braucht	O	O	VVFIN	_	_	
10-21	1435-1436	.	_	_	_	_	_	
10-22	1436-1437	
	_	_	_	_	_	

#Text=Danach "muss" eine Verordnung begründet werden: "Aus der Begründung muss sich ergeben, auf Grund welcher Tatsachen ein Gebiet mit einem angespannten Wohnungsmarkt im Einzelfall vorliegt."
#Text=
11-1	1437-1443	Danach	_	_	_	_	_	
11-2	1444-1445	"	_	_	_	_	_	
11-3	1445-1449	muss	_	_	_	_	_	
11-4	1449-1450	"	_	_	_	_	_	
11-5	1451-1455	eine	_	_	_	_	_	
11-6	1456-1466	Verordnung	O	O	NN	_	_	
11-7	1467-1476	begründet	O	O	VVPP	_	_	
11-8	1477-1483	werden	_	_	_	_	_	
11-9	1483-1484	:	_	_	_	_	_	
11-10	1485-1486	"	_	_	_	_	_	
11-11	1486-1489	Aus	_	_	_	_	_	
11-12	1490-1493	der	_	_	_	_	_	
11-13	1494-1504	Begründung	O	O	NN	_	_	
11-14	1505-1509	muss	_	_	_	_	_	
11-15	1510-1514	sich	_	_	_	_	_	
11-16	1515-1522	ergeben	O	O	VVPP	_	_	
11-17	1522-1523	,	_	_	_	_	_	
11-18	1524-1527	auf	_	_	_	_	_	
11-19	1528-1533	Grund	KON	MRW	NN	_	_	
11-20	1534-1541	welcher	_	_	_	_	_	
11-21	1542-1551	Tatsachen	O	O	NN	_	_	
11-22	1552-1555	ein	_	_	_	_	_	
11-23	1556-1562	Gebiet	O	O	NN	_	_	
11-24	1563-1566	mit	_	_	_	_	_	
11-25	1567-1572	einem	_	_	_	_	_	
11-26	1573-1585	angespannten	O	PERS	ADJA	_	_	
11-27	1586-1599	Wohnungsmarkt	O	O	NN	_	_	
11-28	1600-1602	im	_	_	_	_	_	
11-29	1603-1613	Einzelfall	O	O	NN	_	_	
11-30	1614-1622	vorliegt	KON	MRW	VVFIN	_	_	
11-31	1622-1623	.	_	_	_	_	_	
11-32	1623-1624	"	_	_	_	_	_	
11-33	1624-1625	
	_	_	_	_	_	

#Text=Und das ist keine bloße Formalie, schreibt nun der BGH.
#Text=
12-1	1625-1628	Und	_	_	_	_	_	
12-2	1629-1632	das	_	_	_	_	_	
12-3	1633-1636	ist	_	_	_	_	_	
12-4	1637-1642	keine	_	_	_	_	_	
12-5	1643-1648	bloße	KON	MRW	ADJA	_	_	
12-6	1649-1657	Formalie	O	O	NN	_	_	
12-7	1657-1658	,	_	_	_	_	_	
12-8	1659-1667	schreibt	O	O	VVFIN	_	_	
12-9	1668-1671	nun	_	_	_	_	_	
12-10	1672-1675	der	_	_	_	_	_	
12-11	1676-1679	BGH	_	_	_	_	_	
12-12	1679-1680	.	_	_	_	_	_	
12-13	1680-1681	
	_	_	_	_	_	

#Text=Der Eigentumsschutz der Vermieter verlange, dass die Grundlagen einer Mietbegrenzung dargelegt würden.
#Text=
13-1	1681-1684	Der	_	_	_	_	_	
13-2	1685-1700	Eigentumsschutz	_	_	NN	_	_	
13-2.1	1685-1694	Eigentums	O	O	_	_	_	
13-2.2	1694-1700	schutz	O	O	_	_	_	
13-3	1701-1704	der	_	_	_	_	_	
13-4	1705-1714	Vermieter	O	O	NN	_	_	
13-5	1715-1723	verlange	O	PERS	VVFIN	_	_	
13-6	1723-1724	,	_	_	_	_	_	
13-7	1725-1729	dass	_	_	_	_	_	
13-8	1730-1733	die	_	_	_	_	_	
13-9	1734-1744	Grundlagen	O	O	NN	_	_	
13-10	1745-1750	einer	_	_	_	_	_	
13-11	1751-1765	Mietbegrenzung	_	_	NN	_	_	
13-11.1	1751-1755	Miet	O	O	_	_	_	
13-11.2	1755-1765	begrenzung	KON	MRW	_	_	_	
13-12	1766-1775	dargelegt	O	O	VVPP	_	_	
13-13	1776-1782	würden	_	_	_	_	_	
13-14	1782-1783	.	_	_	_	_	_	
13-15	1783-1784	
	_	_	_	_	_	

#Text="Es geht also darum, dass der Verordnungsgeber im Einzelnen zu begründen hat, auf welcher Tatsachenbasis, insbesondere aufgrund welcher Indikatoren er die betroffenen Gebiete als angespannte Wohnungsmärkte beurteilt und welche Maßnahmen er getroffen hat oder plant, um die Situation zu mildern."
#Text=
14-1	1784-1785	"	_	_	_	_	_	
14-2	1785-1787	Es	_	_	_	_	_	
14-3	1788-1792	geht	O	O	VVFIN	_	_	
14-4	1793-1797	also	_	_	_	_	_	
14-5	1798-1803	darum	_	_	_	_	_	
14-6	1803-1804	,	_	_	_	_	_	
14-7	1805-1809	dass	_	_	_	_	_	
14-8	1810-1813	der	_	_	_	_	_	
14-9	1814-1830	Verordnungsgeber	_	_	NN	_	_	
14-9.1	1814-1825	Verordnungs	O	O	_	_	_	
14-9.2	1825-1830	geber	O	O	_	_	_	
14-10	1831-1833	im	_	_	_	_	_	
14-11	1834-1843	Einzelnen	O	DFMA	NN	_	_	
14-12	1844-1846	zu	_	_	_	_	_	
14-13	1847-1856	begründen	O	O	VVINF	_	_	
14-14	1857-1860	hat	_	_	_	_	_	
14-15	1860-1861	,	_	_	_	_	_	
14-16	1862-1865	auf	_	_	_	_	_	
14-17	1866-1873	welcher	_	_	_	_	_	
14-18	1874-1888	Tatsachenbasis	_	_	NN	_	_	
14-18.1	1874-1883	Tatsachen	O	O	_	_	_	
14-18.2	1883-1888	basis	KON	MRW	_	_	_	
14-19	1888-1889	,	_	_	_	_	_	
14-20	1890-1902	insbesondere	_	_	_	_	_	
14-21	1903-1911	aufgrund	_	_	_	_	_	
14-22	1912-1919	welcher	_	_	_	_	_	
14-23	1920-1931	Indikatoren	O	O	NN	_	_	
14-24	1932-1934	er	_	_	_	_	_	
14-25	1935-1938	die	_	_	_	_	_	
14-26	1939-1950	betroffenen	O	O	ADJA	_	_	
14-27	1951-1958	Gebiete	O	O	NN	_	_	
14-28	1959-1962	als	_	_	_	_	_	
14-29	1963-1974	angespannte	O	PERS	ADJA	_	_	
14-30	1975-1989	Wohnungsmärkte	O	O	NN	_	_	
14-31	1990-1999	beurteilt	O	O	VVPP	_	_	
14-32	2000-2003	und	_	_	_	_	_	
14-33	2004-2010	welche	_	_	_	_	_	
14-34	2011-2020	Maßnahmen	O	O	NN	_	_	
14-35	2021-2023	er	_	_	_	_	_	
14-36	2024-2033	getroffen	O	O	VVPP	_	_	
14-37	2034-2037	hat	_	_	_	_	_	
14-38	2038-2042	oder	_	_	_	_	_	
14-39	2043-2048	plant	O	O	VVFIN	_	_	
14-40	2048-2049	,	_	_	_	_	_	
14-41	2050-2052	um	_	_	_	_	_	
14-42	2053-2056	die	_	_	_	_	_	
14-43	2057-2066	Situation	O	O	NN	_	_	
14-44	2067-2069	zu	_	_	_	_	_	
14-45	2070-2077	mildern	KON	MRW	VVINF	_	_	
14-46	2077-2078	.	_	_	_	_	_	
14-47	2078-2079	"	_	_	_	_	_	
14-48	2079-2080	
	_	_	_	_	_	

#Text=Die gegenläufigen Interessen von Vermieter und Mieter müssten abgewogen werden.
#Text=
15-1	2080-2083	Die	_	_	_	_	_	
15-2	2084-2097	gegenläufigen	KON	MRW	ADJA	_	_	
15-3	2098-2108	Interessen	O	O	NN	_	_	
15-4	2109-2112	von	_	_	_	_	_	
15-5	2113-2122	Vermieter	O	O	NN	_	_	
15-6	2123-2126	und	_	_	_	_	_	
15-7	2127-2133	Mieter	O	O	NN	_	_	
15-8	2134-2141	müssten	_	_	_	_	_	
15-9	2142-2151	abgewogen	KON	MRW	VVPP	_	_	
15-10	2152-2158	werden	_	_	_	_	_	
15-11	2158-2159	.	_	_	_	_	_	
15-12	2159-2160	
	_	_	_	_	_	

#Text=Notwendig sei die Begründung, damit die Mieterschutz-Maßnahmen gerichtlich überprüfbar seien.
#Text=
16-1	2160-2169	Notwendig	O	O	ADJD	_	_	
16-2	2170-2173	sei	_	_	_	_	_	
16-3	2174-2177	die	_	_	_	_	_	
16-4	2178-2188	Begründung	O	O	NN	_	_	
16-5	2188-2189	,	_	_	_	_	_	
16-6	2190-2195	damit	_	_	_	_	_	
16-7	2196-2199	die	_	_	_	_	_	
16-8	2200-2222	Mieterschutz-Maßnahmen	_	_	NN	_	_	
16-8.1	2200-2213	Mieterschutz-	O	O	_	_	_	
16-8.2	2213-2222	Maßnahmen	O	O	_	_	_	
16-9	2223-2234	gerichtlich	O	O	ADJD	_	_	
16-10	2235-2246	überprüfbar	O	O	ADJD	_	_	
16-11	2247-2252	seien	_	_	_	_	_	
16-12	2252-2253	.	_	_	_	_	_	
16-13	2253-2254	
	_	_	_	_	_	
