#FORMAT=WebAnno TSV 3.3
#T_SP=webanno.custom.Metaphors|Conventionality|Metaphern
#T_SP=webanno.custom.POS|pos_tag
#T_RL=webanno.custom.UnitofAnalysis|bidirectionalrelation|BT_webanno.custom.Metaphors


#Text=Die EU-Mitgliedstaaten haben sich nach Angaben von EU-Ratspräsident Donald Tusk auf einen Brexit-Aufschub bis Ende Januar geeinigt.
#Text=
1-1	0-3	Die	_	_	_	_	_	
1-2	4-22	EU-Mitgliedstaaten	_	_	_	_	_	
1-3	23-28	haben	_	_	_	_	_	
1-4	29-33	sich	_	_	_	_	_	
1-5	34-38	nach	_	_	_	_	_	
1-6	39-46	Angaben	O	O	NN	_	_	
1-7	47-50	von	_	_	_	_	_	
1-8	51-67	EU-Ratspräsident	_	_	_	_	_	
1-9	68-74	Donald	_	_	_	_	_	
1-10	75-79	Tusk	_	_	_	_	_	
1-11	80-83	auf	_	_	_	_	_	
1-12	84-89	einen	_	_	_	_	_	
1-13	90-105	Brexit-Aufschub	_	_	_	_	_	
1-14	106-109	bis	_	_	_	_	_	
1-15	110-114	Ende	KON	MRW	NN	_	_	
1-16	115-121	Januar	O	O	NN	_	_	
1-17	122-130	geeinigt	O	O	VVPP	_	_	
1-18	130-131	.	_	_	_	_	_	
1-19	131-132	
	_	_	_	_	_	

#Text=Die Entscheidung solle in einem schriftlichen Verfahren formalisiert werden, teilte Tusk via Twitter mit.
#Text=
2-1	132-135	Die	_	_	_	_	_	
2-2	136-148	Entscheidung	O	O	NN	_	_	
2-3	149-154	solle	_	_	_	_	_	
2-4	155-157	in	_	_	_	_	_	
2-5	158-163	einem	_	_	_	_	_	
2-6	164-177	schriftlichen	O	O	ADJA	_	_	
2-7	178-187	Verfahren	O	O	NN	_	_	
2-8	188-200	formalisiert	O	O	VVPP	_	_	
2-9	201-207	werden	_	_	_	_	_	
2-10	207-208	,	_	_	_	_	_	
2-11	209-215	teilte	O	O	VVFIN	_	_	
2-12	216-220	Tusk	_	_	_	_	_	
2-13	221-224	via	_	_	_	_	_	
2-14	225-232	Twitter	_	_	_	_	_	
2-15	233-236	mit	O	O	PTKVZ	belong together	2-11	
2-16	236-237	.	_	_	_	_	_	
2-17	237-238	
	_	_	_	_	_	

#Text=Sollte die Ratifizierung des Austrittsabkommens vorher gelingen, ist der britische EU-Austritt demnach auch vor Fristende möglich.
#Text=
3-1	238-244	Sollte	_	_	_	_	_	
3-2	245-248	die	_	_	_	_	_	
3-3	249-262	Ratifizierung	O	O	NN	_	_	
3-4	263-266	des	_	_	_	_	_	
3-5	267-285	Austrittsabkommens	O	O	NN	_	_	
3-6	286-292	vorher	_	_	_	_	_	
3-7	293-301	gelingen	O	O	VVINF	_	_	
3-8	301-302	,	_	_	_	_	_	
3-9	303-306	ist	_	_	_	_	_	
3-10	307-310	der	_	_	_	_	_	
3-11	311-320	britische	O	O	ADJA	_	_	
3-12	321-332	EU-Austritt	_	_	_	_	_	
3-13	333-340	demnach	_	_	_	_	_	
3-14	341-345	auch	_	_	_	_	_	
3-15	346-349	vor	_	_	_	_	_	
3-16	350-359	Fristende	_	_	NN	_	_	
3-16.1	350-355	Frist	O	O	_	_	_	
3-16.2	355-359	ende	KON	MRW	_	_	_	
3-17	360-367	möglich	O	O	ADJD	_	_	
3-18	367-368	.	_	_	_	_	_	
3-19	368-369	
	_	_	_	_	_	

#Text=Die Entscheidung fiel am Montag bei einem Treffen der EU-Botschafter in Brüssel.
#Text=
4-1	369-372	Die	_	_	_	_	_	
4-2	373-385	Entscheidung	O	O	NN	_	_	
4-3	386-390	fiel	O	WIDLII	VVFIN	_	_	
4-4	391-393	am	_	_	_	_	_	
4-5	394-400	Montag	O	O	NN	_	_	
4-6	401-404	bei	_	_	_	_	_	
4-7	405-410	einem	_	_	_	_	_	
4-8	411-418	Treffen	O	O	NN	_	_	
4-9	419-422	der	_	_	_	_	_	
4-10	423-437	EU-Botschafter	_	_	_	_	_	
4-11	438-440	in	_	_	_	_	_	
4-12	441-448	Brüssel	_	_	_	_	_	
4-13	448-449	.	_	_	_	_	_	
4-14	449-450	
	_	_	_	_	_	

#Text=EU-Chefunterhändler Michel Barnier sprach anschließend von einem "sehr kurzen, effektiven und konstruktiven Treffen".
#Text=
5-1	450-469	EU-Chefunterhändler	_	_	_	_	_	
5-2	470-476	Michel	_	_	_	_	_	
5-3	477-484	Barnier	_	_	_	_	_	
5-4	485-491	sprach	O	O	VVFIN	_	_	
5-5	492-504	anschließend	O	O	ADJD	_	_	
5-6	505-508	von	_	_	_	_	_	
5-7	509-514	einem	_	_	_	_	_	
5-8	515-516	"	_	_	_	_	_	
5-9	516-520	sehr	_	_	_	_	_	
5-10	521-527	kurzen	KON	MRW	ADJA	_	_	
5-11	527-528	,	_	_	_	_	_	
5-12	529-539	effektiven	O	O	ADJA	_	_	
5-13	540-543	und	_	_	_	_	_	
5-14	544-557	konstruktiven	O	O	ADJA	_	_	
5-15	558-565	Treffen	O	O	NN	_	_	
5-16	565-566	"	_	_	_	_	_	
5-17	566-567	.	_	_	_	_	_	
5-18	567-568	
	_	_	_	_	_	

#Text=Die Einigung schließt weitere Verhandlungen über das Austrittsabkommen aus.
#Text=
6-1	568-571	Die	_	_	_	_	_	
6-2	572-580	Einigung	O	O	NN	_	_	
6-3	581-589	schließt	KON	MRW	VVFIN	_	_	
6-4	590-597	weitere	O	O	ADJA	_	_	
6-5	598-611	Verhandlungen	O	O	NN	_	_	
6-6	612-616	über	_	_	_	_	_	
6-7	617-620	das	_	_	_	_	_	
6-8	621-638	Austrittsabkommen	O	O	NN	_	_	
6-9	639-642	aus	KON	MRW	PTKVZ	belong together	6-3	
6-10	642-643	.	_	_	_	_	_	
6-11	643-644	
	_	_	_	_	_	

#Text=Zudem wird festgelegt, dass Großbritannien für die kommende EU-Kommission unter Präsidentin Ursula von der Leyen einen Kommissar nominieren muss.
#Text=
7-1	644-649	Zudem	_	_	_	_	_	
7-2	650-654	wird	_	_	_	_	_	
7-3	655-665	festgelegt	O	O	VVPP	_	_	
7-4	665-666	,	_	_	_	_	_	
7-5	667-671	dass	_	_	_	_	_	
7-6	672-686	Großbritannien	_	_	_	_	_	
7-7	687-690	für	_	_	_	_	_	
7-8	691-694	die	_	_	_	_	_	
7-9	695-703	kommende	O	O	ADJA	_	_	
7-10	704-717	EU-Kommission	_	_	_	_	_	
7-11	718-723	unter	_	_	_	_	_	
7-12	724-735	Präsidentin	O	O	NN	_	_	
7-13	736-742	Ursula	_	_	_	_	_	
7-14	743-746	von	_	_	_	_	_	
7-15	747-750	der	_	_	_	_	_	
7-16	751-756	Leyen	_	_	_	_	_	
7-17	757-762	einen	_	_	_	_	_	
7-18	763-772	Kommissar	O	O	NN	_	_	
7-19	773-783	nominieren	O	O	VVINF	_	_	
7-20	784-788	muss	_	_	_	_	_	
7-21	788-789	.	_	_	_	_	_	
7-22	789-790	
	_	_	_	_	_	

#Text=Die EU-Staaten rufen London dazu auf, sich während der Verlängerung in einer "konstruktiven und verantwortungsvollen Weise" zu verhalten.
#Text=
8-1	790-793	Die	_	_	_	_	_	
8-2	794-804	EU-Staaten	_	_	_	_	_	
8-3	805-810	rufen	O	WIDLII	VVFIN	_	_	
8-4	811-817	London	_	_	_	_	_	
8-5	818-822	dazu	_	_	_	_	_	
8-6	823-826	auf	O	WIDLII	PTKVZ	belong together	8-3	
8-7	826-827	,	_	_	_	_	_	
8-8	828-832	sich	_	_	_	_	_	
8-9	833-840	während	_	_	_	_	_	
8-10	841-844	der	_	_	_	_	_	
8-11	845-857	Verlängerung	KON	MRW	NN	_	_	
8-12	858-860	in	_	_	_	_	_	
8-13	861-866	einer	_	_	_	_	_	
8-14	867-868	"	_	_	_	_	_	
8-15	868-881	konstruktiven	O	O	ADJA	_	_	
8-16	882-885	und	_	_	_	_	_	
8-17	886-906	verantwortungsvollen	O	O	ADJA	_	_	
8-18	907-912	Weise	O	O	NN	_	_	
8-19	912-913	"	_	_	_	_	_	
8-20	914-916	zu	_	_	_	_	_	
8-21	917-926	verhalten	O	O	VVINF	_	_	
8-22	926-927	.	_	_	_	_	_	
8-23	927-928	
	_	_	_	_	_	

#Text=Der britische Premierminister Boris Johnson wollte am Montag über eine Neuwahl am 12. Dezember abstimmen lassen.
#Text=
9-1	928-931	Der	_	_	_	_	_	
9-2	932-941	britische	O	O	ADJA	_	_	
9-3	942-957	Premierminister	O	O	NN	_	_	
9-4	958-963	Boris	_	_	_	_	_	
9-5	964-971	Johnson	_	_	_	_	_	
9-6	972-978	wollte	_	_	_	_	_	
9-7	979-981	am	_	_	_	_	_	
9-8	982-988	Montag	O	O	NN	_	_	
9-9	989-993	über	_	_	_	_	_	
9-10	994-998	eine	_	_	_	_	_	
9-11	999-1006	Neuwahl	O	O	NN	_	_	
9-12	1007-1009	am	_	_	_	_	_	
9-13	1010-1013	12.	_	_	_	_	_	
9-14	1014-1022	Dezember	O	O	NN	_	_	
9-15	1023-1032	abstimmen	O	O	VVINF	_	_	
9-16	1033-1039	lassen	O	O	VVINF	_	_	
9-17	1039-1040	.	_	_	_	_	_	
9-18	1040-1041	
	_	_	_	_	_	

#Text=Zuletzt hatte er keine Mehrheit im Parlament und musste im Streit um den EU-Austritt Großbritanniens um jede Stimme kämpfen.
#Text=
10-1	1041-1048	Zuletzt	_	_	_	_	_	
10-2	1049-1054	hatte	_	_	_	_	_	
10-3	1055-1057	er	_	_	_	_	_	
10-4	1058-1063	keine	_	_	_	_	_	
10-5	1064-1072	Mehrheit	O	O	NN	_	_	
10-6	1073-1075	im	_	_	_	_	_	
10-7	1076-1085	Parlament	O	O	NN	_	_	
10-8	1086-1089	und	_	_	_	_	_	
10-9	1090-1096	musste	_	_	_	_	_	
10-10	1097-1099	im	_	_	_	_	_	
10-11	1100-1106	Streit	O	O	NN	_	_	
10-12	1107-1109	um	_	_	_	_	_	
10-13	1110-1113	den	_	_	_	_	_	
10-14	1114-1125	EU-Austritt	_	_	_	_	_	
10-15	1126-1141	Großbritanniens	_	_	_	_	_	
10-16	1142-1144	um	_	_	_	_	_	
10-17	1145-1149	jede	_	_	_	_	_	
10-18	1150-1156	Stimme	O	O	NN	_	_	
10-19	1157-1164	kämpfen	KON	MRW	VVINF	_	_	
10-20	1164-1165	.	_	_	_	_	_	
10-21	1165-1166	
	_	_	_	_	_	

#Text=Die Abgeordneten sollten am Nachmittag nach einer Debatte im Unterhaus abstimmen.
#Text=
11-1	1166-1169	Die	_	_	_	_	_	
11-2	1170-1182	Abgeordneten	O	O	NN	_	_	
11-3	1183-1190	sollten	_	_	_	_	_	
11-4	1191-1193	am	_	_	_	_	_	
11-5	1194-1204	Nachmittag	O	O	NN	_	_	
11-6	1205-1209	nach	_	_	_	_	_	
11-7	1210-1215	einer	_	_	_	_	_	
11-8	1216-1223	Debatte	O	O	NN	_	_	
11-9	1224-1226	im	_	_	_	_	_	
11-10	1227-1236	Unterhaus	O	O	NN	_	_	
11-11	1237-1246	abstimmen	O	O	VVINF	_	_	
11-12	1246-1247	.	_	_	_	_	_	
11-13	1247-1248	
	_	_	_	_	_	

#Text=Johnson wollte die EU unbedingt am 31. Oktober verlassen
#Text=
12-1	1248-1255	Johnson	_	_	_	_	_	
12-2	1256-1262	wollte	_	_	_	_	_	
12-3	1263-1266	die	_	_	_	_	_	
12-4	1267-1269	EU	_	_	_	_	_	
12-5	1270-1279	unbedingt	_	_	_	_	_	
12-6	1280-1282	am	_	_	_	_	_	
12-7	1283-1286	31.	_	_	_	_	_	
12-8	1287-1294	Oktober	O	O	NN	_	_	
12-9	1295-1304	verlassen	KON	MRW	VVPP	_	_	
12-10	1304-1305	
	_	_	_	_	_	

#Text=Um eine Neuwahl durchzubekommen, braucht Johnson eine Zweidrittelmehrheit - und somit die Hilfe der größten Oppositionspartei Labour.
#Text=
13-1	1305-1307	Um	_	_	_	_	_	
13-2	1308-1312	eine	_	_	_	_	_	
13-3	1313-1320	Neuwahl	_	_	NN	_	_	
13-3.1	1313-1319	Neuwah	O	O	_	_	_	
13-4	1321-1336	durchzubekommen	KON	MRW	VVPP	_	_	
13-5	1336-1337	,	_	_	_	_	_	
13-6	1338-1345	braucht	O	O	VVFIN	_	_	
13-7	1346-1353	Johnson	_	_	_	_	_	
13-8	1354-1358	eine	_	_	_	_	_	
13-9	1359-1378	Zweidrittelmehrheit	O	O	NN	_	_	
13-10	1379-1380	-	_	_	_	_	_	
13-11	1381-1384	und	_	_	_	_	_	
13-12	1385-1390	somit	_	_	_	_	_	
13-13	1391-1394	die	_	_	_	_	_	
13-14	1395-1400	Hilfe	O	O	NN	_	_	
13-15	1401-1404	der	_	_	_	_	_	
13-16	1405-1412	größten	O	O	ADJA	_	_	
13-17	1413-1430	Oppositionspartei	O	O	NN	_	_	
13-18	1431-1437	Labour	_	_	_	_	_	
13-19	1437-1438	.	_	_	_	_	_	
13-20	1438-1439	
	_	_	_	_	_	

#Text=Deren Chef Jeremy Corbyn hatte deutlich gemacht, seine Partei werde einer Neuwahl nicht im Wege stehen, sobald ein Brexit ohne Abkommen vom Tisch sei.
#Text=
14-1	1439-1444	Deren	_	_	_	_	_	
14-2	1445-1449	Chef	O	O	NN	_	_	
14-3	1450-1456	Jeremy	_	_	_	_	_	
14-4	1457-1463	Corbyn	_	_	_	_	_	
14-5	1464-1469	hatte	_	_	_	_	_	
14-6	1470-1478	deutlich	O	O	ADJD	_	_	
14-7	1479-1486	gemacht	O	O	VVPP	_	_	
14-8	1486-1487	,	_	_	_	_	_	
14-9	1488-1493	seine	_	_	_	_	_	
14-10	1494-1500	Partei	O	O	NN	_	_	
14-11	1501-1506	werde	_	_	_	_	_	
14-12	1507-1512	einer	_	_	_	_	_	
14-13	1513-1520	Neuwahl	O	O	NN	_	_	
14-14	1521-1526	nicht	_	_	_	_	_	
14-15	1527-1529	im	_	_	_	_	_	
14-16	1530-1534	Wege	O	KOMPL	NN	_	_	
14-17	1535-1541	stehen	O	KOMPL	VVFIN	belong together	14-16	
14-18	1541-1542	,	_	_	_	_	_	
14-19	1543-1549	sobald	_	_	_	_	_	
14-20	1550-1553	ein	_	_	_	_	_	
14-21	1554-1560	Brexit	_	_	_	_	_	
14-22	1561-1565	ohne	_	_	_	_	_	
14-23	1566-1574	Abkommen	O	O	NN	_	_	
14-24	1575-1578	vom	_	_	_	_	_	
14-25	1579-1584	Tisch	O	KOMPL	NN	_	_	
14-26	1585-1588	sei	_	_	_	_	_	
14-27	1588-1589	.	_	_	_	_	_	
14-28	1589-1590	
	_	_	_	_	_	

#Text=Er wollte die Entscheidung in Brüssel über die Verlängerung der Brexit-Frist abwarten.
#Text=
15-1	1590-1592	Er	_	_	_	_	_	
15-2	1593-1599	wollte	_	_	_	_	_	
15-3	1600-1603	die	_	_	_	_	_	
15-4	1604-1616	Entscheidung	O	O	NN	_	_	
15-5	1617-1619	in	_	_	_	_	_	
15-6	1620-1627	Brüssel	_	_	_	_	_	
15-7	1628-1632	über	_	_	_	_	_	
15-8	1633-1636	die	_	_	_	_	_	
15-9	1637-1649	Verlängerung	KON	MRW	NN	_	_	
15-10	1650-1653	der	_	_	_	_	_	
15-11	1654-1666	Brexit-Frist	_	_	_	_	_	
15-12	1667-1675	abwarten	O	O	VVINF	_	_	
15-13	1675-1676	.	_	_	_	_	_	
15-14	1676-1677	
	_	_	_	_	_	

#Text=Johnson hatte kürzlich auf Druck des britischen Parlaments einen Antrag auf Verlängerung der Austrittsfrist bis Ende Januar gestellt, obwohl er selbst den Brexit unbedingt am 31. Oktober durchziehen wollte.
#Text=
16-1	1677-1684	Johnson	_	_	_	_	_	
16-2	1685-1690	hatte	_	_	_	_	_	
16-3	1691-1699	kürzlich	_	_	_	_	_	
16-4	1700-1703	auf	_	_	_	_	_	
16-5	1704-1709	Druck	KON	MRW	NN	_	_	
16-6	1710-1713	des	_	_	_	_	_	
16-7	1714-1724	britischen	O	O	ADJA	_	_	
16-8	1725-1735	Parlaments	O	O	NN	_	_	
16-9	1736-1741	einen	_	_	_	_	_	
16-10	1742-1748	Antrag	O	O	NN	_	_	
16-11	1749-1752	auf	_	_	_	_	_	
16-12	1753-1765	Verlängerung	KON	MRW	NN	_	_	
16-13	1766-1769	der	_	_	_	_	_	
16-14	1770-1784	Austrittsfrist	_	_	NN	_	_	
16-14.1	1770-1779	Austritts	KON	MRW	_	_	_	
16-14.2	1779-1784	frist	O	O	_	_	_	
16-15	1785-1788	bis	_	_	_	_	_	
16-16	1789-1793	Ende	KON	MRW	NN	_	_	
16-17	1794-1800	Januar	O	O	NN	_	_	
16-18	1801-1809	gestellt	O	O	VVPP	_	_	
16-19	1809-1810	,	_	_	_	_	_	
16-20	1811-1817	obwohl	_	_	_	_	_	
16-21	1818-1820	er	_	_	_	_	_	
16-22	1821-1827	selbst	_	_	_	_	_	
16-23	1828-1831	den	_	_	_	_	_	
16-24	1832-1838	Brexit	_	_	_	_	_	
16-25	1839-1848	unbedingt	_	_	_	_	_	
16-26	1849-1851	am	_	_	_	_	_	
16-27	1852-1855	31.	_	_	_	_	_	
16-28	1856-1863	Oktober	O	O	NN	_	_	
16-29	1864-1875	durchziehen	KON	MRW	VVINF	_	_	
16-30	1876-1882	wollte	_	_	_	_	_	
16-31	1882-1883	.	_	_	_	_	_	
16-32	1883-1884	
	_	_	_	_	_	

#Text=Als das Unterhaus eine Eil-Ratifizierung des Austrittsvertrags ablehnte, war dieser Zeitplan aber praktisch nicht mehr zu halten.
#Text=
17-1	1884-1887	Als	_	_	_	_	_	
17-2	1888-1891	das	_	_	_	_	_	
17-3	1892-1901	Unterhaus	O	O	NN	_	_	
17-4	1902-1906	eine	_	_	_	_	_	
17-5	1907-1924	Eil-Ratifizierung	_	_	NN	_	_	
17-5.1	1907-1911	Eil-	O	O	_	_	_	
17-5.2	1911-1924	Ratifizierung	O	O	_	_	_	
17-6	1925-1928	des	_	_	_	_	_	
17-7	1929-1946	Austrittsvertrags	O	O	NN	_	_	
17-8	1947-1955	ablehnte	O	O	VVFIN	_	_	
17-9	1955-1956	,	_	_	_	_	_	
17-10	1957-1960	war	_	_	_	_	_	
17-11	1961-1967	dieser	_	_	_	_	_	
17-12	1968-1976	Zeitplan	O	O	NN	_	_	
17-13	1977-1981	aber	_	_	_	_	_	
17-14	1982-1991	praktisch	O	O	ADJD	_	_	
17-15	1992-1997	nicht	_	_	_	_	_	
17-16	1998-2002	mehr	_	_	_	_	_	
17-17	2003-2005	zu	_	_	_	_	_	
17-18	2006-2012	halten	KON	MRW	VVINF	_	_	
17-19	2012-2013	.	_	_	_	_	_	
17-20	2013-2014	
	_	_	_	_	_	

#Text=EU-Ratschef Tusk empfahl den 27 bleibenden EU-Staaten schließlich, dem britischen Antrag stattzugeben und so einen chaotischen EU-Austritt in dieser Woche zu vermeiden.
#Text=
18-1	2014-2025	EU-Ratschef	_	_	_	_	_	
18-2	2026-2030	Tusk	_	_	_	_	_	
18-3	2031-2038	empfahl	O	O	VVFIN	_	_	
18-4	2039-2042	den	_	_	_	_	_	
18-5	2043-2045	27	_	_	_	_	_	
18-6	2046-2056	bleibenden	O	O	ADJA	_	_	
18-7	2057-2067	EU-Staaten	_	_	_	_	_	
18-8	2068-2079	schließlich	_	_	_	_	_	
18-9	2079-2080	,	_	_	_	_	_	
18-10	2081-2084	dem	_	_	_	_	_	
18-11	2085-2095	britischen	O	O	ADJA	_	_	
18-12	2096-2102	Antrag	O	O	NN	_	_	
18-13	2103-2115	stattzugeben	O	O	VVIZU	_	_	
18-14	2116-2119	und	_	_	_	_	_	
18-15	2120-2122	so	_	_	_	_	_	
18-16	2123-2128	einen	_	_	_	_	_	
18-17	2129-2140	chaotischen	O	O	ADJA	_	_	
18-18	2141-2152	EU-Austritt	_	_	_	_	_	
18-19	2153-2155	in	_	_	_	_	_	
18-20	2156-2162	dieser	_	_	_	_	_	
18-21	2163-2168	Woche	O	O	NN	_	_	
18-22	2169-2171	zu	_	_	_	_	_	
18-23	2172-2181	vermeiden	O	O	VVINF	_	_	
18-24	2181-2182	.	_	_	_	_	_	
18-25	2182-2183	
	_	_	_	_	_	

#Text=Für den Fall eines No-Deal-Brexit werden enorme Turbulenzen für die Wirtschaft, Unsicherheit für die Bürger und sogar Versorgungsengpässe befürchtet.
#Text=
19-1	2183-2186	Für	_	_	_	_	_	
19-2	2187-2190	den	_	_	_	_	_	
19-3	2191-2195	Fall	O	O	NN	_	_	
19-4	2196-2201	eines	_	_	_	_	_	
19-5	2202-2216	No-Deal-Brexit	_	_	_	_	_	
19-6	2217-2223	werden	_	_	_	_	_	
19-7	2224-2230	enorme	O	O	ADJA	_	_	
19-8	2231-2242	Turbulenzen	KON	MRW	NN	_	_	
19-9	2243-2246	für	_	_	_	_	_	
19-10	2247-2250	die	_	_	_	_	_	
19-11	2251-2261	Wirtschaft	O	O	NN	_	_	
19-12	2261-2262	,	_	_	_	_	_	
19-13	2263-2275	Unsicherheit	O	O	NN	_	_	
19-14	2276-2279	für	_	_	_	_	_	
19-15	2280-2283	die	_	_	_	_	_	
19-16	2284-2290	Bürger	O	O	NN	_	_	
19-17	2291-2294	und	_	_	_	_	_	
19-18	2295-2300	sogar	_	_	_	_	_	
19-19	2301-2320	Versorgungsengpässe	O	O	NN	_	_	
19-20	2321-2331	befürchtet	O	O	VVPP	_	_	
19-21	2331-2332	.	_	_	_	_	_	
19-22	2332-2333	
	_	_	_	_	_	

#Text=Der britische EU-Austritt war ursprünglich für den 29. März vorgesehen, wurde aber im Frühjahr zweimal verschoben.
#Text=
20-1	2333-2336	Der	_	_	_	_	_	
20-2	2337-2346	britische	O	O	ADJA	_	_	
20-3	2347-2358	EU-Austritt	_	_	_	_	_	
20-4	2359-2362	war	_	_	_	_	_	
20-5	2363-2375	ursprünglich	O	O	ADJD	_	_	
20-6	2376-2379	für	_	_	_	_	_	
20-7	2380-2383	den	_	_	_	_	_	
20-8	2384-2387	29.	_	_	_	_	_	
20-9	2388-2392	März	O	O	NN	_	_	
20-10	2393-2403	vorgesehen	O	O	VVPP	_	_	
20-11	2403-2404	,	_	_	_	_	_	
20-12	2405-2410	wurde	_	_	_	_	_	
20-13	2411-2415	aber	_	_	_	_	_	
20-14	2416-2418	im	_	_	_	_	_	
20-15	2419-2427	Frühjahr	O	O	NN	_	_	
20-16	2428-2435	zweimal	_	_	_	_	_	
20-17	2436-2446	verschoben	KON	MRW	VVPP	_	_	
20-18	2446-2447	.	_	_	_	_	_	
20-19	2447-2448	
	_	_	_	_	_	
