#FORMAT=WebAnno TSV 3.3
#T_SP=webanno.custom.Metaphors|Conventionality|Metaphern
#T_SP=webanno.custom.POS|pos_tag
#T_RL=webanno.custom.UnitofAnalysis|bidirectionalrelation|BT_webanno.custom.Metaphors


#Text=Nach langen Verhandlungen haben die Türkei und die USA am Donnerstag eine Waffenruhe für Nordsyrien vereinbart.
#Text=
1-1	0-4	Nach	_	_	_	_	_	
1-2	5-11	langen	KON	MRW	ADJA	_	_	
1-3	12-25	Verhandlungen	O	O	NN	_	_	
1-4	26-31	haben	_	_	_	_	_	
1-5	32-35	die	_	_	_	_	_	
1-6	36-42	Türkei	_	_	_	_	_	
1-7	43-46	und	_	_	_	_	_	
1-8	47-50	die	_	_	_	_	_	
1-9	51-54	USA	_	_	_	_	_	
1-10	55-57	am	_	_	_	_	_	
1-11	58-68	Donnerstag	O	O	NN	_	_	
1-12	69-73	eine	_	_	_	_	_	
1-13	74-84	Waffenruhe	O	O	NN	_	_	
1-14	85-88	für	_	_	_	_	_	
1-15	89-99	Nordsyrien	_	_	_	_	_	
1-16	100-110	vereinbart	O	O	VVPP	_	_	
1-17	110-111	.	_	_	_	_	_	
1-18	111-112	
	_	_	_	_	_	

#Text=Das gab US-Vizepräsident Mike Pence nach einem Treffen mit dem türkischen Staatschef Recep Tayyip Erdoğan bekannt.
#Text=
2-1	112-115	Das	_	_	_	_	_	
2-2	116-119	gab	O	O	VVFIN	_	_	
2-3	120-136	US-Vizepräsident	_	_	_	_	_	
2-4	137-141	Mike	_	_	_	_	_	
2-5	142-147	Pence	_	_	_	_	_	
2-6	148-152	nach	_	_	_	_	_	
2-7	153-158	einem	_	_	_	_	_	
2-8	159-166	Treffen	O	O	NN	_	_	
2-9	167-170	mit	_	_	_	_	_	
2-10	171-174	dem	_	_	_	_	_	
2-11	175-185	türkischen	O	O	ADJA	_	_	
2-12	186-196	Staatschef	O	O	NN	_	_	
2-13	197-202	Recep	_	_	_	_	_	
2-14	203-209	Tayyip	_	_	_	_	_	
2-15	210-217	Erdoğan	_	_	_	_	_	
2-16	218-225	bekannt	O	O	PTKVZ	belong together	2-2	
2-17	225-226	.	_	_	_	_	_	
2-18	226-227	
	_	_	_	_	_	

#Text=Die Einigung sieht vor, dass die türkische Offensive in der syrischen Region eingestellt wird.
#Text=
3-1	227-230	Die	_	_	_	_	_	
3-2	231-239	Einigung	O	O	NN	_	_	
3-3	240-245	sieht	O	PERS	VVFIN	_	_	
3-4	246-249	vor	O	PERS	PTKVZ	belong together	3-3	
3-5	249-250	,	_	_	_	_	_	
3-6	251-255	dass	_	_	_	_	_	
3-7	256-259	die	_	_	_	_	_	
3-8	260-269	türkische	O	O	ADJA	_	_	
3-9	270-279	Offensive	O	O	NN	_	_	
3-10	280-282	in	_	_	_	_	_	
3-11	283-286	der	_	_	_	_	_	
3-12	287-296	syrischen	O	O	ADJA	_	_	
3-13	297-303	Region	O	O	NN	_	_	
3-14	304-315	eingestellt	O	WIDLII	VVPP	_	_	
3-15	316-320	wird	_	_	_	_	_	
3-16	320-321	.	_	_	_	_	_	
3-17	321-322	
	_	_	_	_	_	

#Text=Außerdem sollen die kurdischen Milizen sich aus einem Sicherheitskorridor zurückziehen.
#Text=
4-1	322-330	Außerdem	_	_	_	_	_	
4-2	331-337	sollen	_	_	_	_	_	
4-3	338-341	die	_	_	_	_	_	
4-4	342-352	kurdischen	O	O	ADJA	_	_	
4-5	353-360	Milizen	O	O	NN	_	_	
4-6	361-365	sich	_	_	_	_	_	
4-7	366-369	aus	_	_	_	_	_	
4-8	370-375	einem	_	_	_	_	_	
4-9	376-395	Sicherheitskorridor	_	_	NN	_	_	
4-9.1	376-387	Sicherheits	O	O	_	_	_	
4-9.2	387-395	korridor	KON	MRW	_	_	_	
4-10	396-408	zurückziehen	O	O	VVINF	_	_	
4-11	408-409	.	_	_	_	_	_	
4-12	409-410	
	_	_	_	_	_	

#Text=Vizepräsident Pence betonte bei einer Pressekonferenz in Ankara, dass die türkische Regierung zugesagt habe, alle Militäroperationen zu stoppen und keine weiteren Angriffe auf die Kurden zu starten.
#Text=
5-1	410-423	Vizepräsident	O	O	NN	_	_	
5-2	424-429	Pence	_	_	_	_	_	
5-3	430-437	betonte	KON	MRW	VVFIN	_	_	
5-4	438-441	bei	_	_	_	_	_	
5-5	442-447	einer	_	_	_	_	_	
5-6	448-463	Pressekonferenz	O	O	NN	_	_	
5-7	464-466	in	_	_	_	_	_	
5-8	467-473	Ankara	_	_	_	_	_	
5-9	473-474	,	_	_	_	_	_	
5-10	475-479	dass	_	_	_	_	_	
5-11	480-483	die	_	_	_	_	_	
5-12	484-493	türkische	O	O	ADJA	_	_	
5-13	494-503	Regierung	O	O	NN	_	_	
5-14	504-512	zugesagt	O	O	VVPP	_	_	
5-15	513-517	habe	_	_	_	_	_	
5-16	517-518	,	_	_	_	_	_	
5-17	519-523	alle	_	_	_	_	_	
5-18	524-542	Militäroperationen	O	O	NN	_	_	
5-19	543-545	zu	_	_	_	_	_	
5-20	546-553	stoppen	KON	MRW	VVINF	_	_	
5-21	554-557	und	_	_	_	_	_	
5-22	558-563	keine	_	_	_	_	_	
5-23	564-572	weiteren	O	O	ADJA	_	_	
5-24	573-581	Angriffe	O	O	NN	_	_	
5-25	582-585	auf	_	_	_	_	_	
5-26	586-589	die	_	_	_	_	_	
5-27	590-596	Kurden	O	O	NN	_	_	
5-28	597-599	zu	_	_	_	_	_	
5-29	600-607	starten	KON	MRW	VVINF	_	_	
5-30	607-608	.	_	_	_	_	_	
5-31	608-609	
	_	_	_	_	_	

#Text=Im Gegenzug würden die USA keine weiteren Sanktionen gegen die Türkei verhängen.
#Text=
6-1	609-611	Im	_	_	_	_	_	
6-2	612-620	Gegenzug	KON	MRW	NN	_	_	
6-3	621-627	würden	_	_	_	_	_	
6-4	628-631	die	_	_	_	_	_	
6-5	632-635	USA	_	_	_	_	_	
6-6	636-641	keine	_	_	_	_	_	
6-7	642-650	weiteren	O	O	ADJA	_	_	
6-8	651-661	Sanktionen	O	O	NN	_	_	
6-9	662-667	gegen	_	_	_	_	_	
6-10	668-671	die	_	_	_	_	_	
6-11	672-678	Türkei	_	_	_	_	_	
6-12	679-688	verhängen	KON	MRW	VVINF	_	_	
6-13	688-689	.	_	_	_	_	_	
6-14	689-690	
	_	_	_	_	_	

#Text=Die Vereinbarung gilt vorerst für 120 Stunden, in denen die kurdischen Kämpfer aus der umstrittenen Region abziehen sollen.
#Text=
7-1	690-693	Die	_	_	_	_	_	
7-2	694-706	Vereinbarung	O	O	NN	_	_	
7-3	707-711	gilt	O	O	VVFIN	_	_	
7-4	712-719	vorerst	_	_	_	_	_	
7-5	720-723	für	_	_	_	_	_	
7-6	724-727	120	_	_	_	_	_	
7-7	728-735	Stunden	O	O	NN	_	_	
7-8	735-736	,	_	_	_	_	_	
7-9	737-739	in	_	_	_	_	_	
7-10	740-745	denen	_	_	_	_	_	
7-11	746-749	die	_	_	_	_	_	
7-12	750-760	kurdischen	O	O	ADJA	_	_	
7-13	761-768	Kämpfer	O	O	NN	_	_	
7-14	769-772	aus	_	_	_	_	_	
7-15	773-776	der	_	_	_	_	_	
7-16	777-789	umstrittenen	O	O	ADJA	_	_	
7-17	790-796	Region	O	O	NN	_	_	
7-18	797-805	abziehen	O	O	VVINF	_	_	
7-19	806-812	sollen	_	_	_	_	_	
7-20	812-813	.	_	_	_	_	_	
7-21	813-814	
	_	_	_	_	_	

#Text=Die Entscheidung zur Waffenruhe kam nach internationaler Kritik an der türkischen Offensive in Nordsyrien.
#Text=
8-1	814-817	Die	_	_	_	_	_	
8-2	818-830	Entscheidung	O	O	NN	_	_	
8-3	831-834	zur	_	_	_	_	_	
8-4	835-845	Waffenruhe	O	O	NN	_	_	
8-5	846-849	kam	O	PERS	VVFIN	_	_	
8-6	850-854	nach	_	_	_	_	_	
8-7	855-870	internationaler	O	O	ADJA	_	_	
8-8	871-877	Kritik	O	O	NN	_	_	
8-9	878-880	an	_	_	_	_	_	
8-10	881-884	der	_	_	_	_	_	
8-11	885-895	türkischen	O	O	ADJA	_	_	
8-12	896-905	Offensive	O	O	NN	_	_	
8-13	906-908	in	_	_	_	_	_	
8-14	909-919	Nordsyrien	_	_	_	_	_	
8-15	919-920	.	_	_	_	_	_	
8-16	920-921	
	_	_	_	_	_	

#Text=Die Militäroperation hatte zu einem massiven Verlust an Menschenleben geführt und die humanitäre Lage in der Region verschärft.
#Text=
9-1	921-924	Die	_	_	_	_	_	
9-2	925-941	Militäroperation	O	O	NN	_	_	
9-3	942-947	hatte	_	_	_	_	_	
9-4	948-950	zu	_	_	_	_	_	
9-5	951-956	einem	_	_	_	_	_	
9-6	957-965	massiven	KON	MRW	ADJA	_	_	
9-7	966-973	Verlust	KON	MRW	NN	_	_	
9-8	974-976	an	_	_	_	_	_	
9-9	977-990	Menschenleben	O	O	NN	_	_	
9-10	991-998	geführt	O	PERS	VVPP	_	_	
9-11	999-1002	und	_	_	_	_	_	
9-12	1003-1006	die	_	_	_	_	_	
9-13	1007-1017	humanitäre	O	O	ADJA	_	_	
9-14	1018-1022	Lage	O	O	NN	_	_	
9-15	1023-1025	in	_	_	_	_	_	
9-16	1026-1029	der	_	_	_	_	_	
9-17	1030-1036	Region	O	O	NN	_	_	
9-18	1037-1047	verschärft	O	O	VVPP	_	_	
9-19	1047-1048	.	_	_	_	_	_	
9-20	1048-1049	
	_	_	_	_	_	

#Text=Pence betonte, dass die USA weiterhin die Souveränität und territoriale Integrität Syriens respektieren würden.
#Text=
10-1	1049-1054	Pence	_	_	_	_	_	
10-2	1055-1062	betonte	KON	MRW	VVFIN	_	_	
10-3	1062-1063	,	_	_	_	_	_	
10-4	1064-1068	dass	_	_	_	_	_	
10-5	1069-1072	die	_	_	_	_	_	
10-6	1073-1076	USA	_	_	_	_	_	
10-7	1077-1086	weiterhin	_	_	_	_	_	
10-8	1087-1090	die	_	_	_	_	_	
10-9	1091-1103	Souveränität	O	O	NN	_	_	
10-10	1104-1107	und	_	_	_	_	_	
10-11	1108-1120	territoriale	O	O	ADJA	_	_	
10-12	1121-1131	Integrität	O	O	NN	_	_	
10-13	1132-1139	Syriens	_	_	_	_	_	
10-14	1140-1152	respektieren	O	O	VVINF	_	_	
10-15	1153-1159	würden	_	_	_	_	_	
10-16	1159-1160	.	_	_	_	_	_	
10-17	1160-1161	
	_	_	_	_	_	

#Text=Gleichzeitig würden sie auch die Sicherheit der kurdischen Bevölkerung garantieren.
#Text=
11-1	1161-1173	Gleichzeitig	O	O	ADJD	_	_	
11-2	1174-1180	würden	_	_	_	_	_	
11-3	1181-1184	sie	_	_	_	_	_	
11-4	1185-1189	auch	_	_	_	_	_	
11-5	1190-1193	die	_	_	_	_	_	
11-6	1194-1204	Sicherheit	O	O	NN	_	_	
11-7	1205-1208	der	_	_	_	_	_	
11-8	1209-1219	kurdischen	O	O	ADJA	_	_	
11-9	1220-1231	Bevölkerung	O	O	NN	_	_	
11-10	1232-1243	garantieren	O	O	VVINF	_	_	
11-11	1243-1244	.	_	_	_	_	_	
11-12	1244-1245	
	_	_	_	_	_	

#Text=Der türkische Präsident Erdoğan begrüßte die Einigung und bezeichnete sie als "historische Errungenschaft".
#Text=
12-1	1245-1248	Der	_	_	_	_	_	
12-2	1249-1258	türkische	O	O	ADJA	_	_	
12-3	1259-1268	Präsident	O	O	NN	_	_	
12-4	1269-1276	Erdoğan	_	_	_	_	_	
12-5	1277-1285	begrüßte	KON	MRW	VVFIN	_	_	
12-6	1286-1289	die	_	_	_	_	_	
12-7	1290-1298	Einigung	O	O	NN	_	_	
12-8	1299-1302	und	_	_	_	_	_	
12-9	1303-1314	bezeichnete	O	O	VVFIN	_	_	
12-10	1315-1318	sie	_	_	_	_	_	
12-11	1319-1322	als	_	_	_	_	_	
12-12	1323-1324	"	_	_	_	_	_	
12-13	1324-1335	historische	O	O	ADJA	_	_	
12-14	1336-1350	Errungenschaft	O	O	NN	_	_	
12-15	1350-1351	"	_	_	_	_	_	
12-16	1351-1352	.	_	_	_	_	_	
12-17	1352-1353	
	_	_	_	_	_	

#Text=Er betonte, dass die Türkei mit der Offensive in Nordsyrien keine territorialen Ambitionen verfolgt habe.
#Text=
13-1	1353-1355	Er	_	_	_	_	_	
13-2	1356-1363	betonte	KON	MRW	VVFIN	_	_	
13-3	1363-1364	,	_	_	_	_	_	
13-4	1365-1369	dass	_	_	_	_	_	
13-5	1370-1373	die	_	_	_	_	_	
13-6	1374-1380	Türkei	_	_	_	_	_	
13-7	1381-1384	mit	_	_	_	_	_	
13-8	1385-1388	der	_	_	_	_	_	
13-9	1389-1398	Offensive	O	O	NN	_	_	
13-10	1399-1401	in	_	_	_	_	_	
13-11	1402-1412	Nordsyrien	_	_	_	_	_	
13-12	1413-1418	keine	_	_	_	_	_	
13-13	1419-1432	territorialen	O	O	ADJA	_	_	
13-14	1433-1443	Ambitionen	O	O	NN	_	_	
13-15	1444-1452	verfolgt	KON	MRW	VVPP	_	_	
13-16	1453-1457	habe	_	_	_	_	_	
13-17	1457-1458	.	_	_	_	_	_	
13-18	1458-1459	
	_	_	_	_	_	

#Text=Vielmehr sei das Ziel gewesen, die Sicherheit der türkischen Grenze zu gewährleisten und die Entstehung eines kurdischen Staates zu verhindern.
#Text=
14-1	1459-1467	Vielmehr	_	_	_	_	_	
14-2	1468-1471	sei	_	_	_	_	_	
14-3	1472-1475	das	_	_	_	_	_	
14-4	1476-1480	Ziel	KON	MRW	NN	_	_	
14-5	1481-1488	gewesen	_	_	_	_	_	
14-6	1488-1489	,	_	_	_	_	_	
14-7	1490-1493	die	_	_	_	_	_	
14-8	1494-1504	Sicherheit	O	O	NN	_	_	
14-9	1505-1508	der	_	_	_	_	_	
14-10	1509-1519	türkischen	O	O	ADJA	_	_	
14-11	1520-1526	Grenze	O	O	NN	_	_	
14-12	1527-1529	zu	_	_	_	_	_	
14-13	1530-1543	gewährleisten	O	O	VVINF	_	_	
14-14	1544-1547	und	_	_	_	_	_	
14-15	1548-1551	die	_	_	_	_	_	
14-16	1552-1562	Entstehung	O	O	NN	_	_	
14-17	1563-1568	eines	_	_	_	_	_	
14-18	1569-1579	kurdischen	O	O	ADJA	_	_	
14-19	1580-1587	Staates	O	O	NN	_	_	
14-20	1588-1590	zu	_	_	_	_	_	
14-21	1591-1601	verhindern	O	O	VVINF	_	_	
14-22	1601-1602	.	_	_	_	_	_	
14-23	1602-1603	
	_	_	_	_	_	

#Text=Erdoğan kündigte außerdem an, dass die türkischen Truppen ihre Präsenz in der Region verstärken werden, um die Einhaltung der Vereinbarung zu überwachen.
#Text=
15-1	1603-1610	Erdoğan	_	_	_	_	_	
15-2	1611-1619	kündigte	O	O	VVFIN	_	_	
15-3	1620-1628	außerdem	_	_	_	_	_	
15-4	1629-1631	an	O	O	PTKVZ	belong together	15-2	
15-5	1631-1632	,	_	_	_	_	_	
15-6	1633-1637	dass	_	_	_	_	_	
15-7	1638-1641	die	_	_	_	_	_	
15-8	1642-1652	türkischen	O	O	ADJA	_	_	
15-9	1653-1660	Truppen	O	O	NN	_	_	
15-10	1661-1665	ihre	_	_	_	_	_	
15-11	1666-1673	Präsenz	O	O	NN	_	_	
15-12	1674-1676	in	_	_	_	_	_	
15-13	1677-1680	der	_	_	_	_	_	
15-14	1681-1687	Region	O	O	NN	_	_	
15-15	1688-1698	verstärken	KON	MRW	VVINF	_	_	
15-16	1699-1705	werden	_	_	_	_	_	
15-17	1705-1706	,	_	_	_	_	_	
15-18	1707-1709	um	_	_	_	_	_	
15-19	1710-1713	die	_	_	_	_	_	
15-20	1714-1724	Einhaltung	O	O	NN	_	_	
15-21	1725-1728	der	_	_	_	_	_	
15-22	1729-1741	Vereinbarung	O	O	NN	_	_	
15-23	1742-1744	zu	_	_	_	_	_	
15-24	1745-1755	überwachen	O	O	VVINF	_	_	
15-25	1755-1756	.	_	_	_	_	_	
15-26	1756-1757	
	_	_	_	_	_	

#Text=Die Einigung zwischen der Türkei und den USA dürfte auch Auswirkungen auf die künftige Rolle Russlands in der Region haben.
#Text=
16-1	1757-1760	Die	_	_	_	_	_	
16-2	1761-1769	Einigung	O	O	NN	_	_	
16-3	1770-1778	zwischen	_	_	_	_	_	
16-4	1779-1782	der	_	_	_	_	_	
16-5	1783-1789	Türkei	_	_	_	_	_	
16-6	1790-1793	und	_	_	_	_	_	
16-7	1794-1797	den	_	_	_	_	_	
16-8	1798-1801	USA	_	_	_	_	_	
16-9	1802-1808	dürfte	_	_	_	_	_	
16-10	1809-1813	auch	_	_	_	_	_	
16-11	1814-1826	Auswirkungen	O	O	NN	_	_	
16-12	1827-1830	auf	_	_	_	_	_	
16-13	1831-1834	die	_	_	_	_	_	
16-14	1835-1843	künftige	O	O	ADJA	_	_	
16-15	1844-1849	Rolle	KON	MRW	NN	_	_	
16-16	1850-1859	Russlands	_	_	_	_	_	
16-17	1860-1862	in	_	_	_	_	_	
16-18	1863-1866	der	_	_	_	_	_	
16-19	1867-1873	Region	O	O	NN	_	_	
16-20	1874-1879	haben	_	_	_	_	_	
16-21	1879-1880	.	_	_	_	_	_	
16-22	1880-1881	
	_	_	_	_	_	

#Text=Der russische Präsident Wladimir Putin hatte zuletzt Gespräche mit Erdoğan geführt, um eine friedliche Lösung des Konflikts in Nordsyrien zu unterstützen.
#Text=
17-1	1881-1884	Der	_	_	_	_	_	
17-2	1885-1894	russische	O	O	ADJA	_	_	
17-3	1895-1904	Präsident	O	O	NN	_	_	
17-4	1905-1913	Wladimir	_	_	_	_	_	
17-5	1914-1919	Putin	_	_	_	_	_	
17-6	1920-1925	hatte	_	_	_	_	_	
17-7	1926-1933	zuletzt	_	_	_	_	_	
17-8	1934-1943	Gespräche	O	O	NN	_	_	
17-9	1944-1947	mit	_	_	_	_	_	
17-10	1948-1955	Erdoğan	_	_	_	_	_	
17-11	1956-1963	geführt	O	WIDLII	VVPP	_	_	
17-12	1963-1964	,	_	_	_	_	_	
17-13	1965-1967	um	_	_	_	_	_	
17-14	1968-1972	eine	_	_	_	_	_	
17-15	1973-1983	friedliche	O	O	ADJA	_	_	
17-16	1984-1990	Lösung	KON	MRW	NN	_	_	
17-17	1991-1994	des	_	_	_	_	_	
17-18	1995-2004	Konflikts	O	O	NN	_	_	
17-19	2005-2007	in	_	_	_	_	_	
17-20	2008-2018	Nordsyrien	_	_	_	_	_	
17-21	2019-2021	zu	_	_	_	_	_	
17-22	2022-2034	unterstützen	O	O	VVINF	_	_	
17-23	2034-2035	.	_	_	_	_	_	
17-24	2035-2036	
	_	_	_	_	_	

#Text=Es wird erwartet, dass Russland und die Türkei gemeinsam an der Umsetzung der Waffenruhe arbeiten werden.
#Text=
18-1	2036-2038	Es	_	_	_	_	_	
18-2	2039-2043	wird	_	_	_	_	_	
18-3	2044-2052	erwartet	O	O	VVPP	_	_	
18-4	2052-2053	,	_	_	_	_	_	
18-5	2054-2058	dass	_	_	_	_	_	
18-6	2059-2067	Russland	_	_	_	_	_	
18-7	2068-2071	und	_	_	_	_	_	
18-8	2072-2075	die	_	_	_	_	_	
18-9	2076-2082	Türkei	_	_	_	_	_	
18-10	2083-2092	gemeinsam	O	O	ADJD	_	_	
18-11	2093-2095	an	_	_	_	_	_	
18-12	2096-2099	der	_	_	_	_	_	
18-13	2100-2109	Umsetzung	O	O	NN	_	_	
18-14	2110-2113	der	_	_	_	_	_	
18-15	2114-2124	Waffenruhe	O	O	NN	_	_	
18-16	2125-2133	arbeiten	O	O	VVINF	_	_	
18-17	2134-2140	werden	_	_	_	_	_	
18-18	2140-2141	.	_	_	_	_	_	
18-19	2141-2142	
	_	_	_	_	_	

#Text=Insgesamt ist die vereinbarte Waffenruhe in Nordsyrien ein erster Schritt zur Deeskalation des Konflikts in der Region.
#Text=
19-1	2142-2151	Insgesamt	_	_	_	_	_	
19-2	2152-2155	ist	_	_	_	_	_	
19-3	2156-2159	die	_	_	_	_	_	
19-4	2160-2171	vereinbarte	O	O	ADJA	_	_	
19-5	2172-2182	Waffenruhe	O	O	NN	_	_	
19-6	2183-2185	in	_	_	_	_	_	
19-7	2186-2196	Nordsyrien	_	_	_	_	_	
19-8	2197-2200	ein	_	_	_	_	_	
19-9	2201-2207	erster	O	O	ADJA	_	_	
19-10	2208-2215	Schritt	KON	MRW	NN	_	_	
19-11	2216-2219	zur	_	_	_	_	_	
19-12	2220-2232	Deeskalation	O	O	NN	_	_	
19-13	2233-2236	des	_	_	_	_	_	
19-14	2237-2246	Konflikts	O	O	NN	_	_	
19-15	2247-2249	in	_	_	_	_	_	
19-16	2250-2253	der	_	_	_	_	_	
19-17	2254-2260	Region	O	O	NN	_	_	
19-18	2260-2261	.	_	_	_	_	_	
19-19	2261-2262	
	_	_	_	_	_	

#Text=Die internationale Gemeinschaft fordert eine langfristige politische Lösung, die die Interessen aller beteiligten Parteien berücksichtigt.
#Text=
20-1	2262-2265	Die	_	_	_	_	_	
20-2	2266-2280	internationale	O	O	ADJA	_	_	
20-3	2281-2293	Gemeinschaft	O	O	NN	_	_	
20-4	2294-2301	fordert	O	O	VVFIN	_	_	
20-5	2302-2306	eine	_	_	_	_	_	
20-6	2307-2319	langfristige	O	O	ADJA	_	_	
20-7	2320-2330	politische	O	O	ADJA	_	_	
20-8	2331-2337	Lösung	KON	MRW	NN	_	_	
20-9	2337-2338	,	_	_	_	_	_	
20-10	2339-2342	die	_	_	_	_	_	
20-11	2343-2346	die	_	_	_	_	_	
20-12	2347-2357	Interessen	O	O	NN	_	_	
20-13	2358-2363	aller	_	_	_	_	_	
20-14	2364-2375	beteiligten	O	O	ADJA	_	_	
20-15	2376-2384	Parteien	O	O	NN	_	_	
20-16	2385-2399	berücksichtigt	O	O	VVPP	_	_	
20-17	2399-2400	.	_	_	_	_	_	
20-18	2400-2401	
	_	_	_	_	_	

#Text=US-Vizepräsident Pence betonte nach dem Treffen mit Erdoğan, dass der Kampf gegen den IS fortgesetzt werde und dass die Stabilität in der Region gesichert werden müsse.
#Text=
21-1	2401-2417	US-Vizepräsident	_	_	_	_	_	
21-2	2418-2423	Pence	_	_	_	_	_	
21-3	2424-2431	betonte	KON	MRW	VVFIN	_	_	
21-4	2432-2436	nach	_	_	_	_	_	
21-5	2437-2440	dem	_	_	_	_	_	
21-6	2441-2448	Treffen	O	O	NN	_	_	
21-7	2449-2452	mit	_	_	_	_	_	
21-8	2453-2460	Erdoğan	_	_	_	_	_	
21-9	2460-2461	,	_	_	_	_	_	
21-10	2462-2466	dass	_	_	_	_	_	
21-11	2467-2470	der	_	_	_	_	_	
21-12	2471-2476	Kampf	O	O	NN	_	_	
21-13	2477-2482	gegen	_	_	_	_	_	
21-14	2483-2486	den	_	_	_	_	_	
21-15	2487-2489	IS	_	_	_	_	_	
21-16	2490-2501	fortgesetzt	O	O	VVPP	_	_	
21-17	2502-2507	werde	_	_	_	_	_	
21-18	2508-2511	und	_	_	_	_	_	
21-19	2512-2516	dass	_	_	_	_	_	
21-20	2517-2520	die	_	_	_	_	_	
21-21	2521-2531	Stabilität	KON	MRW	NN	_	_	
21-22	2532-2534	in	_	_	_	_	_	
21-23	2535-2538	der	_	_	_	_	_	
21-24	2539-2545	Region	O	O	NN	_	_	
21-25	2546-2555	gesichert	KON	MRW	VVPP	_	_	
21-26	2556-2562	werden	_	_	_	_	_	
21-27	2563-2568	müsse	_	_	_	_	_	
21-28	2568-2569	.	_	_	_	_	_	
21-29	2569-2570	
	_	_	_	_	_	
