#FORMAT=WebAnno TSV 3.3
#T_SP=webanno.custom.Metaphors|Conventionality|Metaphern
#T_SP=webanno.custom.POS|pos_tag


#Text=Am 17. Oktober 2019 einigten sich die Türkei und die USA auf eine fünftägige Waffenruhe in Nordsyrien.
#Text=
1-1	0-2	Am	_	_	_	
1-2	3-6	17.	_	_	_	
1-3	7-14	Oktober	O	O	NN	
1-4	15-19	2019	_	_	_	
1-5	20-28	einigten	O	O	VVFIN	
1-6	29-33	sich	_	_	_	
1-7	34-37	die	_	_	_	
1-8	38-44	Türkei	_	_	_	
1-9	45-48	und	_	_	_	
1-10	49-52	die	_	_	_	
1-11	53-56	USA	_	_	_	
1-12	57-60	auf	_	_	_	
1-13	61-65	eine	_	_	_	
1-14	66-76	fünftägige	O	O	ADJA	
1-15	77-87	Waffenruhe	O	O	NN	
1-16	88-90	in	_	_	_	
1-17	91-101	Nordsyrien	_	_	_	
1-18	101-102	.	_	_	_	
1-19	102-103	
	_	_	_	

#Text=Diese Entscheidung wurde nach intensiven Gesprächen zwischen dem türkischen Präsidenten Recep Tayyip Erdoğan und dem US-Vizepräsidenten Mike Pence getroffen.
#Text=
2-1	103-108	Diese	_	_	_	
2-2	109-121	Entscheidung	O	O	NN	
2-3	122-127	wurde	_	_	_	
2-4	128-132	nach	_	_	_	
2-5	133-143	intensiven	O	O	ADJA	
2-6	144-154	Gesprächen	O	O	NN	
2-7	155-163	zwischen	_	_	_	
2-8	164-167	dem	_	_	_	
2-9	168-178	türkischen	O	O	ADJA	
2-10	179-190	Präsidenten	O	O	NN	
2-11	191-196	Recep	_	_	_	
2-12	197-203	Tayyip	_	_	_	
2-13	204-211	Erdoğan	_	_	_	
2-14	212-215	und	_	_	_	
2-15	216-219	dem	_	_	_	
2-16	220-238	US-Vizepräsidenten	_	_	_	
2-17	239-243	Mike	_	_	_	
2-18	244-249	Pence	_	_	_	
2-19	250-259	getroffen	O	O	VVPP	
2-20	259-260	.	_	_	_	
2-21	260-261	
	_	_	_	

#Text=Der behelfsmäßige Waffenstillstand soll den Rückzug der kurdischen YPG-Truppen aus der kritischen Grenzregion ermöglichen und eine weitere Eskalation des Konflikts verhindern.
#Text=
3-1	261-264	Der	_	_	_	
3-2	265-278	behelfsmäßige	O	O	ADJA	
3-3	279-295	Waffenstillstand	O	O	NN	
3-4	296-300	soll	_	_	_	
3-5	301-304	den	_	_	_	
3-6	305-312	Rückzug	O	O	NN	
3-7	313-316	der	_	_	_	
3-8	317-327	kurdischen	O	O	ADJA	
3-9	328-339	YPG-Truppen	_	_	_	
3-10	340-343	aus	_	_	_	
3-11	344-347	der	_	_	_	
3-12	348-358	kritischen	O	O	ADJA	
3-13	359-370	Grenzregion	O	O	NN	
3-14	371-382	ermöglichen	O	O	VVINF	
3-15	383-386	und	_	_	_	
3-16	387-391	eine	_	_	_	
3-17	392-399	weitere	O	O	ADJA	
3-18	400-410	Eskalation	O	O	NN	
3-19	411-414	des	_	_	_	
3-20	415-424	Konflikts	O	O	NN	
3-21	425-435	verhindern	O	PERS	VVINF	
3-22	435-436	.	_	_	_	
3-23	436-437	
	_	_	_	

#Text=In einer Pressekonferenz nach dem Treffen erläuterte Pence die Einzelheiten der Vereinbarung.
#Text=
4-1	437-439	In	_	_	_	
4-2	440-445	einer	_	_	_	
4-3	446-461	Pressekonferenz	O	O	NN	
4-4	462-466	nach	_	_	_	
4-5	467-470	dem	_	_	_	
4-6	471-478	Treffen	O	O	NN	
4-7	479-489	erläuterte	O	O	VVFIN	
4-8	490-495	Pence	_	_	_	
4-9	496-499	die	_	_	_	
4-10	500-512	Einzelheiten	O	O	NN	
4-11	513-516	der	_	_	_	
4-12	517-529	Vereinbarung	O	O	NN	
4-13	529-530	.	_	_	_	
4-14	530-531	
	_	_	_	

#Text="Wir haben in den letzten fünf Stunden eine sehr intensive, aber produktive Diskussion geführt", sagte Pence.
#Text=
5-1	531-532	"	_	_	_	
5-2	532-535	Wir	_	_	_	
5-3	536-541	haben	_	_	_	
5-4	542-544	in	_	_	_	
5-5	545-548	den	_	_	_	
5-6	549-556	letzten	KON	MRW	ADJA	
5-7	557-561	fünf	_	_	_	
5-8	562-569	Stunden	O	O	NN	
5-9	570-574	eine	_	_	_	
5-10	575-579	sehr	_	_	_	
5-11	580-589	intensive	O	O	ADJA	
5-12	589-590	,	_	_	_	
5-13	591-595	aber	_	_	_	
5-14	596-606	produktive	O	O	ADJA	
5-15	607-617	Diskussion	O	O	NN	
5-16	618-625	geführt	O	WIDLII	VVPP	
5-17	625-626	"	_	_	_	
5-18	626-627	,	_	_	_	
5-19	628-633	sagte	O	O	VVFIN	
5-20	634-639	Pence	_	_	_	
5-21	639-640	.	_	_	_	
5-22	640-641	
	_	_	_	

#Text="Beide Seiten haben sich darauf verständigt, dass die militärischen Operationen der Türkei in Nordsyrien für 120 Stunden ausgesetzt werden, bis der Rückzug der YPG abgeschlossen ist."
#Text=
6-1	641-642	"	_	_	_	
6-2	642-647	Beide	_	_	_	
6-3	648-654	Seiten	KON	MRW	NN	
6-4	655-660	haben	_	_	_	
6-5	661-665	sich	_	_	_	
6-6	666-672	darauf	_	_	_	
6-7	673-684	verständigt	O	O	VVPP	
6-8	684-685	,	_	_	_	
6-9	686-690	dass	_	_	_	
6-10	691-694	die	_	_	_	
6-11	695-708	militärischen	O	O	ADJA	
6-12	709-720	Operationen	O	O	NN	
6-13	721-724	der	_	_	_	
6-14	725-731	Türkei	_	_	_	
6-15	732-734	in	_	_	_	
6-16	735-745	Nordsyrien	_	_	_	
6-17	746-749	für	_	_	_	
6-18	750-753	120	_	_	_	
6-19	754-761	Stunden	O	O	NN	
6-20	762-772	ausgesetzt	O	O	VVPP	
6-21	773-779	werden	_	_	_	
6-22	779-780	,	_	_	_	
6-23	781-784	bis	_	_	_	
6-24	785-788	der	_	_	_	
6-25	789-796	Rückzug	O	O	NN	
6-26	797-800	der	_	_	_	
6-27	801-804	YPG	_	_	_	
6-28	805-818	abgeschlossen	O	WIDLII	VVPP	
6-29	819-822	ist	_	_	_	
6-30	822-823	.	_	_	_	
6-31	823-824	"	_	_	_	
6-32	824-825	
	_	_	_	

#Text=Als Teil der Vereinbarung haben die USA zudem zugesagt, keine weiteren Wirtschaftssanktionen gegen die Türkei zu verhängen, solange die Waffenruhe eingehalten wird.
#Text=
7-1	825-828	Als	_	_	_	
7-2	829-833	Teil	KON	MRW	NN	
7-3	834-837	der	_	_	_	
7-4	838-850	Vereinbarung	O	O	NN	
7-5	851-856	haben	_	_	_	
7-6	857-860	die	_	_	_	
7-7	861-864	USA	_	_	_	
7-8	865-870	zudem	_	_	_	
7-9	871-879	zugesagt	O	O	VVPP	
7-10	879-880	,	_	_	_	
7-11	881-886	keine	_	_	_	
7-12	887-895	weiteren	O	O	ADJA	
7-13	896-917	Wirtschaftssanktionen	O	O	NN	
7-14	918-923	gegen	_	_	_	
7-15	924-927	die	_	_	_	
7-16	928-934	Türkei	_	_	_	
7-17	935-937	zu	_	_	_	
7-18	938-947	verhängen	KON	MRW	VVINF	
7-19	947-948	,	_	_	_	
7-20	949-956	solange	_	_	_	
7-21	957-960	die	_	_	_	
7-22	961-971	Waffenruhe	O	O	NN	
7-23	972-983	eingehalten	O	O	VVPP	
7-24	984-988	wird	_	_	_	
7-25	988-989	.	_	_	_	
7-26	989-990	
	_	_	_	

#Text=Erdoğans Regierung betrachtet die YPG als einen Ableger der in der Türkei verbotenen Arbeiterpartei Kurdistans (PKK) und sieht in ihr eine Bedrohung der nationalen Sicherheit.
#Text=
8-1	990-998	Erdoğans	_	_	_	
8-2	999-1008	Regierung	O	O	NN	
8-3	1009-1019	betrachtet	KON	MRW	VVFIN	
8-4	1020-1023	die	_	_	_	
8-5	1024-1027	YPG	_	_	_	
8-6	1028-1031	als	_	_	_	
8-7	1032-1037	einen	_	_	_	
8-8	1038-1045	Ableger	KON	MRW	NN	
8-9	1046-1049	der	_	_	_	
8-10	1050-1052	in	_	_	_	
8-11	1053-1056	der	_	_	_	
8-12	1057-1063	Türkei	_	_	_	
8-13	1064-1074	verbotenen	O	O	ADJA	
8-14	1075-1089	Arbeiterpartei	O	O	NN	
8-15	1090-1100	Kurdistans	_	_	_	
8-16	1101-1102	(	_	_	_	
8-17	1102-1105	PKK	_	_	_	
8-18	1105-1106	)	_	_	_	
8-19	1107-1110	und	_	_	_	
8-20	1111-1116	sieht	KON	MRW	VVFIN	
8-21	1117-1119	in	_	_	_	
8-22	1120-1123	ihr	_	_	_	
8-23	1124-1128	eine	_	_	_	
8-24	1129-1138	Bedrohung	O	O	NN	
8-25	1139-1142	der	_	_	_	
8-26	1143-1153	nationalen	O	O	ADJA	
8-27	1154-1164	Sicherheit	O	O	NN	
8-28	1164-1165	.	_	_	_	
8-29	1165-1166	
	_	_	_	

#Text=Daher hatte die Türkei am 9. Oktober eine Militäroffensive in Nordsyrien gestartet, um eine "Sicherheitszone" entlang der Grenze einzurichten.
#Text=
9-1	1166-1171	Daher	_	_	_	
9-2	1172-1177	hatte	_	_	_	
9-3	1178-1181	die	_	_	_	
9-4	1182-1188	Türkei	_	_	_	
9-5	1189-1191	am	_	_	_	
9-6	1192-1194	9.	_	_	_	
9-7	1195-1202	Oktober	O	O	NN	
9-8	1203-1207	eine	_	_	_	
9-9	1208-1224	Militäroffensive	_	_	NN	
9-9.1	1208-1215	Militär	O	O	_	
9-9.2	1215-1224	offensive	O	O	_	
9-10	1225-1227	in	_	_	_	
9-11	1228-1238	Nordsyrien	_	_	_	
9-12	1239-1248	gestartet	O	O	VVPP	
9-13	1248-1249	,	_	_	_	
9-14	1250-1252	um	_	_	_	
9-15	1253-1257	eine	_	_	_	
9-16	1258-1259	"	_	_	_	
9-17	1259-1274	Sicherheitszone	O	O	NN	
9-18	1274-1275	"	_	_	_	
9-19	1276-1283	entlang	_	_	_	
9-20	1284-1287	der	_	_	_	
9-21	1288-1294	Grenze	O	O	NN	
9-22	1295-1307	einzurichten	O	O	VVIZU	
9-23	1307-1308	.	_	_	_	
9-24	1308-1309	
	_	_	_	

#Text=Diese Zone soll sowohl die Sicherheit der Türkei gewährleisten als auch Platz für die Rückführung von syrischen Flüchtlingen schaffen.
#Text=
10-1	1309-1314	Diese	_	_	_	
10-2	1315-1319	Zone	O	O	NN	
10-3	1320-1324	soll	_	_	_	
10-4	1325-1331	sowohl	_	_	_	
10-5	1332-1335	die	_	_	_	
10-6	1336-1346	Sicherheit	O	O	NN	
10-7	1347-1350	der	_	_	_	
10-8	1351-1357	Türkei	_	_	_	
10-9	1358-1371	gewährleisten	O	O	VVINF	
10-10	1372-1375	als	_	_	_	
10-11	1376-1380	auch	_	_	_	
10-12	1381-1386	Platz	O	O	NN	
10-13	1387-1390	für	_	_	_	
10-14	1391-1394	die	_	_	_	
10-15	1395-1406	Rückführung	O	O	NN	
10-16	1407-1410	von	_	_	_	
10-17	1411-1420	syrischen	O	O	ADJA	
10-18	1421-1433	Flüchtlingen	O	O	NN	
10-19	1434-1442	schaffen	O	O	VVINF	
10-20	1442-1443	.	_	_	_	
10-21	1443-1444	
	_	_	_	

#Text=Der militärische Vormarsch der Türkei hatte jedoch international für erhebliche Kritik gesorgt.
#Text=
11-1	1444-1447	Der	_	_	_	
11-2	1448-1460	militärische	O	O	ADJA	
11-3	1461-1470	Vormarsch	O	O	NN	
11-4	1471-1474	der	_	_	_	
11-5	1475-1481	Türkei	_	_	_	
11-6	1482-1487	hatte	_	_	_	
11-7	1488-1494	jedoch	_	_	_	
11-8	1495-1508	international	O	O	ADJD	
11-9	1509-1512	für	_	_	_	
11-10	1513-1523	erhebliche	O	O	ADJA	
11-11	1524-1530	Kritik	O	O	NN	
11-12	1531-1538	gesorgt	O	WIDLII	VVPP	
11-13	1538-1539	.	_	_	_	
11-14	1539-1540	
	_	_	_	

#Text=Insbesondere die USA, die lange Zeit als Schutzmacht der kurdischen Kämpfer in der Region agiert hatten, standen unter Druck, eine diplomatische Lösung zu finden.
#Text=
12-1	1540-1552	Insbesondere	_	_	_	
12-2	1553-1556	die	_	_	_	
12-3	1557-1560	USA	_	_	_	
12-4	1560-1561	,	_	_	_	
12-5	1562-1565	die	_	_	_	
12-6	1566-1571	lange	KON	MRW	ADJA	
12-7	1572-1576	Zeit	O	O	NN	
12-8	1577-1580	als	_	_	_	
12-9	1581-1592	Schutzmacht	O	O	NN	
12-10	1593-1596	der	_	_	_	
12-11	1597-1607	kurdischen	O	O	ADJA	
12-12	1608-1615	Kämpfer	O	O	NN	
12-13	1616-1618	in	_	_	_	
12-14	1619-1622	der	_	_	_	
12-15	1623-1629	Region	O	O	NN	
12-16	1630-1636	agiert	O	O	VVPP	
12-17	1637-1643	hatten	_	_	_	
12-18	1643-1644	,	_	_	_	
12-19	1645-1652	standen	O	DFMA	VVFIN	
12-20	1653-1658	unter	_	_	_	
12-21	1659-1664	Druck	KON	MRW	NN	
12-22	1664-1665	,	_	_	_	
12-23	1666-1670	eine	_	_	_	
12-24	1671-1684	diplomatische	O	O	ADJA	
12-25	1685-1691	Lösung	O	O	NN	
12-26	1692-1694	zu	_	_	_	
12-27	1695-1701	finden	KON	MRW	VVINF	
12-28	1701-1702	.	_	_	_	
12-29	1702-1703	
	_	_	_	

#Text=Die Kurden hatten einen wesentlichen Beitrag im Kampf gegen die Terrormiliz "Islamischer Staat" (IS) geleistet und fühlen sich nun von der internationalen Gemeinschaft im Stich gelassen.
#Text=
13-1	1703-1706	Die	_	_	_	
13-2	1707-1713	Kurden	O	O	NN	
13-3	1714-1720	hatten	_	_	_	
13-4	1721-1726	einen	_	_	_	
13-5	1727-1739	wesentlichen	O	O	ADJA	
13-6	1740-1747	Beitrag	O	O	NN	
13-7	1748-1750	im	_	_	_	
13-8	1751-1756	Kampf	O	WIDLII	NN	
13-9	1757-1762	gegen	_	_	_	
13-10	1763-1766	die	_	_	_	
13-11	1767-1778	Terrormiliz	O	O	NN	
13-12	1779-1780	"	_	_	_	
13-13	1780-1791	Islamischer	O	O	ADJA	
13-14	1792-1797	Staat	O	O	NN	
13-15	1797-1798	"	_	_	_	
13-16	1799-1800	(	_	_	_	
13-17	1800-1802	IS	_	_	_	
13-18	1802-1803	)	_	_	_	
13-19	1804-1813	geleistet	O	O	VVPP	
13-20	1814-1817	und	_	_	_	
13-21	1818-1824	fühlen	O	O	VVFIN	
13-22	1825-1829	sich	_	_	_	
13-23	1830-1833	nun	_	_	_	
13-24	1834-1837	von	_	_	_	
13-25	1838-1841	der	_	_	_	
13-26	1842-1857	internationalen	O	O	ADJA	
13-27	1858-1870	Gemeinschaft	O	O	NN	
13-28	1871-1873	im	_	_	_	
13-29	1874-1879	Stich	O	DFMA	NN	
13-30	1880-1888	gelassen	O	DFMA	VVPP	
13-31	1888-1889	.	_	_	_	
13-32	1889-1890	
	_	_	_	

#Text=Neben der Verlautbarung des Waffenstillstands betonte Pence die Bedeutung des Dialogs und der Zusammenarbeit zwischen den USA und der Türkei.
#Text=
14-1	1890-1895	Neben	_	_	_	
14-2	1896-1899	der	_	_	_	
14-3	1900-1913	Verlautbarung	O	O	NN	
14-4	1914-1917	des	_	_	_	
14-5	1918-1935	Waffenstillstands	O	O	NN	
14-6	1936-1943	betonte	KON	MRW	VVFIN	
14-7	1944-1949	Pence	_	_	_	
14-8	1950-1953	die	_	_	_	
14-9	1954-1963	Bedeutung	O	O	NN	
14-10	1964-1967	des	_	_	_	
14-11	1968-1975	Dialogs	O	O	NN	
14-12	1976-1979	und	_	_	_	
14-13	1980-1983	der	_	_	_	
14-14	1984-1998	Zusammenarbeit	O	O	NN	
14-15	1999-2007	zwischen	_	_	_	
14-16	2008-2011	den	_	_	_	
14-17	2012-2015	USA	_	_	_	
14-18	2016-2019	und	_	_	_	
14-19	2020-2023	der	_	_	_	
14-20	2024-2030	Türkei	_	_	_	
14-21	2030-2031	.	_	_	_	
14-22	2031-2032	
	_	_	_	

#Text="Wir sehen diese Vereinbarung als einen entscheidenden Schritt zur Beilegung des Konflikts in der Region", sagte er.
#Text=
15-1	2032-2033	"	_	_	_	
15-2	2033-2036	Wir	_	_	_	
15-3	2037-2042	sehen	KON	MRW	VVFIN	
15-4	2043-2048	diese	_	_	_	
15-5	2049-2061	Vereinbarung	O	O	NN	
15-6	2062-2065	als	_	_	_	
15-7	2066-2071	einen	_	_	_	
15-8	2072-2086	entscheidenden	O	O	ADJA	
15-9	2087-2094	Schritt	KON	MRW	NN	
15-10	2095-2098	zur	_	_	_	
15-11	2099-2108	Beilegung	O	O	NN	
15-12	2109-2112	des	_	_	_	
15-13	2113-2122	Konflikts	O	O	NN	
15-14	2123-2125	in	_	_	_	
15-15	2126-2129	der	_	_	_	
15-16	2130-2136	Region	O	O	NN	
15-17	2136-2137	"	_	_	_	
15-18	2137-2138	,	_	_	_	
15-19	2139-2144	sagte	O	O	VVFIN	
15-20	2145-2147	er	_	_	_	
15-21	2147-2148	.	_	_	_	
15-22	2148-2149	
	_	_	_	

#Text="Die USA werden weiterhin daran arbeiten, eine dauerhafte und friedliche Lösung für Nordsyrien zu finden.
#Text=
16-1	2149-2150	"	_	_	_	
16-2	2150-2153	Die	_	_	_	
16-3	2154-2157	USA	_	_	_	
16-4	2158-2164	werden	_	_	_	
16-5	2165-2174	weiterhin	_	_	_	
16-6	2175-2180	daran	_	_	_	
16-7	2181-2189	arbeiten	O	O	VVINF	
16-8	2189-2190	,	_	_	_	
16-9	2191-2195	eine	_	_	_	
16-10	2196-2206	dauerhafte	O	O	ADJA	
16-11	2207-2210	und	_	_	_	
16-12	2211-2221	friedliche	O	O	ADJA	
16-13	2222-2228	Lösung	O	O	NN	
16-14	2229-2232	für	_	_	_	
16-15	2233-2243	Nordsyrien	_	_	_	
16-16	2244-2246	zu	_	_	_	
16-17	2247-2253	finden	KON	MRW	VVINF	
16-18	2253-2254	.	_	_	_	
16-19	2254-2255	
	_	_	_	

#Text="Beobachter warnen jedoch, dass die Zukunft der Region nach Ablauf der Waffenruhe ungewiss bleibt.
#Text=
17-1	2255-2256	"	_	_	_	
17-2	2256-2266	Beobachter	O	O	NN	
17-3	2267-2273	warnen	O	O	VVFIN	
17-4	2274-2280	jedoch	_	_	_	
17-5	2280-2281	,	_	_	_	
17-6	2282-2286	dass	_	_	_	
17-7	2287-2290	die	_	_	_	
17-8	2291-2298	Zukunft	O	O	NN	
17-9	2299-2302	der	_	_	_	
17-10	2303-2309	Region	O	O	NN	
17-11	2310-2314	nach	_	_	_	
17-12	2315-2321	Ablauf	O	O	NN	
17-13	2322-2325	der	_	_	_	
17-14	2326-2336	Waffenruhe	O	O	NN	
17-15	2337-2345	ungewiss	O	O	ADJD	
17-16	2346-2352	bleibt	O	O	VVFIN	
17-17	2352-2353	.	_	_	_	
17-18	2353-2354	
	_	_	_	

#Text=Viel wird davon abhängen, wie alle beteiligten Akteure weiterhin auf die komplexe Situation reagieren.
#Text=
18-1	2354-2358	Viel	_	_	_	
18-2	2359-2363	wird	_	_	_	
18-3	2364-2369	davon	_	_	_	
18-4	2370-2378	abhängen	KON	MRW	VVINF	
18-5	2378-2379	,	_	_	_	
18-6	2380-2383	wie	_	_	_	
18-7	2384-2388	alle	_	_	_	
18-8	2389-2400	beteiligten	O	O	ADJA	
18-9	2401-2408	Akteure	O	O	NN	
18-10	2409-2418	weiterhin	_	_	_	
18-11	2419-2422	auf	_	_	_	
18-12	2423-2426	die	_	_	_	
18-13	2427-2435	komplexe	O	O	ADJA	
18-14	2436-2445	Situation	O	O	NN	
18-15	2446-2455	reagieren	KON	MRW	VVINF	
18-16	2455-2456	.	_	_	_	
18-17	2456-2457	
	_	_	_	
