#FORMAT=WebAnno TSV 3.3
#T_SP=webanno.custom.Metaphors|Conventionality|Metaphern
#T_SP=webanno.custom.POS|pos_tag
#T_RL=webanno.custom.UnitofAnalysis|bidirectionalrelation|BT_webanno.custom.Metaphors


#Text=Bei den Anti-Regierungsprotesten in Hongkong ist erneut ein Demonstrant von einem Polizisten angeschossen worden.
#Text=
1-1	0-3	Bei	_	_	_	_	_	
1-2	4-7	den	_	_	_	_	_	
1-3	8-32	Anti-Regierungsprotesten	_	_	NN	_	_	
1-3.1	8-23	Anti-Regierungs	O	O	_	_	_	
1-3.2	23-32	protesten	O	O	_	_	_	
1-4	33-35	in	_	_	_	_	_	
1-5	36-44	Hongkong	_	_	_	_	_	
1-6	45-48	ist	_	_	_	_	_	
1-7	49-55	erneut	O	O	ADJD	_	_	
1-8	56-59	ein	_	_	_	_	_	
1-9	60-71	Demonstrant	O	O	NN	_	_	
1-10	72-75	von	_	_	_	_	_	
1-11	76-81	einem	_	_	_	_	_	
1-12	82-92	Polizisten	O	O	NN	_	_	
1-13	93-105	angeschossen	O	O	VVPP	_	_	
1-14	106-112	worden	_	_	_	_	_	
1-15	112-113	.	_	_	_	_	_	
1-16	113-114	
	_	_	_	_	_	

#Text=Wie Hongkongs Krankenhausbehörde am Montag mitteilte, befand sich der junge Mann in einem kritischen Zustand.
#Text=
2-1	114-117	Wie	_	_	_	_	_	
2-2	118-127	Hongkongs	_	_	_	_	_	
2-3	128-146	Krankenhausbehörde	_	_	NN	_	_	
2-3.1	128-139	Krankenhaus	O	O	_	_	_	
2-3.2	139-146	behörde	O	O	_	_	_	
2-4	147-149	am	_	_	_	_	_	
2-5	150-156	Montag	O	O	NN	_	_	
2-6	157-166	mitteilte	O	O	VVFIN	_	_	
2-7	166-167	,	_	_	_	_	_	
2-8	168-174	befand	KON	MRW	VVFIN	_	_	
2-9	175-179	sich	_	_	_	_	_	
2-10	180-183	der	_	_	_	_	_	
2-11	184-189	junge	O	O	ADJA	_	_	
2-12	190-194	Mann	O	O	NN	_	_	
2-13	195-197	in	_	_	_	_	_	
2-14	198-203	einem	_	_	_	_	_	
2-15	204-214	kritischen	O	O	ADJA	_	_	
2-16	215-222	Zustand	O	O	NN	_	_	
2-17	222-223	.	_	_	_	_	_	
2-18	223-224	
	_	_	_	_	_	

#Text=Wie die Hongkonger Zeitung South China Morning Post berichtete, wurde der 21-Jährige am Montagmorgen in den Oberkörper getroffen.
#Text=
3-1	224-227	Wie	_	_	_	_	_	
3-2	228-231	die	_	_	_	_	_	
3-3	232-242	Hongkonger	O	O	ADJA	_	_	
3-4	243-250	Zeitung	O	O	NN	_	_	
3-5	251-256	South	_	_	_	_	_	
3-6	257-262	China	_	_	_	_	_	
3-7	263-270	Morning	_	_	_	_	_	
3-8	271-275	Post	_	_	_	_	_	
3-9	276-286	berichtete	O	O	VVFIN	_	_	
3-10	286-287	,	_	_	_	_	_	
3-11	288-293	wurde	_	_	_	_	_	
3-12	294-297	der	_	_	_	_	_	
3-13	298-308	21-Jährige	_	_	_	_	_	
3-14	309-311	am	_	_	_	_	_	
3-15	312-324	Montagmorgen	O	O	NN	_	_	
3-16	325-327	in	_	_	_	_	_	
3-17	328-331	den	_	_	_	_	_	
3-18	332-342	Oberkörper	O	O	NN	_	_	
3-19	343-352	getroffen	O	O	VVPP	_	_	
3-20	352-353	.	_	_	_	_	_	
3-21	353-354	
	_	_	_	_	_	

#Text=Auf einem in sozialen Netzwerken geteilten Video ist zu sehen, wie ein Polizist zunächst aus nächster Nähe seine Waffe auf einen Demonstranten richtet.
#Text=
4-1	354-357	Auf	_	_	_	_	_	
4-2	358-363	einem	_	_	_	_	_	
4-3	364-366	in	_	_	_	_	_	
4-4	367-375	sozialen	O	O	ADJA	_	_	
4-5	376-386	Netzwerken	KON	MRW	NN	_	_	
4-6	387-396	geteilten	KON	MRW	ADJA	_	_	
4-7	397-402	Video	O	O	NN	_	_	
4-8	403-406	ist	_	_	_	_	_	
4-9	407-409	zu	_	_	_	_	_	
4-10	410-415	sehen	O	O	VVINF	_	_	
4-11	415-416	,	_	_	_	_	_	
4-12	417-420	wie	_	_	_	_	_	
4-13	421-424	ein	_	_	_	_	_	
4-14	425-433	Polizist	O	O	NN	_	_	
4-15	434-442	zunächst	_	_	_	_	_	
4-16	443-446	aus	_	_	_	_	_	
4-17	447-455	nächster	O	O	ADJA	_	_	
4-18	456-460	Nähe	O	O	NN	_	_	
4-19	461-466	seine	_	_	_	_	_	
4-20	467-472	Waffe	O	O	NN	_	_	
4-21	473-476	auf	_	_	_	_	_	
4-22	477-482	einen	_	_	_	_	_	
4-23	483-496	Demonstranten	O	O	NN	_	_	
4-24	497-504	richtet	O	O	VVFIN	_	_	
4-25	504-505	.	_	_	_	_	_	
4-26	505-506	
	_	_	_	_	_	

#Text=Es kommt zu einem Handgemenge.
#Text=
5-1	506-508	Es	_	_	_	_	_	
5-2	509-514	kommt	O	WIDLII	VVFIN	_	_	
5-3	515-517	zu	_	_	_	_	_	
5-4	518-523	einem	_	_	_	_	_	
5-5	524-535	Handgemenge	O	O	NN	_	_	
5-6	535-536	.	_	_	_	_	_	
5-7	536-537	
	_	_	_	_	_	

#Text=Als von der Seite ein weiterer Demonstrant auf den Beamten zukommt, schießt er auf diesen und feuert zwei weitere Schüsse in eine andere Richtung ab.
#Text=
6-1	537-540	Als	_	_	_	_	_	
6-2	541-544	von	_	_	_	_	_	
6-3	545-548	der	_	_	_	_	_	
6-4	549-554	Seite	O	O	NN	_	_	
6-5	555-558	ein	_	_	_	_	_	
6-6	559-567	weiterer	O	O	ADJA	_	_	
6-7	568-579	Demonstrant	O	O	NN	_	_	
6-8	580-583	auf	_	_	_	_	_	
6-9	584-587	den	_	_	_	_	_	
6-10	588-595	Beamten	O	O	NN	_	_	
6-11	596-603	zukommt	O	O	VVFIN	_	_	
6-12	603-604	,	_	_	_	_	_	
6-13	605-612	schießt	O	O	VVFIN	_	_	
6-14	613-615	er	_	_	_	_	_	
6-15	616-619	auf	_	_	_	_	_	
6-16	620-626	diesen	_	_	_	_	_	
6-17	627-630	und	_	_	_	_	_	
6-18	631-637	feuert	O	O	VVFIN	_	_	
6-19	638-642	zwei	_	_	_	_	_	
6-20	643-650	weitere	O	O	ADJA	_	_	
6-21	651-658	Schüsse	O	O	NN	_	_	
6-22	659-661	in	_	_	_	_	_	
6-23	662-666	eine	_	_	_	_	_	
6-24	667-673	andere	O	O	ADJA	_	_	
6-25	674-682	Richtung	O	O	NN	_	_	
6-26	683-685	ab	O	O	PTKVZ	belong together	6-18	
6-27	685-686	.	_	_	_	_	_	
6-28	686-687	
	_	_	_	_	_	

#Text=Die Polizei bestätigte den Vorfall und gab an, dass Beamte auch an zwei weiteren Orten in der Stadt am Montag ihre Dienstwaffe gezogen hätten.
#Text=
7-1	687-690	Die	_	_	_	_	_	
7-2	691-698	Polizei	O	O	NN	_	_	
7-3	699-709	bestätigte	O	O	VVFIN	_	_	
7-4	710-713	den	_	_	_	_	_	
7-5	714-721	Vorfall	O	O	NN	_	_	
7-6	722-725	und	_	_	_	_	_	
7-7	726-729	gab	O	O	VVFIN	_	_	
7-8	730-732	an	O	O	PTKVZ	belong together	7-7	
7-9	732-733	,	_	_	_	_	_	
7-10	734-738	dass	_	_	_	_	_	
7-11	739-745	Beamte	O	O	NN	_	_	
7-12	746-750	auch	_	_	_	_	_	
7-13	751-753	an	_	_	_	_	_	
7-14	754-758	zwei	_	_	_	_	_	
7-15	759-767	weiteren	O	O	ADJA	_	_	
7-16	768-773	Orten	O	O	NN	_	_	
7-17	774-776	in	_	_	_	_	_	
7-18	777-780	der	_	_	_	_	_	
7-19	781-786	Stadt	O	O	NN	_	_	
7-20	787-789	am	_	_	_	_	_	
7-21	790-796	Montag	O	O	NN	_	_	
7-22	797-801	ihre	_	_	_	_	_	
7-23	802-813	Dienstwaffe	O	O	NN	_	_	
7-24	814-821	gezogen	O	O	VVPP	_	_	
7-25	822-828	hätten	_	_	_	_	_	
7-26	828-829	.	_	_	_	_	_	
7-27	829-830	
	_	_	_	_	_	

#Text=Verantwortlich dafür seien die illegalen Taten der "Randalierer" gewesen.
#Text=
8-1	830-844	Verantwortlich	O	O	ADJD	_	_	
8-2	845-850	dafür	_	_	_	_	_	
8-3	851-856	seien	_	_	_	_	_	
8-4	857-860	die	_	_	_	_	_	
8-5	861-870	illegalen	O	O	ADJA	_	_	
8-6	871-876	Taten	O	O	NN	_	_	
8-7	877-880	der	_	_	_	_	_	
8-8	881-882	"	_	_	_	_	_	
8-9	882-893	Randalierer	O	O	NN	_	_	
8-10	893-894	"	_	_	_	_	_	
8-11	895-902	gewesen	_	_	_	_	_	
8-12	902-903	.	_	_	_	_	_	
8-13	903-904	
	_	_	_	_	_	

#Text=Seit dem Ausbruch der Anti-Regierungsproteste im Juni war es das dritte Mal, dass ein Demonstrant von der Polizei angeschossen wurde.
#Text=
9-1	904-908	Seit	_	_	_	_	_	
9-2	909-912	dem	_	_	_	_	_	
9-3	913-921	Ausbruch	KON	MRW	NN	_	_	
9-4	922-925	der	_	_	_	_	_	
9-5	926-949	Anti-Regierungsproteste	_	_	NN	_	_	
9-5.1	926-941	Anti-Regierungs	O	O	_	_	_	
9-5.2	941-949	proteste	O	O	_	_	_	
9-6	950-952	im	_	_	_	_	_	
9-7	953-957	Juni	O	O	NN	_	_	
9-8	958-961	war	_	_	_	_	_	
9-9	962-964	es	_	_	_	_	_	
9-10	965-968	das	_	_	_	_	_	
9-11	969-975	dritte	O	O	ADJA	_	_	
9-12	976-979	Mal	O	O	NN	_	_	
9-13	979-980	,	_	_	_	_	_	
9-14	981-985	dass	_	_	_	_	_	
9-15	986-989	ein	_	_	_	_	_	
9-16	990-1001	Demonstrant	O	O	NN	_	_	
9-17	1002-1005	von	_	_	_	_	_	
9-18	1006-1009	der	_	_	_	_	_	
9-19	1010-1017	Polizei	O	O	NN	_	_	
9-20	1018-1030	angeschossen	O	O	VVPP	_	_	
9-21	1031-1036	wurde	_	_	_	_	_	
9-22	1036-1037	.	_	_	_	_	_	
9-23	1037-1038	
	_	_	_	_	_	

#Text=Der Vorfall am Montag ereignete sich inmitten einer Welle neuer Zusammenstöße zwischen Demonstranten und der Polizei.
#Text=
10-1	1038-1041	Der	_	_	_	_	_	
10-2	1042-1049	Vorfall	O	O	NN	_	_	
10-3	1050-1052	am	_	_	_	_	_	
10-4	1053-1059	Montag	O	O	NN	_	_	
10-5	1060-1069	ereignete	O	O	VVFIN	_	_	
10-6	1070-1074	sich	_	_	_	_	_	
10-7	1075-1083	inmitten	_	_	_	_	_	
10-8	1084-1089	einer	_	_	_	_	_	
10-9	1090-1095	Welle	KON	MRW	NN	_	_	
10-10	1096-1101	neuer	O	O	ADJA	_	_	
10-11	1102-1115	Zusammenstöße	KON	MRW	NN	_	_	
10-12	1116-1124	zwischen	_	_	_	_	_	
10-13	1125-1138	Demonstranten	O	O	NN	_	_	
10-14	1139-1142	und	_	_	_	_	_	
10-15	1143-1146	der	_	_	_	_	_	
10-16	1147-1154	Polizei	O	O	NN	_	_	
10-17	1154-1155	.	_	_	_	_	_	
10-18	1155-1156	
	_	_	_	_	_	

#Text=Während des morgendlichen Pendlerverkehrs blockierten die Protestierenden an mehreren Orten in der Stadt Straßen, legten Feuer und warfen mit Pflastersteinen.
#Text=
11-1	1156-1163	Während	_	_	_	_	_	
11-2	1164-1167	des	_	_	_	_	_	
11-3	1168-1181	morgendlichen	O	O	ADJA	_	_	
11-4	1182-1197	Pendlerverkehrs	O	O	NN	_	_	
11-5	1198-1209	blockierten	O	O	VVFIN	_	_	
11-6	1210-1213	die	_	_	_	_	_	
11-7	1214-1229	Protestierenden	O	O	NN	_	_	
11-8	1230-1232	an	_	_	_	_	_	
11-9	1233-1241	mehreren	_	_	_	_	_	
11-10	1242-1247	Orten	O	O	NN	_	_	
11-11	1248-1250	in	_	_	_	_	_	
11-12	1251-1254	der	_	_	_	_	_	
11-13	1255-1260	Stadt	O	O	NN	_	_	
11-14	1261-1268	Straßen	O	O	NN	_	_	
11-15	1268-1269	,	_	_	_	_	_	
11-16	1270-1276	legten	KON	MRW	VVFIN	_	_	
11-17	1277-1282	Feuer	O	O	NN	_	_	
11-18	1283-1286	und	_	_	_	_	_	
11-19	1287-1293	warfen	O	O	VVFIN	_	_	
11-20	1294-1297	mit	_	_	_	_	_	
11-21	1298-1313	Pflastersteinen	O	O	NN	_	_	
11-22	1313-1314	.	_	_	_	_	_	
11-23	1314-1315	
	_	_	_	_	_	

#Text=Die Polizei setzte Tränengas und Gummigeschosse ein.
#Text=
12-1	1315-1318	Die	_	_	_	_	_	
12-2	1319-1326	Polizei	O	O	NN	_	_	
12-3	1327-1333	setzte	KON	MRW	VVFIN	_	_	
12-4	1334-1343	Tränengas	O	O	NN	_	_	
12-5	1344-1347	und	_	_	_	_	_	
12-6	1348-1362	Gummigeschosse	_	_	NN	_	_	
12-6.1	1348-1353	Gummi	O	O	_	_	_	
12-6.2	1353-1362	geschosse	O	O	_	_	_	
12-7	1363-1366	ein	KON	MRW	PTKVZ	belong together	12-3	
12-8	1366-1367	.	_	_	_	_	_	
12-9	1367-1368	
	_	_	_	_	_	

#Text=Mehrere Universitäten strichen am Montag den Unterricht.
#Text=
13-1	1368-1375	Mehrere	_	_	_	_	_	
13-2	1376-1389	Universitäten	O	O	NN	_	_	
13-3	1390-1398	strichen	KON	MRW	VVFIN	_	_	
13-4	1399-1401	am	_	_	_	_	_	
13-5	1402-1408	Montag	O	O	NN	_	_	
13-6	1409-1412	den	_	_	_	_	_	
13-7	1413-1423	Unterricht	O	O	NN	_	_	
13-8	1423-1424	.	_	_	_	_	_	
13-9	1424-1425	
	_	_	_	_	_	

#Text=Auch der Nahverkehr wurde eingeschränkt.
#Text=
14-1	1425-1429	Auch	_	_	_	_	_	
14-2	1430-1433	der	_	_	_	_	_	
14-3	1434-1444	Nahverkehr	O	O	NN	_	_	
14-4	1445-1450	wurde	_	_	_	_	_	
14-5	1451-1464	eingeschränkt	O	O	VVPP	_	_	
14-6	1464-1465	.	_	_	_	_	_	
14-7	1465-1466	
	_	_	_	_	_	

#Text=Auslöser: Tod eines Studenten Die Proteste hatten sich nach dem Tod eines Studenten am Freitag erneut verstärkt.
#Text=
15-1	1466-1474	Auslöser	KON	MRW	NN	_	_	
15-2	1474-1475	:	_	_	_	_	_	
15-3	1476-1479	Tod	O	O	NN	_	_	
15-4	1480-1485	eines	_	_	_	_	_	
15-5	1486-1495	Studenten	O	O	NN	_	_	
15-6	1496-1499	Die	_	_	_	_	_	
15-7	1500-1508	Proteste	O	O	NN	_	_	
15-8	1509-1515	hatten	_	_	_	_	_	
15-9	1516-1520	sich	_	_	_	_	_	
15-10	1521-1525	nach	_	_	_	_	_	
15-11	1526-1529	dem	_	_	_	_	_	
15-12	1530-1533	Tod	O	O	NN	_	_	
15-13	1534-1539	eines	_	_	_	_	_	
15-14	1540-1549	Studenten	O	O	NN	_	_	
15-15	1550-1552	am	_	_	_	_	_	
15-16	1553-1560	Freitag	O	O	NN	_	_	
15-17	1561-1567	erneut	O	O	ADJD	_	_	
15-18	1568-1577	verstärkt	KON	MRW	VVPP	_	_	
15-19	1577-1578	.	_	_	_	_	_	
15-20	1578-1579	
	_	_	_	_	_	

#Text=Der 22-Jährige war an seinen schweren Verletzungen gestorben, nachdem er vergangene Woche am Rande von Protesten von einem Parkhaus gestürzt war.
#Text=
16-1	1579-1582	Der	_	_	_	_	_	
16-2	1583-1593	22-Jährige	_	_	_	_	_	
16-3	1594-1597	war	_	_	_	_	_	
16-4	1598-1600	an	_	_	_	_	_	
16-5	1601-1607	seinen	_	_	_	_	_	
16-6	1608-1616	schweren	KON	MRW	ADJA	_	_	
16-7	1617-1629	Verletzungen	O	O	NN	_	_	
16-8	1630-1639	gestorben	O	O	VVPP	_	_	
16-9	1639-1640	,	_	_	_	_	_	
16-10	1641-1648	nachdem	_	_	_	_	_	
16-11	1649-1651	er	_	_	_	_	_	
16-12	1652-1662	vergangene	O	O	ADJA	_	_	
16-13	1663-1668	Woche	O	O	NN	_	_	
16-14	1669-1671	am	_	_	_	_	_	
16-15	1672-1677	Rande	KON	MRW	NN	_	_	
16-16	1678-1681	von	_	_	_	_	_	
16-17	1682-1691	Protesten	O	O	NN	_	_	
16-18	1692-1695	von	_	_	_	_	_	
16-19	1696-1701	einem	_	_	_	_	_	
16-20	1702-1710	Parkhaus	O	O	NN	_	_	
16-21	1711-1719	gestürzt	O	O	VVPP	_	_	
16-22	1720-1723	war	_	_	_	_	_	
16-23	1723-1724	.	_	_	_	_	_	
16-24	1724-1725	
	_	_	_	_	_	

#Text=Auch am Wochenende war es in Hongkong zu Ausschreitungen gekommen.
#Text=
17-1	1725-1729	Auch	_	_	_	_	_	
17-2	1730-1732	am	_	_	_	_	_	
17-3	1733-1743	Wochenende	O	O	NN	_	_	
17-4	1744-1747	war	_	_	_	_	_	
17-5	1748-1750	es	_	_	_	_	_	
17-6	1751-1753	in	_	_	_	_	_	
17-7	1754-1762	Hongkong	_	_	_	_	_	
17-8	1763-1765	zu	_	_	_	_	_	
17-9	1766-1781	Ausschreitungen	O	O	NN	_	_	
17-10	1782-1790	gekommen	O	WIDLII	VVPP	_	_	
17-11	1790-1791	.	_	_	_	_	_	
17-12	1791-1792	
	_	_	_	_	_	

#Text=Am 24. November findet in Hongkong die Bezirksratswahl statt.
#Text=
18-1	1792-1794	Am	_	_	_	_	_	
18-2	1795-1798	24.	_	_	_	_	_	
18-3	1799-1807	November	O	O	NN	_	_	
18-4	1808-1814	findet	O	O	VVFIN	_	_	
18-5	1815-1817	in	_	_	_	_	_	
18-6	1818-1826	Hongkong	_	_	_	_	_	
18-7	1827-1830	die	_	_	_	_	_	
18-8	1831-1846	Bezirksratswahl	O	O	NN	_	_	
18-9	1847-1852	statt	O	O	PTKVZ	belong together	18-4	
18-10	1852-1853	.	_	_	_	_	_	
18-11	1853-1854	
	_	_	_	_	_	

#Text=Das Ergebnis wird als Stimmungstest für die Regierung angesehen.
#Text=
19-1	1854-1857	Das	_	_	_	_	_	
19-2	1858-1866	Ergebnis	O	O	NN	_	_	
19-3	1867-1871	wird	_	_	_	_	_	
19-4	1872-1875	als	_	_	_	_	_	
19-5	1876-1889	Stimmungstest	_	_	NN	_	_	
19-5.1	1876-1885	Stimmungs	O	O	_	_	_	
19-5.2	1885-1889	test	KON	MRW	_	_	_	
19-6	1890-1893	für	_	_	_	_	_	
19-7	1894-1897	die	_	_	_	_	_	
19-8	1898-1907	Regierung	O	O	NN	_	_	
19-9	1908-1917	angesehen	O	O	VVPP	_	_	
19-10	1917-1918	.	_	_	_	_	_	
19-11	1918-1919	
	_	_	_	_	_	

#Text=Prodemokratische Abgeordnete werfen ihr vor, Gewalt zu provozieren, um eine Absage oder Verschiebung der Wahlen zu rechtfertigen.
#Text=
20-1	1919-1935	Prodemokratische	O	O	ADJA	_	_	
20-2	1936-1947	Abgeordnete	O	O	NN	_	_	
20-3	1948-1954	werfen	KON	MRW	VVFIN	_	_	
20-4	1955-1958	ihr	_	_	_	_	_	
20-5	1959-1962	vor	KON	MRW	PTKVZ	belong together	20-3	
20-6	1962-1963	,	_	_	_	_	_	
20-7	1964-1970	Gewalt	O	O	NN	_	_	
20-8	1971-1973	zu	_	_	_	_	_	
20-9	1974-1985	provozieren	O	PERS	VVINF	_	_	
20-10	1985-1986	,	_	_	_	_	_	
20-11	1987-1989	um	_	_	_	_	_	
20-12	1990-1994	eine	_	_	_	_	_	
20-13	1995-2001	Absage	O	O	NN	_	_	
20-14	2002-2006	oder	_	_	_	_	_	
20-15	2007-2019	Verschiebung	KON	MRW	NN	_	_	
20-16	2020-2023	der	_	_	_	_	_	
20-17	2024-2030	Wahlen	O	O	NN	_	_	
20-18	2031-2033	zu	_	_	_	_	_	
20-19	2034-2047	rechtfertigen	O	O	VVINF	_	_	
20-20	2047-2048	.	_	_	_	_	_	
20-21	2048-2049	
	_	_	_	_	_	

#Text=Seit beinahe sechs Monaten wird in Hongkong für mehr Demokratie und gegen eine verstärkte Einflussnahme der Pekinger Regierung demonstriert.
#Text=
21-1	2049-2053	Seit	_	_	_	_	_	
21-2	2054-2061	beinahe	_	_	_	_	_	
21-3	2062-2067	sechs	_	_	_	_	_	
21-4	2068-2075	Monaten	O	O	NN	_	_	
21-5	2076-2080	wird	_	_	_	_	_	
21-6	2081-2083	in	_	_	_	_	_	
21-7	2084-2092	Hongkong	_	_	_	_	_	
21-8	2093-2096	für	_	_	_	_	_	
21-9	2097-2101	mehr	_	_	_	_	_	
21-10	2102-2112	Demokratie	O	O	NN	_	_	
21-11	2113-2116	und	_	_	_	_	_	
21-12	2117-2122	gegen	_	_	_	_	_	
21-13	2123-2127	eine	_	_	_	_	_	
21-14	2128-2138	verstärkte	KON	MRW	ADJA	_	_	
21-15	2139-2152	Einflussnahme	O	O	NN	_	_	
21-16	2153-2156	der	_	_	_	_	_	
21-17	2157-2165	Pekinger	O	O	ADJA	_	_	
21-18	2166-2175	Regierung	O	O	NN	_	_	
21-19	2176-2188	demonstriert	O	O	VVPP	_	_	
21-20	2188-2189	.	_	_	_	_	_	
21-21	2189-2190	
	_	_	_	_	_	

#Text=Die Demonstranten fordern auch unabhängige Untersuchungen wegen Vorwürfen der Polizeigewalt.
#Text=
22-1	2190-2193	Die	_	_	_	_	_	
22-2	2194-2207	Demonstranten	O	O	NN	_	_	
22-3	2208-2215	fordern	O	O	VVFIN	_	_	
22-4	2216-2220	auch	_	_	_	_	_	
22-5	2221-2232	unabhängige	O	O	ADJA	_	_	
22-6	2233-2247	Untersuchungen	O	O	NN	_	_	
22-7	2248-2253	wegen	_	_	_	_	_	
22-8	2254-2263	Vorwürfen	O	O	NN	_	_	
22-9	2264-2267	der	_	_	_	_	_	
22-10	2268-2281	Polizeigewalt	O	O	NN	_	_	
22-11	2281-2282	.	_	_	_	_	_	
22-12	2282-2283	
	_	_	_	_	_	

#Text=Aktivisten zufolge erodiert Hongkongs Autonomie und bürgerliche Freiheit, die der ehemaligen britischen Kolonie bei der Rückgabe an China 1997 zugesagt wurde.
#Text=
23-1	2283-2293	Aktivisten	O	O	NN	_	_	
23-2	2294-2301	zufolge	_	_	_	_	_	
23-3	2302-2310	erodiert	KON	MRW	VVFIN	_	_	
23-4	2311-2320	Hongkongs	_	_	_	_	_	
23-5	2321-2330	Autonomie	O	O	NN	_	_	
23-6	2331-2334	und	_	_	_	_	_	
23-7	2335-2346	bürgerliche	O	O	ADJA	_	_	
23-8	2347-2355	Freiheit	KON	MRW	NN	_	_	
23-9	2355-2356	,	_	_	_	_	_	
23-10	2357-2360	die	_	_	_	_	_	
23-11	2361-2364	der	_	_	_	_	_	
23-12	2365-2375	ehemaligen	O	O	ADJA	_	_	
23-13	2376-2386	britischen	O	O	ADJA	_	_	
23-14	2387-2394	Kolonie	O	O	NN	_	_	
23-15	2395-2398	bei	_	_	_	_	_	
23-16	2399-2402	der	_	_	_	_	_	
23-17	2403-2411	Rückgabe	NKON	MRW	NN	_	_	
23-18	2412-2414	an	_	_	_	_	_	
23-19	2415-2420	China	_	_	_	_	_	
23-20	2421-2425	1997	_	_	_	_	_	
23-21	2426-2434	zugesagt	O	O	VVPP	_	_	
23-22	2435-2440	wurde	_	_	_	_	_	
23-23	2440-2441	.	_	_	_	_	_	
23-24	2441-2442	
	_	_	_	_	_	
