#FORMAT=WebAnno TSV 3.3
#T_SP=webanno.custom.POS|pos_tag


#Text=Der Verbrauch von Plastiktüten in Deutschland ist laut Umweltministerin Svenja Schulze in den letzten Jahren zwar gesunken, dennoch ist das Ausmaß der Umweltverschmutzung durch Plastikmüll immer noch alarmierend.
#Text=
1-1	0-3	Der	_	
1-2	4-13	Verbrauch	NN	
1-3	14-17	von	_	
1-4	18-30	Plastiktüten	NN	
1-5	31-33	in	_	
1-6	34-45	Deutschland	_	
1-7	46-49	ist	_	
1-8	50-54	laut	_	
1-9	55-71	Umweltministerin	NN	
1-10	72-78	Svenja	_	
1-11	79-86	Schulze	_	
1-12	87-89	in	_	
1-13	90-93	den	_	
1-14	94-101	letzten	ADJA	
1-15	102-108	Jahren	NN	
1-16	109-113	zwar	_	
1-17	114-122	gesunken	VVPP	
1-18	122-123	,	_	
1-19	124-131	dennoch	_	
1-20	132-135	ist	_	
1-21	136-139	das	_	
1-22	140-146	Ausmaß	NN	
1-23	147-150	der	_	
1-24	151-170	Umweltverschmutzung	NN	
1-25	171-176	durch	_	
1-26	177-188	Plastikmüll	NN	
1-27	189-194	immer	_	
1-28	195-199	noch	_	
1-29	200-211	alarmierend	ADJD	
1-30	211-212	.	_	
1-31	212-213	
	_	

#Text=Schulze plant daher ein Verbot von Kunststofftragetaschen, um die Umweltbelastung durch Plastikabfälle weiter zu reduzieren.
#Text=
2-1	213-220	Schulze	_	
2-2	221-226	plant	VVFIN	
2-3	227-232	daher	_	
2-4	233-236	ein	_	
2-5	237-243	Verbot	NN	
2-6	244-247	von	_	
2-7	248-270	Kunststofftragetaschen	NN	
2-8	270-271	,	_	
2-9	272-274	um	_	
2-10	275-278	die	_	
2-11	279-294	Umweltbelastung	NN	
2-12	295-300	durch	_	
2-13	301-315	Plastikabfälle	NN	
2-14	316-322	weiter	_	
2-15	323-325	zu	_	
2-16	326-336	reduzieren	VVINF	
2-17	336-337	.	_	
2-18	337-338	
	_	

#Text=Die Ministerin betont, dass Plastiktüten oft nur einmal verwendet werden und dann im Müll landen.
#Text=
3-1	338-341	Die	_	
3-2	342-352	Ministerin	NN	
3-3	353-359	betont	VVFIN	
3-4	359-360	,	_	
3-5	361-365	dass	_	
3-6	366-378	Plastiktüten	NN	
3-7	379-382	oft	_	
3-8	383-386	nur	_	
3-9	387-393	einmal	_	
3-10	394-403	verwendet	VVPP	
3-11	404-410	werden	_	
3-12	411-414	und	_	
3-13	415-419	dann	_	
3-14	420-422	im	_	
3-15	423-427	Müll	NN	
3-16	428-434	landen	VVINF	
3-17	434-435	.	_	
3-18	435-436	
	_	

#Text=Dadurch gelangen enorme Mengen an Kunststoff in die Umwelt, insbesondere in die Meere.
#Text=
4-1	436-443	Dadurch	_	
4-2	444-452	gelangen	VVFIN	
4-3	453-459	enorme	ADJA	
4-4	460-466	Mengen	NN	
4-5	467-469	an	_	
4-6	470-480	Kunststoff	NN	
4-7	481-483	in	_	
4-8	484-487	die	_	
4-9	488-494	Umwelt	NN	
4-10	494-495	,	_	
4-11	496-508	insbesondere	_	
4-12	509-511	in	_	
4-13	512-515	die	_	
4-14	516-521	Meere	NN	
4-15	521-522	.	_	
4-16	522-523	
	_	

#Text=Laut Umweltbundesamt werden jährlich weltweit bis zu 13 Millionen Tonnen Plastikabfälle in die Ozeane gespült.
#Text=
5-1	523-527	Laut	_	
5-2	528-543	Umweltbundesamt	_	
5-3	544-550	werden	_	
5-4	551-559	jährlich	ADJD	
5-5	560-568	weltweit	ADJD	
5-6	569-572	bis	_	
5-7	573-575	zu	_	
5-8	576-578	13	_	
5-9	579-588	Millionen	NN	
5-10	589-595	Tonnen	NN	
5-11	596-610	Plastikabfälle	NN	
5-12	611-613	in	_	
5-13	614-617	die	_	
5-14	618-624	Ozeane	NN	
5-15	625-632	gespült	VVPP	
5-16	632-633	.	_	
5-17	633-634	
	_	

#Text=Diese Verschmutzung bedroht nicht nur die Tier- und Pflanzenwelt, sondern auch die Gesundheit der Menschen.
#Text=
6-1	634-639	Diese	_	
6-2	640-653	Verschmutzung	NN	
6-3	654-661	bedroht	VVFIN	
6-4	662-667	nicht	_	
6-5	668-671	nur	_	
6-6	672-675	die	_	
6-7	676-681	Tier-	TRUNC	
6-8	682-685	und	_	
6-9	686-698	Pflanzenwelt	NN	
6-10	698-699	,	_	
6-11	700-707	sondern	_	
6-12	708-712	auch	_	
6-13	713-716	die	_	
6-14	717-727	Gesundheit	NN	
6-15	728-731	der	_	
6-16	732-740	Menschen	NN	
6-17	740-741	.	_	
6-18	741-742	
	_	

#Text=Um dem entgegenzuwirken, plant Schulze das Verbot von Kunststofftragetaschen ab einem bestimmten Datum.
#Text=
7-1	742-744	Um	_	
7-2	745-748	dem	_	
7-3	749-765	entgegenzuwirken	VVIZU	
7-4	765-766	,	_	
7-5	767-772	plant	VVFIN	
7-6	773-780	Schulze	_	
7-7	781-784	das	_	
7-8	785-791	Verbot	NN	
7-9	792-795	von	_	
7-10	796-818	Kunststofftragetaschen	NN	
7-11	819-821	ab	_	
7-12	822-827	einem	_	
7-13	828-838	bestimmten	ADJA	
7-14	839-844	Datum	NN	
7-15	844-845	.	_	
7-16	845-846	
	_	

#Text=Zudem sollen Einzelhändler verpflichtet werden, weniger Verpackung für Obst und Gemüse zu verwenden.
#Text=
8-1	846-851	Zudem	_	
8-2	852-858	sollen	_	
8-3	859-872	Einzelhändler	NN	
8-4	873-885	verpflichtet	VVPP	
8-5	886-892	werden	_	
8-6	892-893	,	_	
8-7	894-901	weniger	_	
8-8	902-912	Verpackung	NN	
8-9	913-916	für	_	
8-10	917-921	Obst	NN	
8-11	922-925	und	_	
8-12	926-932	Gemüse	NN	
8-13	933-935	zu	_	
8-14	936-945	verwenden	VVINF	
8-15	945-946	.	_	
8-16	946-947	
	_	

#Text=Stattdessen sollen umweltfreundlichere Alternativen wie Mehrwegnetze oder Papiertüten angeboten werden.
#Text=
9-1	947-958	Stattdessen	_	
9-2	959-965	sollen	_	
9-3	966-985	umweltfreundlichere	ADJA	
9-4	986-998	Alternativen	NN	
9-5	999-1002	wie	_	
9-6	1003-1015	Mehrwegnetze	NN	
9-7	1016-1020	oder	_	
9-8	1021-1032	Papiertüten	NN	
9-9	1033-1042	angeboten	VVPP	
9-10	1043-1049	werden	_	
9-11	1049-1050	.	_	
9-12	1050-1051	
	_	

#Text=Der Handel sieht die Pläne der Umweltministerin kritisch.
#Text=
10-1	1051-1054	Der	_	
10-2	1055-1061	Handel	NN	
10-3	1062-1067	sieht	VVFIN	
10-4	1068-1071	die	_	
10-5	1072-1077	Pläne	NN	
10-6	1078-1081	der	_	
10-7	1082-1098	Umweltministerin	NN	
10-8	1099-1107	kritisch	ADJD	
10-9	1107-1108	.	_	
10-10	1108-1109	
	_	

#Text=Vertreter der Supermärkte und Discounter argumentieren, dass ein Verbot von Plastiktüten die Kunden verärgern und zu einem Umsatzrückgang führen könnte.
#Text=
11-1	1109-1118	Vertreter	NN	
11-2	1119-1122	der	_	
11-3	1123-1134	Supermärkte	NN	
11-4	1135-1138	und	_	
11-5	1139-1149	Discounter	NN	
11-6	1150-1163	argumentieren	VVFIN	
11-7	1163-1164	,	_	
11-8	1165-1169	dass	_	
11-9	1170-1173	ein	_	
11-10	1174-1180	Verbot	NN	
11-11	1181-1184	von	_	
11-12	1185-1197	Plastiktüten	NN	
11-13	1198-1201	die	_	
11-14	1202-1208	Kunden	NN	
11-15	1209-1218	verärgern	VVINF	
11-16	1219-1222	und	_	
11-17	1223-1225	zu	_	
11-18	1226-1231	einem	_	
11-19	1232-1246	Umsatzrückgang	NN	
11-20	1247-1253	führen	VVINF	
11-21	1254-1260	könnte	_	
11-22	1260-1261	.	_	
11-23	1261-1262	
	_	

#Text=Zudem sei die Umstellung auf alternative Verpackungsmaterialien mit hohen Kosten verbunden.
#Text=
12-1	1262-1267	Zudem	_	
12-2	1268-1271	sei	_	
12-3	1272-1275	die	_	
12-4	1276-1286	Umstellung	NN	
12-5	1287-1290	auf	_	
12-6	1291-1302	alternative	ADJA	
12-7	1303-1325	Verpackungsmaterialien	NN	
12-8	1326-1329	mit	_	
12-9	1330-1335	hohen	ADJA	
12-10	1336-1342	Kosten	NN	
12-11	1343-1352	verbunden	VVPP	
12-12	1352-1353	.	_	
12-13	1353-1354	
	_	

#Text=Schulze hält dagegen, dass der Schutz der Umwelt und der Gesundheit der Bevölkerung oberste Priorität haben.
#Text=
13-1	1354-1361	Schulze	_	
13-2	1362-1366	hält	VVFIN	
13-3	1367-1374	dagegen	_	
13-4	1374-1375	,	_	
13-5	1376-1380	dass	_	
13-6	1381-1384	der	_	
13-7	1385-1391	Schutz	NN	
13-8	1392-1395	der	_	
13-9	1396-1402	Umwelt	NN	
13-10	1403-1406	und	_	
13-11	1407-1410	der	_	
13-12	1411-1421	Gesundheit	NN	
13-13	1422-1425	der	_	
13-14	1426-1437	Bevölkerung	NN	
13-15	1438-1445	oberste	ADJA	
13-16	1446-1455	Priorität	NN	
13-17	1456-1461	haben	_	
13-18	1461-1462	.	_	
13-19	1462-1463	
	_	

#Text=Sie verweist auf erfolgreiche Beispiele in anderen Ländern, wo ein Verbot von Plastiktüten zu einem deutlichen Rückgang der Umweltverschmutzung geführt hat.
#Text=
14-1	1463-1466	Sie	_	
14-2	1467-1475	verweist	VVFIN	
14-3	1476-1479	auf	_	
14-4	1480-1492	erfolgreiche	ADJA	
14-5	1493-1502	Beispiele	NN	
14-6	1503-1505	in	_	
14-7	1506-1513	anderen	ADJA	
14-8	1514-1521	Ländern	NN	
14-9	1521-1522	,	_	
14-10	1523-1525	wo	_	
14-11	1526-1529	ein	_	
14-12	1530-1536	Verbot	NN	
14-13	1537-1540	von	_	
14-14	1541-1553	Plastiktüten	NN	
14-15	1554-1556	zu	_	
14-16	1557-1562	einem	_	
14-17	1563-1573	deutlichen	ADJA	
14-18	1574-1582	Rückgang	NN	
14-19	1583-1586	der	_	
14-20	1587-1606	Umweltverschmutzung	NN	
14-21	1607-1614	geführt	VVPP	
14-22	1615-1618	hat	_	
14-23	1618-1619	.	_	
14-24	1619-1620	
	_	

#Text=Zudem sei es an der Zeit, dass Deutschland seiner Verantwortung als Industrienation gerecht werde und Maßnahmen zum Schutz der Umwelt ergreife.
#Text=
15-1	1620-1625	Zudem	_	
15-2	1626-1629	sei	_	
15-3	1630-1632	es	_	
15-4	1633-1635	an	_	
15-5	1636-1639	der	_	
15-6	1640-1644	Zeit	NN	
15-7	1644-1645	,	_	
15-8	1646-1650	dass	_	
15-9	1651-1662	Deutschland	_	
15-10	1663-1669	seiner	_	
15-11	1670-1683	Verantwortung	NN	
15-12	1684-1687	als	_	
15-13	1688-1703	Industrienation	NN	
15-14	1704-1711	gerecht	ADJD	
15-15	1712-1717	werde	_	
15-16	1718-1721	und	_	
15-17	1722-1731	Maßnahmen	NN	
15-18	1732-1735	zum	_	
15-19	1736-1742	Schutz	NN	
15-20	1743-1746	der	_	
15-21	1747-1753	Umwelt	NN	
15-22	1754-1762	ergreife	VVFIN	
15-23	1762-1763	.	_	
15-24	1763-1764	
	_	

#Text=Die Pläne von Umweltministerin Schulze stoßen auch in der Bevölkerung auf geteilte Reaktionen.
#Text=
16-1	1764-1767	Die	_	
16-2	1768-1773	Pläne	NN	
16-3	1774-1777	von	_	
16-4	1778-1794	Umweltministerin	NN	
16-5	1795-1802	Schulze	_	
16-6	1803-1809	stoßen	VVFIN	
16-7	1810-1814	auch	_	
16-8	1815-1817	in	_	
16-9	1818-1821	der	_	
16-10	1822-1833	Bevölkerung	NN	
16-11	1834-1837	auf	_	
16-12	1838-1846	geteilte	ADJA	
16-13	1847-1857	Reaktionen	NN	
16-14	1857-1858	.	_	
16-15	1858-1859	
	_	

#Text=Während Umweltschützer die Maßnahmen begrüßen und weitere Schritte zur Reduzierung von Plastikmüll fordern, fürchten einige Verbraucherinnen und Verbraucher Einschränkungen im Alltag.
#Text=
17-1	1859-1866	Während	_	
17-2	1867-1881	Umweltschützer	NN	
17-3	1882-1885	die	_	
17-4	1886-1895	Maßnahmen	NN	
17-5	1896-1904	begrüßen	VVFIN	
17-6	1905-1908	und	_	
17-7	1909-1916	weitere	ADJA	
17-8	1917-1925	Schritte	NN	
17-9	1926-1929	zur	_	
17-10	1930-1941	Reduzierung	NN	
17-11	1942-1945	von	_	
17-12	1946-1957	Plastikmüll	NN	
17-13	1958-1965	fordern	VVFIN	
17-14	1965-1966	,	_	
17-15	1967-1975	fürchten	VVFIN	
17-16	1976-1982	einige	_	
17-17	1983-1999	Verbraucherinnen	NN	
17-18	2000-2003	und	_	
17-19	2004-2015	Verbraucher	NN	
17-20	2016-2031	Einschränkungen	NN	
17-21	2032-2034	im	_	
17-22	2035-2041	Alltag	NN	
17-23	2041-2042	.	_	
17-24	2042-2043	
	_	

#Text=Einige sehen auch die Industrie in der Pflicht und fordern von den Herstellern, umweltfreundlichere Verpackungslösungen zu entwickeln.
#Text=
18-1	2043-2049	Einige	_	
18-2	2050-2055	sehen	VVFIN	
18-3	2056-2060	auch	_	
18-4	2061-2064	die	_	
18-5	2065-2074	Industrie	NN	
18-6	2075-2077	in	_	
18-7	2078-2081	der	_	
18-8	2082-2089	Pflicht	NN	
18-9	2090-2093	und	_	
18-10	2094-2101	fordern	VVFIN	
18-11	2102-2105	von	_	
18-12	2106-2109	den	_	
18-13	2110-2121	Herstellern	NN	
18-14	2121-2122	,	_	
18-15	2123-2142	umweltfreundlichere	ADJA	
18-16	2143-2162	Verpackungslösungen	NN	
18-17	2163-2165	zu	_	
18-18	2166-2176	entwickeln	VVINF	
18-19	2176-2177	.	_	
18-20	2177-2178	
	_	

#Text=Insgesamt zeigt die Diskussion um das Verbot von Kunststofftragetaschen und die Reduzierung von Verpackungsmüll für Obst und Gemüse, wie kontrovers das Thema Umweltschutz im Bereich Plastik ist.
#Text=
19-1	2178-2187	Insgesamt	_	
19-2	2188-2193	zeigt	VVFIN	
19-3	2194-2197	die	_	
19-4	2198-2208	Diskussion	NN	
19-5	2209-2211	um	_	
19-6	2212-2215	das	_	
19-7	2216-2222	Verbot	NN	
19-8	2223-2226	von	_	
19-9	2227-2249	Kunststofftragetaschen	NN	
19-10	2250-2253	und	_	
19-11	2254-2257	die	_	
19-12	2258-2269	Reduzierung	NN	
19-13	2270-2273	von	_	
19-14	2274-2289	Verpackungsmüll	NN	
19-15	2290-2293	für	_	
19-16	2294-2298	Obst	NN	
19-17	2299-2302	und	_	
19-18	2303-2309	Gemüse	NN	
19-19	2309-2310	,	_	
19-20	2311-2314	wie	_	
19-21	2315-2325	kontrovers	ADJD	
19-22	2326-2329	das	_	
19-23	2330-2335	Thema	NN	
19-24	2336-2348	Umweltschutz	NN	
19-25	2349-2351	im	_	
19-26	2352-2359	Bereich	NN	
19-27	2360-2367	Plastik	NN	
19-28	2368-2371	ist	_	
19-29	2371-2372	.	_	
19-30	2372-2373	
	_	

#Text=Es ist wichtig, dass alle Beteiligten – Politik, Handel und Verbraucher – an einem Strang ziehen, um die Umweltbelastung durch Plastikmüll nachhaltig zu reduzieren und unseren Planeten für zukünftige Generationen zu erhalten.
#Text=
20-1	2373-2375	Es	_	
20-2	2376-2379	ist	_	
20-3	2380-2387	wichtig	ADJD	
20-4	2387-2388	,	_	
20-5	2389-2393	dass	_	
20-6	2394-2398	alle	_	
20-7	2399-2410	Beteiligten	NN	
20-8	2411-2412	–	_	
20-9	2413-2420	Politik	NN	
20-10	2420-2421	,	_	
20-11	2422-2428	Handel	NN	
20-12	2429-2432	und	_	
20-13	2433-2444	Verbraucher	NN	
20-14	2445-2446	–	_	
20-15	2447-2449	an	_	
20-16	2450-2455	einem	_	
20-17	2456-2462	Strang	NN	
20-18	2463-2469	ziehen	VVINF	
20-19	2469-2470	,	_	
20-20	2471-2473	um	_	
20-21	2474-2477	die	_	
20-22	2478-2493	Umweltbelastung	NN	
20-23	2494-2499	durch	_	
20-24	2500-2511	Plastikmüll	NN	
20-25	2512-2522	nachhaltig	ADJD	
20-26	2523-2525	zu	_	
20-27	2526-2536	reduzieren	VVINF	
20-28	2537-2540	und	_	
20-29	2541-2548	unseren	_	
20-30	2549-2557	Planeten	NN	
20-31	2558-2561	für	_	
20-32	2562-2572	zukünftige	ADJA	
20-33	2573-2585	Generationen	NN	
20-34	2586-2588	zu	_	
20-35	2589-2597	erhalten	VVINF	
20-36	2597-2598	.	_	
20-37	2598-2599	
	_	
