#FORMAT=WebAnno TSV 3.3
#T_SP=webanno.custom.POS|pos_tag


#Text=Die EU-Mitgliedstaaten haben sich nach Angaben von EU-Ratspräsident Donald Tusk auf einen Brexit-Aufschub bis Ende Januar geeinigt.
#Text=
1-1	0-3	Die	_	
1-2	4-22	EU-Mitgliedstaaten	NN	
1-3	23-28	haben	_	
1-4	29-33	sich	_	
1-5	34-38	nach	_	
1-6	39-46	Angaben	NN	
1-7	47-50	von	_	
1-8	51-67	EU-Ratspräsident	NN	
1-9	68-74	Donald	_	
1-10	75-79	Tusk	_	
1-11	80-83	auf	_	
1-12	84-89	einen	_	
1-13	90-105	Brexit-Aufschub	NN	
1-14	106-109	bis	_	
1-15	110-114	Ende	NN	
1-16	115-121	Januar	NN	
1-17	122-130	geeinigt	VVPP	
1-18	130-131	.	_	
1-19	131-132	
	_	

#Text=Die Entscheidung solle in einem schriftlichen Verfahren formalisiert werden, teilte Tusk via Twitter mit.
#Text=
2-1	132-135	Die	_	
2-2	136-148	Entscheidung	NN	
2-3	149-154	solle	_	
2-4	155-157	in	_	
2-5	158-163	einem	_	
2-6	164-177	schriftlichen	ADJA	
2-7	178-187	Verfahren	NN	
2-8	188-200	formalisiert	VVPP	
2-9	201-207	werden	_	
2-10	207-208	,	_	
2-11	209-215	teilte	VVFIN	
2-12	216-220	Tusk	_	
2-13	221-224	via	_	
2-14	225-232	Twitter	_	
2-15	233-236	mit	PTKVZ	
2-16	236-237	.	_	
2-17	237-238	
	_	

#Text=Sollte die Ratifizierung des Austrittsabkommens vorher gelingen, ist der britische EU-Austritt demnach auch vor Fristende möglich.
#Text=
3-1	238-244	Sollte	_	
3-2	245-248	die	_	
3-3	249-262	Ratifizierung	NN	
3-4	263-266	des	_	
3-5	267-285	Austrittsabkommens	NN	
3-6	286-292	vorher	_	
3-7	293-301	gelingen	VVINF	
3-8	301-302	,	_	
3-9	303-306	ist	_	
3-10	307-310	der	_	
3-11	311-320	britische	ADJA	
3-12	321-332	EU-Austritt	NN	
3-13	333-340	demnach	_	
3-14	341-345	auch	_	
3-15	346-349	vor	_	
3-16	350-359	Fristende	NN	
3-17	360-367	möglich	ADJD	
3-18	367-368	.	_	
3-19	368-369	
	_	

#Text=Die Entscheidung fiel am Montag bei einem Treffen der EU-Botschafter in Brüssel.
#Text=
4-1	369-372	Die	_	
4-2	373-385	Entscheidung	NN	
4-3	386-390	fiel	VVFIN	
4-4	391-393	am	_	
4-5	394-400	Montag	NN	
4-6	401-404	bei	_	
4-7	405-410	einem	_	
4-8	411-418	Treffen	NN	
4-9	419-422	der	_	
4-10	423-437	EU-Botschafter	NN	
4-11	438-440	in	_	
4-12	441-448	Brüssel	_	
4-13	448-449	.	_	
4-14	449-450	
	_	

#Text=EU-Chefunterhändler Michel Barnier sprach anschließend von einem "sehr kurzen, effektiven und konstruktiven Treffen".
#Text=
5-1	450-469	EU-Chefunterhändler	NN	
5-2	470-476	Michel	_	
5-3	477-484	Barnier	_	
5-4	485-491	sprach	VVFIN	
5-5	492-504	anschließend	ADJD	
5-6	505-508	von	_	
5-7	509-514	einem	_	
5-8	515-516	"	_	
5-9	516-520	sehr	_	
5-10	521-527	kurzen	ADJA	
5-11	527-528	,	_	
5-12	529-539	effektiven	ADJA	
5-13	540-543	und	_	
5-14	544-557	konstruktiven	ADJA	
5-15	558-565	Treffen	NN	
5-16	565-566	"	_	
5-17	566-567	.	_	
5-18	567-568	
	_	

#Text=Die Einigung schließt weitere Verhandlungen über das Austrittsabkommen aus.
#Text=
6-1	568-571	Die	_	
6-2	572-580	Einigung	NN	
6-3	581-589	schließt	VVFIN	
6-4	590-597	weitere	ADJA	
6-5	598-611	Verhandlungen	NN	
6-6	612-616	über	_	
6-7	617-620	das	_	
6-8	621-638	Austrittsabkommen	NN	
6-9	639-642	aus	PTKVZ	
6-10	642-643	.	_	
6-11	643-644	
	_	

#Text=Zudem wird festgelegt, dass Großbritannien für die kommende EU-Kommission unter Präsidentin Ursula von der Leyen einen Kommissar nominieren muss.
#Text=
7-1	644-649	Zudem	_	
7-2	650-654	wird	_	
7-3	655-665	festgelegt	VVPP	
7-4	665-666	,	_	
7-5	667-671	dass	_	
7-6	672-686	Großbritannien	_	
7-7	687-690	für	_	
7-8	691-694	die	_	
7-9	695-703	kommende	ADJA	
7-10	704-717	EU-Kommission	NN	
7-11	718-723	unter	_	
7-12	724-735	Präsidentin	NN	
7-13	736-742	Ursula	_	
7-14	743-746	von	_	
7-15	747-750	der	_	
7-16	751-756	Leyen	_	
7-17	757-762	einen	_	
7-18	763-772	Kommissar	NN	
7-19	773-783	nominieren	VVINF	
7-20	784-788	muss	_	
7-21	788-789	.	_	
7-22	789-790	
	_	

#Text=Die EU-Staaten rufen London dazu auf, sich während der Verlängerung in einer "konstruktiven und verantwortungsvollen Weise" zu verhalten.
#Text=
8-1	790-793	Die	_	
8-2	794-804	EU-Staaten	NN	
8-3	805-810	rufen	VVFIN	
8-4	811-817	London	_	
8-5	818-822	dazu	_	
8-6	823-826	auf	PTKVZ	
8-7	826-827	,	_	
8-8	828-832	sich	_	
8-9	833-840	während	_	
8-10	841-844	der	_	
8-11	845-857	Verlängerung	NN	
8-12	858-860	in	_	
8-13	861-866	einer	_	
8-14	867-868	"	_	
8-15	868-881	konstruktiven	ADJA	
8-16	882-885	und	_	
8-17	886-906	verantwortungsvollen	ADJA	
8-18	907-912	Weise	NN	
8-19	912-913	"	_	
8-20	914-916	zu	_	
8-21	917-926	verhalten	VVINF	
8-22	926-927	.	_	
8-23	927-928	
	_	

#Text=Der britische Premierminister Boris Johnson wollte am Montag über eine Neuwahl am 12. Dezember abstimmen lassen.
#Text=
9-1	928-931	Der	_	
9-2	932-941	britische	ADJA	
9-3	942-957	Premierminister	NN	
9-4	958-963	Boris	_	
9-5	964-971	Johnson	_	
9-6	972-978	wollte	_	
9-7	979-981	am	_	
9-8	982-988	Montag	NN	
9-9	989-993	über	_	
9-10	994-998	eine	_	
9-11	999-1006	Neuwahl	NN	
9-12	1007-1009	am	_	
9-13	1010-1013	12.	ADJA	
9-14	1014-1022	Dezember	NN	
9-15	1023-1032	abstimmen	VVINF	
9-16	1033-1039	lassen	VVINF	
9-17	1039-1040	.	_	
9-18	1040-1041	
	_	

#Text=Zuletzt hatte er keine Mehrheit im Parlament und musste im Streit um den EU-Austritt Großbritanniens um jede Stimme kämpfen.
#Text=
10-1	1041-1048	Zuletzt	_	
10-2	1049-1054	hatte	_	
10-3	1055-1057	er	_	
10-4	1058-1063	keine	_	
10-5	1064-1072	Mehrheit	NN	
10-6	1073-1075	im	_	
10-7	1076-1085	Parlament	NN	
10-8	1086-1089	und	_	
10-9	1090-1096	musste	_	
10-10	1097-1099	im	_	
10-11	1100-1106	Streit	NN	
10-12	1107-1109	um	_	
10-13	1110-1113	den	_	
10-14	1114-1125	EU-Austritt	NN	
10-15	1126-1141	Großbritanniens	_	
10-16	1142-1144	um	_	
10-17	1145-1149	jede	_	
10-18	1150-1156	Stimme	NN	
10-19	1157-1164	kämpfen	VVINF	
10-20	1164-1165	.	_	
10-21	1165-1166	
	_	

#Text=Die Abgeordneten sollten am Nachmittag nach einer Debatte im Unterhaus abstimmen.
#Text=
11-1	1166-1169	Die	_	
11-2	1170-1182	Abgeordneten	NN	
11-3	1183-1190	sollten	_	
11-4	1191-1193	am	_	
11-5	1194-1204	Nachmittag	NN	
11-6	1205-1209	nach	_	
11-7	1210-1215	einer	_	
11-8	1216-1223	Debatte	NN	
11-9	1224-1226	im	_	
11-10	1227-1236	Unterhaus	NN	
11-11	1237-1246	abstimmen	VVINF	
11-12	1246-1247	.	_	
11-13	1247-1248	
	_	

#Text=Johnson wollte die EU unbedingt am 31. Oktober verlassen
#Text=
12-1	1248-1255	Johnson	_	
12-2	1256-1262	wollte	_	
12-3	1263-1266	die	_	
12-4	1267-1269	EU	_	
12-5	1270-1279	unbedingt	_	
12-6	1280-1282	am	_	
12-7	1283-1286	31.	ADJA	
12-8	1287-1294	Oktober	NN	
12-9	1295-1304	verlassen	VVPP	
12-10	1304-1305	
	_	

#Text=Um eine Neuwahl durchzubekommen, braucht Johnson eine Zweidrittelmehrheit - und somit die Hilfe der größten Oppositionspartei Labour.
#Text=
13-1	1305-1307	Um	_	
13-2	1308-1312	eine	_	
13-3	1313-1320	Neuwahl	NN	
13-4	1321-1336	durchzubekommen	VVPP	
13-5	1336-1337	,	_	
13-6	1338-1345	braucht	VVFIN	
13-7	1346-1353	Johnson	_	
13-8	1354-1358	eine	_	
13-9	1359-1378	Zweidrittelmehrheit	NN	
13-10	1379-1380	-	_	
13-11	1381-1384	und	_	
13-12	1385-1390	somit	_	
13-13	1391-1394	die	_	
13-14	1395-1400	Hilfe	NN	
13-15	1401-1404	der	_	
13-16	1405-1412	größten	ADJA	
13-17	1413-1430	Oppositionspartei	NN	
13-18	1431-1437	Labour	_	
13-19	1437-1438	.	_	
13-20	1438-1439	
	_	

#Text=Deren Chef Jeremy Corbyn hatte deutlich gemacht, seine Partei werde einer Neuwahl nicht im Wege stehen, sobald ein Brexit ohne Abkommen vom Tisch sei.
#Text=
14-1	1439-1444	Deren	_	
14-2	1445-1449	Chef	NN	
14-3	1450-1456	Jeremy	_	
14-4	1457-1463	Corbyn	_	
14-5	1464-1469	hatte	_	
14-6	1470-1478	deutlich	ADJD	
14-7	1479-1486	gemacht	VVPP	
14-8	1486-1487	,	_	
14-9	1488-1493	seine	_	
14-10	1494-1500	Partei	NN	
14-11	1501-1506	werde	_	
14-12	1507-1512	einer	_	
14-13	1513-1520	Neuwahl	NN	
14-14	1521-1526	nicht	_	
14-15	1527-1529	im	_	
14-16	1530-1534	Wege	NN	
14-17	1535-1541	stehen	VVFIN	
14-18	1541-1542	,	_	
14-19	1543-1549	sobald	_	
14-20	1550-1553	ein	_	
14-21	1554-1560	Brexit	NN	
14-22	1561-1565	ohne	_	
14-23	1566-1574	Abkommen	NN	
14-24	1575-1578	vom	_	
14-25	1579-1584	Tisch	NN	
14-26	1585-1588	sei	_	
14-27	1588-1589	.	_	
14-28	1589-1590	
	_	

#Text=Er wollte die Entscheidung in Brüssel über die Verlängerung der Brexit-Frist abwarten.
#Text=
15-1	1590-1592	Er	_	
15-2	1593-1599	wollte	_	
15-3	1600-1603	die	_	
15-4	1604-1616	Entscheidung	NN	
15-5	1617-1619	in	_	
15-6	1620-1627	Brüssel	_	
15-7	1628-1632	über	_	
15-8	1633-1636	die	_	
15-9	1637-1649	Verlängerung	NN	
15-10	1650-1653	der	_	
15-11	1654-1666	Brexit-Frist	NN	
15-12	1667-1675	abwarten	VVINF	
15-13	1675-1676	.	_	
15-14	1676-1677	
	_	

#Text=Johnson hatte kürzlich auf Druck des britischen Parlaments einen Antrag auf Verlängerung der Austrittsfrist bis Ende Januar gestellt, obwohl er selbst den Brexit unbedingt am 31. Oktober durchziehen wollte.
#Text=
16-1	1677-1684	Johnson	_	
16-2	1685-1690	hatte	_	
16-3	1691-1699	kürzlich	_	
16-4	1700-1703	auf	_	
16-5	1704-1709	Druck	NN	
16-6	1710-1713	des	_	
16-7	1714-1724	britischen	ADJA	
16-8	1725-1735	Parlaments	NN	
16-9	1736-1741	einen	_	
16-10	1742-1748	Antrag	NN	
16-11	1749-1752	auf	_	
16-12	1753-1765	Verlängerung	NN	
16-13	1766-1769	der	_	
16-14	1770-1784	Austrittsfrist	NN	
16-15	1785-1788	bis	_	
16-16	1789-1793	Ende	NN	
16-17	1794-1800	Januar	NN	
16-18	1801-1809	gestellt	VVPP	
16-19	1809-1810	,	_	
16-20	1811-1817	obwohl	_	
16-21	1818-1820	er	_	
16-22	1821-1827	selbst	_	
16-23	1828-1831	den	_	
16-24	1832-1838	Brexit	NN	
16-25	1839-1848	unbedingt	_	
16-26	1849-1851	am	_	
16-27	1852-1855	31.	ADJA	
16-28	1856-1863	Oktober	NN	
16-29	1864-1875	durchziehen	VVINF	
16-30	1876-1882	wollte	_	
16-31	1882-1883	.	_	
16-32	1883-1884	
	_	

#Text=Als das Unterhaus eine Eil-Ratifizierung des Austrittsvertrags ablehnte, war dieser Zeitplan aber praktisch nicht mehr zu halten.
#Text=
17-1	1884-1887	Als	_	
17-2	1888-1891	das	_	
17-3	1892-1901	Unterhaus	NN	
17-4	1902-1906	eine	_	
17-5	1907-1924	Eil-Ratifizierung	NN	
17-6	1925-1928	des	_	
17-7	1929-1946	Austrittsvertrags	NN	
17-8	1947-1955	ablehnte	VVFIN	
17-9	1955-1956	,	_	
17-10	1957-1960	war	_	
17-11	1961-1967	dieser	_	
17-12	1968-1976	Zeitplan	NN	
17-13	1977-1981	aber	_	
17-14	1982-1991	praktisch	ADJD	
17-15	1992-1997	nicht	_	
17-16	1998-2002	mehr	_	
17-17	2003-2005	zu	_	
17-18	2006-2012	halten	VVINF	
17-19	2012-2013	.	_	
17-20	2013-2014	
	_	

#Text=EU-Ratschef Tusk empfahl den 27 bleibenden EU-Staaten schließlich, dem britischen Antrag stattzugeben und so einen chaotischen EU-Austritt in dieser Woche zu vermeiden.
#Text=
18-1	2014-2025	EU-Ratschef	NN	
18-2	2026-2030	Tusk	_	
18-3	2031-2038	empfahl	VVFIN	
18-4	2039-2042	den	_	
18-5	2043-2045	27	_	
18-6	2046-2056	bleibenden	ADJA	
18-7	2057-2067	EU-Staaten	NN	
18-8	2068-2079	schließlich	_	
18-9	2079-2080	,	_	
18-10	2081-2084	dem	_	
18-11	2085-2095	britischen	ADJA	
18-12	2096-2102	Antrag	NN	
18-13	2103-2115	stattzugeben	VVIZU	
18-14	2116-2119	und	_	
18-15	2120-2122	so	_	
18-16	2123-2128	einen	_	
18-17	2129-2140	chaotischen	ADJA	
18-18	2141-2152	EU-Austritt	NN	
18-19	2153-2155	in	_	
18-20	2156-2162	dieser	_	
18-21	2163-2168	Woche	NN	
18-22	2169-2171	zu	_	
18-23	2172-2181	vermeiden	VVINF	
18-24	2181-2182	.	_	
18-25	2182-2183	
	_	

#Text=Für den Fall eines No-Deal-Brexit werden enorme Turbulenzen für die Wirtschaft, Unsicherheit für die Bürger und sogar Versorgungsengpässe befürchtet.
#Text=
19-1	2183-2186	Für	_	
19-2	2187-2190	den	_	
19-3	2191-2195	Fall	NN	
19-4	2196-2201	eines	_	
19-5	2202-2216	No-Deal-Brexit	NN	
19-6	2217-2223	werden	_	
19-7	2224-2230	enorme	ADJA	
19-8	2231-2242	Turbulenzen	NN	
19-9	2243-2246	für	_	
19-10	2247-2250	die	_	
19-11	2251-2261	Wirtschaft	NN	
19-12	2261-2262	,	_	
19-13	2263-2275	Unsicherheit	NN	
19-14	2276-2279	für	_	
19-15	2280-2283	die	_	
19-16	2284-2290	Bürger	NN	
19-17	2291-2294	und	_	
19-18	2295-2300	sogar	_	
19-19	2301-2320	Versorgungsengpässe	NN	
19-20	2321-2331	befürchtet	VVPP	
19-21	2331-2332	.	_	
19-22	2332-2333	
	_	

#Text=Der britische EU-Austritt war ursprünglich für den 29. März vorgesehen, wurde aber im Frühjahr zweimal verschoben.
#Text=
20-1	2333-2336	Der	_	
20-2	2337-2346	britische	ADJA	
20-3	2347-2358	EU-Austritt	NN	
20-4	2359-2362	war	_	
20-5	2363-2375	ursprünglich	ADJD	
20-6	2376-2379	für	_	
20-7	2380-2383	den	_	
20-8	2384-2387	29.	ADJA	
20-9	2388-2392	März	NN	
20-10	2393-2403	vorgesehen	VVPP	
20-11	2403-2404	,	_	
20-12	2405-2410	wurde	_	
20-13	2411-2415	aber	_	
20-14	2416-2418	im	_	
20-15	2419-2427	Frühjahr	NN	
20-16	2428-2435	zweimal	_	
20-17	2436-2446	verschoben	VVPP	
20-18	2446-2447	.	_	
20-19	2447-2448	
	_	
