#FORMAT=WebAnno TSV 3.3
#T_SP=webanno.custom.POS|pos_tag


#Text=Die Spannungen in Hongkong haben in den letzten Wochen einen neuen Höhepunkt erreicht.
#Text=
1-1	0-3	Die	_	
1-2	4-14	Spannungen	NN	
1-3	15-17	in	_	
1-4	18-26	Hongkong	_	
1-5	27-32	haben	_	
1-6	33-35	in	_	
1-7	36-39	den	_	
1-8	40-47	letzten	ADJA	
1-9	48-54	Wochen	NN	
1-10	55-60	einen	_	
1-11	61-66	neuen	ADJA	
1-12	67-76	Höhepunkt	NN	
1-13	77-85	erreicht	VVPP	
1-14	85-86	.	_	
1-15	86-87	
	_	

#Text=Nach dem tragischen Tod eines 22-jährigen Studenten, der bei Zusammenstößen mit der Polizei ums Leben kam, sind die Proteste in der chinesischen Sonderverwaltungszone erneut eskaliert.
#Text=
2-1	87-91	Nach	_	
2-2	92-95	dem	_	
2-3	96-106	tragischen	ADJA	
2-4	107-110	Tod	NN	
2-5	111-116	eines	_	
2-6	117-128	22-jährigen	ADJA	
2-7	129-138	Studenten	NN	
2-8	138-139	,	_	
2-9	140-143	der	_	
2-10	144-147	bei	_	
2-11	148-162	Zusammenstößen	NN	
2-12	163-166	mit	_	
2-13	167-170	der	_	
2-14	171-178	Polizei	NN	
2-15	179-182	ums	_	
2-16	183-188	Leben	NN	
2-17	189-192	kam	VVFIN	
2-18	192-193	,	_	
2-19	194-198	sind	_	
2-20	199-202	die	_	
2-21	203-211	Proteste	NN	
2-22	212-214	in	_	
2-23	215-218	der	_	
2-24	219-231	chinesischen	ADJA	
2-25	232-253	Sonderverwaltungszone	NN	
2-26	254-260	erneut	ADJD	
2-27	261-270	eskaliert	VVPP	
2-28	270-271	.	_	
2-29	271-272	
	_	

#Text=Am Montagmorgen erreichte die Situation einen weiteren bedenklichen Tiefpunkt, als ein Polizist das Feuer auf Demonstranten eröffnete.
#Text=
3-1	272-274	Am	_	
3-2	275-287	Montagmorgen	NN	
3-3	288-297	erreichte	VVFIN	
3-4	298-301	die	_	
3-5	302-311	Situation	NN	
3-6	312-317	einen	_	
3-7	318-326	weiteren	ADJA	
3-8	327-339	bedenklichen	ADJA	
3-9	340-349	Tiefpunkt	NN	
3-10	349-350	,	_	
3-11	351-354	als	_	
3-12	355-358	ein	_	
3-13	359-367	Polizist	NN	
3-14	368-371	das	_	
3-15	372-377	Feuer	NN	
3-16	378-381	auf	_	
3-17	382-395	Demonstranten	NN	
3-18	396-405	eröffnete	VVFIN	
3-19	405-406	.	_	
3-20	406-407	
	_	

#Text=Berichten zufolge versammelten sich hunderte Demonstranten in der Nähe einer Universität, um gegen die Regierung und die zunehmende Einmischung Pekings zu protestieren.
#Text=
4-1	407-416	Berichten	NN	
4-2	417-424	zufolge	_	
4-3	425-437	versammelten	VVFIN	
4-4	438-442	sich	_	
4-5	443-451	hunderte	_	
4-6	452-465	Demonstranten	NN	
4-7	466-468	in	_	
4-8	469-472	der	_	
4-9	473-477	Nähe	NN	
4-10	478-483	einer	_	
4-11	484-495	Universität	NN	
4-12	495-496	,	_	
4-13	497-499	um	_	
4-14	500-505	gegen	_	
4-15	506-509	die	_	
4-16	510-519	Regierung	NN	
4-17	520-523	und	_	
4-18	524-527	die	_	
4-19	528-538	zunehmende	ADJA	
4-20	539-550	Einmischung	NN	
4-21	551-558	Pekings	_	
4-22	559-561	zu	_	
4-23	562-574	protestieren	VVINF	
4-24	574-575	.	_	
4-25	575-576	
	_	

#Text=Die Polizei versuchte die Menschenmenge auseinanderzutreiben, was zu einem hitzigen Schlagabtausch zwischen den Beamten und den Demonstranten führte.
#Text=
5-1	576-579	Die	_	
5-2	580-587	Polizei	NN	
5-3	588-597	versuchte	VVFIN	
5-4	598-601	die	_	
5-5	602-615	Menschenmenge	NN	
5-6	616-636	auseinanderzutreiben	VVIZU	
5-7	636-637	,	_	
5-8	638-641	was	_	
5-9	642-644	zu	_	
5-10	645-650	einem	_	
5-11	651-659	hitzigen	ADJA	
5-12	660-674	Schlagabtausch	NN	
5-13	675-683	zwischen	_	
5-14	684-687	den	_	
5-15	688-695	Beamten	NN	
5-16	696-699	und	_	
5-17	700-703	den	_	
5-18	704-717	Demonstranten	NN	
5-19	718-724	führte	VVFIN	
5-20	724-725	.	_	
5-21	725-726	
	_	

#Text=Inmitten des Chaos fielen plötzlich Schüsse, die einen jungen Mann trafen.
#Text=
6-1	726-734	Inmitten	_	
6-2	735-738	des	_	
6-3	739-744	Chaos	NN	
6-4	745-751	fielen	VVFIN	
6-5	752-761	plötzlich	ADJD	
6-6	762-769	Schüsse	NN	
6-7	769-770	,	_	
6-8	771-774	die	_	
6-9	775-780	einen	_	
6-10	781-787	jungen	ADJA	
6-11	788-792	Mann	NN	
6-12	793-799	trafen	VVFIN	
6-13	799-800	.	_	
6-14	800-801	
	_	

#Text=Der Angeschossene, ein 23-jähriger Demonstrant, wurde sofort ins Krankenhaus gebracht und befindet sich nach Angaben der Ärzte in einem kritischen Zustand.
#Text=
7-1	801-804	Der	_	
7-2	805-818	Angeschossene	_	
7-3	818-819	,	_	
7-4	820-823	ein	_	
7-5	824-835	23-jähriger	ADJA	
7-6	836-847	Demonstrant	NN	
7-7	847-848	,	_	
7-8	849-854	wurde	_	
7-9	855-861	sofort	_	
7-10	862-865	ins	_	
7-11	866-877	Krankenhaus	NN	
7-12	878-886	gebracht	VVPP	
7-13	887-890	und	_	
7-14	891-899	befindet	VVFIN	
7-15	900-904	sich	_	
7-16	905-909	nach	_	
7-17	910-917	Angaben	NN	
7-18	918-921	der	_	
7-19	922-927	Ärzte	NN	
7-20	928-930	in	_	
7-21	931-936	einem	_	
7-22	937-947	kritischen	ADJA	
7-23	948-955	Zustand	NN	
7-24	955-956	.	_	
7-25	956-957	
	_	

#Text=Die Behörden bestätigten später, dass ein Polizist für den Vorfall verantwortlich sei und betonten, dass der Einsatz von Schusswaffen gerechtfertigt gewesen sei, da die Demonstranten angeblich gewalttätig geworden seien.
#Text=
8-1	957-960	Die	_	
8-2	961-969	Behörden	NN	
8-3	970-981	bestätigten	VVFIN	
8-4	982-988	später	ADJD	
8-5	988-989	,	_	
8-6	990-994	dass	_	
8-7	995-998	ein	_	
8-8	999-1007	Polizist	NN	
8-9	1008-1011	für	_	
8-10	1012-1015	den	_	
8-11	1016-1023	Vorfall	NN	
8-12	1024-1038	verantwortlich	ADJD	
8-13	1039-1042	sei	_	
8-14	1043-1046	und	_	
8-15	1047-1055	betonten	VVFIN	
8-16	1055-1056	,	_	
8-17	1057-1061	dass	_	
8-18	1062-1065	der	_	
8-19	1066-1073	Einsatz	NN	
8-20	1074-1077	von	_	
8-21	1078-1090	Schusswaffen	NN	
8-22	1091-1105	gerechtfertigt	VVPP	
8-23	1106-1113	gewesen	_	
8-24	1114-1117	sei	_	
8-25	1117-1118	,	_	
8-26	1119-1121	da	_	
8-27	1122-1125	die	_	
8-28	1126-1139	Demonstranten	NN	
8-29	1140-1149	angeblich	ADJD	
8-30	1150-1161	gewalttätig	ADJD	
8-31	1162-1170	geworden	_	
8-32	1171-1176	seien	_	
8-33	1176-1177	.	_	
8-34	1177-1178	
	_	

#Text=Die Reaktionen auf den Vorfall ließen nicht lange auf sich warten.
#Text=
9-1	1178-1181	Die	_	
9-2	1182-1192	Reaktionen	NN	
9-3	1193-1196	auf	_	
9-4	1197-1200	den	_	
9-5	1201-1208	Vorfall	NN	
9-6	1209-1215	ließen	VVFIN	
9-7	1216-1221	nicht	_	
9-8	1222-1227	lange	_	
9-9	1228-1231	auf	_	
9-10	1232-1236	sich	_	
9-11	1237-1243	warten	VVINF	
9-12	1243-1244	.	_	
9-13	1244-1245	
	_	

#Text=Die Protestbewegung verurteilte die Gewaltanwendung seitens der Polizei aufs Schärfste und rief zu weiteren Demonstrationen und Streiks auf.
#Text=
10-1	1245-1248	Die	_	
10-2	1249-1264	Protestbewegung	NN	
10-3	1265-1276	verurteilte	VVFIN	
10-4	1277-1280	die	_	
10-5	1281-1296	Gewaltanwendung	NN	
10-6	1297-1304	seitens	_	
10-7	1305-1308	der	_	
10-8	1309-1316	Polizei	NN	
10-9	1317-1321	aufs	_	
10-10	1322-1331	Schärfste	NN	
10-11	1332-1335	und	_	
10-12	1336-1340	rief	VVFIN	
10-13	1341-1343	zu	_	
10-14	1344-1352	weiteren	ADJA	
10-15	1353-1368	Demonstrationen	NN	
10-16	1369-1372	und	_	
10-17	1373-1380	Streiks	NN	
10-18	1381-1384	auf	PTKVZ	
10-19	1384-1385	.	_	
10-20	1385-1386	
	_	

#Text=Dieser Vorfall zeigt einmal mehr, wie tief die Kluft zwischen der Regierung und der Bevölkerung in Hongkong ist und wie fragil die Lage in der Metropole mittlerweile geworden ist.
#Text=
11-1	1386-1392	Dieser	_	
11-2	1393-1400	Vorfall	NN	
11-3	1401-1406	zeigt	VVFIN	
11-4	1407-1413	einmal	_	
11-5	1414-1418	mehr	_	
11-6	1418-1419	,	_	
11-7	1420-1423	wie	_	
11-8	1424-1428	tief	ADJD	
11-9	1429-1432	die	_	
11-10	1433-1438	Kluft	NN	
11-11	1439-1447	zwischen	_	
11-12	1448-1451	der	_	
11-13	1452-1461	Regierung	NN	
11-14	1462-1465	und	_	
11-15	1466-1469	der	_	
11-16	1470-1481	Bevölkerung	NN	
11-17	1482-1484	in	_	
11-18	1485-1493	Hongkong	_	
11-19	1494-1497	ist	_	
11-20	1498-1501	und	_	
11-21	1502-1505	wie	_	
11-22	1506-1512	fragil	ADJD	
11-23	1513-1516	die	_	
11-24	1517-1521	Lage	NN	
11-25	1522-1524	in	_	
11-26	1525-1528	der	_	
11-27	1529-1538	Metropole	NN	
11-28	1539-1551	mittlerweile	_	
11-29	1552-1560	geworden	_	
11-30	1561-1564	ist	_	
11-31	1564-1565	.	_	
11-32	1565-1566	
	_	

#Text=Auch international rief der Vorfall Besorgnis hervor.
#Text=
12-1	1566-1570	Auch	_	
12-2	1571-1584	international	ADJD	
12-3	1585-1589	rief	VVFIN	
12-4	1590-1593	der	_	
12-5	1594-1601	Vorfall	NN	
12-6	1602-1611	Besorgnis	NN	
12-7	1612-1618	hervor	PTKVZ	
12-8	1618-1619	.	_	
12-9	1619-1620	
	_	

#Text=Die Vereinten Nationen und die Europäische Union verurteilten den Einsatz von Schusswaffen gegen Demonstranten und forderten eine unabhängige Untersuchung, um die Verantwortlichen zur Rechenschaft zu ziehen.
#Text=
13-1	1620-1623	Die	_	
13-2	1624-1633	Vereinten	ADJA	
13-3	1634-1642	Nationen	NN	
13-4	1643-1646	und	_	
13-5	1647-1650	die	_	
13-6	1651-1662	Europäische	ADJA	
13-7	1663-1668	Union	NN	
13-8	1669-1681	verurteilten	VVFIN	
13-9	1682-1685	den	_	
13-10	1686-1693	Einsatz	NN	
13-11	1694-1697	von	_	
13-12	1698-1710	Schusswaffen	NN	
13-13	1711-1716	gegen	_	
13-14	1717-1730	Demonstranten	NN	
13-15	1731-1734	und	_	
13-16	1735-1744	forderten	VVFIN	
13-17	1745-1749	eine	_	
13-18	1750-1761	unabhängige	ADJA	
13-19	1762-1774	Untersuchung	NN	
13-20	1774-1775	,	_	
13-21	1776-1778	um	_	
13-22	1779-1782	die	_	
13-23	1783-1799	Verantwortlichen	NN	
13-24	1800-1803	zur	_	
13-25	1804-1816	Rechenschaft	NN	
13-26	1817-1819	zu	_	
13-27	1820-1826	ziehen	VVINF	
13-28	1826-1827	.	_	
13-29	1827-1828	
	_	

#Text=Die Regierung in Peking hingegen verteidigte das Vorgehen der Polizei und warf den Demonstranten vor, die öffentliche Ordnung zu untergraben.
#Text=
14-1	1828-1831	Die	_	
14-2	1832-1841	Regierung	NN	
14-3	1842-1844	in	_	
14-4	1845-1851	Peking	_	
14-5	1852-1860	hingegen	_	
14-6	1861-1872	verteidigte	VVFIN	
14-7	1873-1876	das	_	
14-8	1877-1885	Vorgehen	NN	
14-9	1886-1889	der	_	
14-10	1890-1897	Polizei	NN	
14-11	1898-1901	und	_	
14-12	1902-1906	warf	VVFIN	
14-13	1907-1910	den	_	
14-14	1911-1924	Demonstranten	NN	
14-15	1925-1928	vor	PTKVZ	
14-16	1928-1929	,	_	
14-17	1930-1933	die	_	
14-18	1934-1945	öffentliche	ADJA	
14-19	1946-1953	Ordnung	NN	
14-20	1954-1956	zu	_	
14-21	1957-1968	untergraben	VVINF	
14-22	1968-1969	.	_	
14-23	1969-1970	
	_	

#Text=Inmitten dieser angespannten Lage ist eine schnelle Deeskalation dringend erforderlich, um weiteres Blutvergießen zu verhindern.
#Text=
15-1	1970-1978	Inmitten	_	
15-2	1979-1985	dieser	_	
15-3	1986-1998	angespannten	ADJA	
15-4	1999-2003	Lage	NN	
15-5	2004-2007	ist	_	
15-6	2008-2012	eine	_	
15-7	2013-2021	schnelle	ADJA	
15-8	2022-2034	Deeskalation	NN	
15-9	2035-2043	dringend	ADJD	
15-10	2044-2056	erforderlich	ADJD	
15-11	2056-2057	,	_	
15-12	2058-2060	um	_	
15-13	2061-2069	weiteres	ADJA	
15-14	2070-2083	Blutvergießen	NN	
15-15	2084-2086	zu	_	
15-16	2087-2097	verhindern	VVINF	
15-17	2097-2098	.	_	
15-18	2098-2099	
	_	

#Text=Die Regierung von Hongkong muss auf die Forderungen der Demonstranten eingehen und einen Dialog über politische Reformen und demokratische Freiheiten ermöglichen.
#Text=
16-1	2099-2102	Die	_	
16-2	2103-2112	Regierung	NN	
16-3	2113-2116	von	_	
16-4	2117-2125	Hongkong	_	
16-5	2126-2130	muss	_	
16-6	2131-2134	auf	_	
16-7	2135-2138	die	_	
16-8	2139-2150	Forderungen	NN	
16-9	2151-2154	der	_	
16-10	2155-2168	Demonstranten	NN	
16-11	2169-2177	eingehen	VVINF	
16-12	2178-2181	und	_	
16-13	2182-2187	einen	_	
16-14	2188-2194	Dialog	NN	
16-15	2195-2199	über	_	
16-16	2200-2210	politische	ADJA	
16-17	2211-2219	Reformen	NN	
16-18	2220-2223	und	_	
16-19	2224-2237	demokratische	ADJA	
16-20	2238-2248	Freiheiten	NN	
16-21	2249-2260	ermöglichen	VVFIN	
16-22	2260-2261	.	_	
16-23	2261-2262	
	_	

#Text=Die internationale Gemeinschaft muss weiterhin Druck auf China ausüben, um eine friedliche Lösung des Konflikts zu unterstützen.
#Text=
17-1	2262-2265	Die	_	
17-2	2266-2280	internationale	ADJA	
17-3	2281-2293	Gemeinschaft	NN	
17-4	2294-2298	muss	_	
17-5	2299-2308	weiterhin	_	
17-6	2309-2314	Druck	NN	
17-7	2315-2318	auf	_	
17-8	2319-2324	China	_	
17-9	2325-2332	ausüben	VVINF	
17-10	2332-2333	,	_	
17-11	2334-2336	um	_	
17-12	2337-2341	eine	_	
17-13	2342-2352	friedliche	ADJA	
17-14	2353-2359	Lösung	NN	
17-15	2360-2363	des	_	
17-16	2364-2373	Konflikts	NN	
17-17	2374-2376	zu	_	
17-18	2377-2389	unterstützen	VVINF	
17-19	2389-2390	.	_	
17-20	2390-2391	
	_	

#Text=Der Vorfall vom Montagmorgen hat die Protestbewegung in Hongkong weiter radikalisiert und die Spannungen zwischen den Demonstranten und der Polizei weiter verschärft.
#Text=
18-1	2391-2394	Der	_	
18-2	2395-2402	Vorfall	NN	
18-3	2403-2406	vom	_	
18-4	2407-2419	Montagmorgen	NN	
18-5	2420-2423	hat	_	
18-6	2424-2427	die	_	
18-7	2428-2443	Protestbewegung	NN	
18-8	2444-2446	in	_	
18-9	2447-2455	Hongkong	_	
18-10	2456-2462	weiter	_	
18-11	2463-2476	radikalisiert	VVFIN	
18-12	2477-2480	und	_	
18-13	2481-2484	die	_	
18-14	2485-2495	Spannungen	NN	
18-15	2496-2504	zwischen	_	
18-16	2505-2508	den	_	
18-17	2509-2522	Demonstranten	NN	
18-18	2523-2526	und	_	
18-19	2527-2530	der	_	
18-20	2531-2538	Polizei	NN	
18-21	2539-2545	weiter	_	
18-22	2546-2556	verschärft	VVPP	
18-23	2556-2557	.	_	
18-24	2557-2558	
	_	

#Text=Die Zukunft der Metropole bleibt ungewiss, doch eines ist sicher: Die Menschen in Hongkong sind entschlossen, für ihre Freiheit und Demokratie zu kämpfen, egal welche Opfer sie dafür bringen müssen.
#Text=
19-1	2558-2561	Die	_	
19-2	2562-2569	Zukunft	NN	
19-3	2570-2573	der	_	
19-4	2574-2583	Metropole	NN	
19-5	2584-2590	bleibt	VVFIN	
19-6	2591-2599	ungewiss	ADJD	
19-7	2599-2600	,	_	
19-8	2601-2605	doch	_	
19-9	2606-2611	eines	_	
19-10	2612-2615	ist	_	
19-11	2616-2622	sicher	ADJD	
19-12	2622-2623	:	_	
19-13	2624-2627	Die	_	
19-14	2628-2636	Menschen	NN	
19-15	2637-2639	in	_	
19-16	2640-2648	Hongkong	_	
19-17	2649-2653	sind	_	
19-18	2654-2666	entschlossen	VVPP	
19-19	2666-2667	,	_	
19-20	2668-2671	für	_	
19-21	2672-2676	ihre	_	
19-22	2677-2685	Freiheit	NN	
19-23	2686-2689	und	_	
19-24	2690-2700	Demokratie	NN	
19-25	2701-2703	zu	_	
19-26	2704-2711	kämpfen	VVINF	
19-27	2711-2712	,	_	
19-28	2713-2717	egal	_	
19-29	2718-2724	welche	_	
19-30	2725-2730	Opfer	NN	
19-31	2731-2734	sie	_	
19-32	2735-2740	dafür	_	
19-33	2741-2748	bringen	VVINF	
19-34	2749-2755	müssen	_	
19-35	2755-2756	.	_	
19-36	2756-2757	
	_	
