#FORMAT=WebAnno TSV 3.3
#T_SP=webanno.custom.MetaphorFlags|MetaphorFlag
#T_SP=webanno.custom.Metaphors|Conventionality|Metaphern
#T_SP=webanno.custom.POS|pos_tag
#T_RL=webanno.custom.UnitofAnalysis|bidirectionalrelation|BT_webanno.custom.Metaphors


#Text=Bundesgesundheitsminister Jens Spahn (CDU) möchte Versuche verbieten, Homosexualität wie eine Krankheit zu "heilen".
#Text=
1-1	0-25	Bundesgesundheitsminister	_	O	O	NN	_	_	
1-2	26-30	Jens	_	_	_	_	_	_	
1-3	31-36	Spahn	_	_	_	_	_	_	
1-4	37-38	(	_	_	_	_	_	_	
1-5	38-41	CDU	_	_	_	_	_	_	
1-6	41-42	)	_	_	_	_	_	_	
1-7	43-49	möchte	_	_	_	_	_	_	
1-8	50-58	Versuche	_	O	O	NN	_	_	
1-9	59-68	verbieten	_	O	O	VVINF	_	_	
1-10	68-69	,	_	_	_	_	_	_	
1-11	70-84	Homosexualität	_	O	O	NN	_	_	
1-12	85-88	wie	MFlag	_	_	_	_	_	
1-13	89-93	eine	_	_	_	_	_	_	
1-14	94-103	Krankheit	_	O	WIDLII	NN	_	_	
1-15	104-106	zu	_	_	_	_	_	_	
1-16	107-108	"	_	_	_	_	_	_	
1-17	108-114	heilen	_	O	WIDLII	VVINF	_	_	
1-18	114-115	"	_	_	_	_	_	_	
1-19	115-116	.	_	_	_	_	_	_	
1-20	116-117	
	_	_	_	_	_	_	

#Text=Am Dienstag stellte er zwei Gutachten vor, die belegen sollen, dass Strafen für diese sogenannten Konversionstherapien sowohl verfassungsrechtlich machbar als auch medizinisch geboten seien.
#Text=
2-1	117-119	Am	_	_	_	_	_	_	
2-2	120-128	Dienstag	_	O	O	NN	_	_	
2-3	129-136	stellte	_	KON	MRW	VVFIN	_	_	
2-4	137-139	er	_	_	_	_	_	_	
2-5	140-144	zwei	_	_	_	_	_	_	
2-6	145-154	Gutachten	_	O	O	NN	_	_	
2-7	155-158	vor	_	KON	MRW	PTKVZ	belong together	2-3	
2-8	158-159	,	_	_	_	_	_	_	
2-9	160-163	die	_	_	_	_	_	_	
2-10	164-171	belegen	_	O	O	VVINF	_	_	
2-11	172-178	sollen	_	_	_	_	_	_	
2-12	178-179	,	_	_	_	_	_	_	
2-13	180-184	dass	_	_	_	_	_	_	
2-14	185-192	Strafen	_	O	O	NN	_	_	
2-15	193-196	für	_	_	_	_	_	_	
2-16	197-202	diese	_	_	_	_	_	_	
2-17	203-214	sogenannten	_	O	O	ADJA	_	_	
2-18	215-235	Konversionstherapien	_	O	O	NN	_	_	
2-19	236-242	sowohl	_	_	_	_	_	_	
2-20	243-263	verfassungsrechtlich	_	O	O	ADJD	_	_	
2-21	264-271	machbar	_	O	O	ADJD	_	_	
2-22	272-275	als	_	_	_	_	_	_	
2-23	276-280	auch	_	_	_	_	_	_	
2-24	281-292	medizinisch	_	O	O	ADJD	_	_	
2-25	293-300	geboten	_	O	O	VVPP	_	_	
2-26	301-306	seien	_	_	_	_	_	_	
2-27	306-307	.	_	_	_	_	_	_	
2-28	307-308	
	_	_	_	_	_	_	

#Text="Homosexualität ist keine Krankheit und daher auch nicht therapiebedürftig", sagte Spahn.
#Text=
3-1	308-309	"	_	_	_	_	_	_	
3-2	309-323	Homosexualität	_	O	O	NN	_	_	
3-3	324-327	ist	_	_	_	_	_	_	
3-4	328-333	keine	_	_	_	_	_	_	
3-5	334-343	Krankheit	_	O	O	NN	_	_	
3-6	344-347	und	_	_	_	_	_	_	
3-7	348-353	daher	_	_	_	_	_	_	
3-8	354-358	auch	_	_	_	_	_	_	
3-9	359-364	nicht	_	_	_	_	_	_	
3-10	365-382	therapiebedürftig	_	_	_	ADJD	_	_	
3-10.1	365-373	therapie	_	O	O	_	_	_	
3-10.2	373-382	bedürftig	_	O	O	_	_	_	
3-11	382-383	"	_	_	_	_	_	_	
3-12	383-384	,	_	_	_	_	_	_	
3-13	385-390	sagte	_	O	O	VVFIN	_	_	
3-14	391-396	Spahn	_	_	_	_	_	_	
3-15	396-397	.	_	_	_	_	_	_	
3-16	397-398	
	_	_	_	_	_	_	

#Text=Er wolle nun Justizministerin Katarina Barley (SPD) bitten, noch in diesem Jahr ein entsprechendes Gesetz vorzulegen.
#Text=
4-1	398-400	Er	_	_	_	_	_	_	
4-2	401-406	wolle	_	_	_	_	_	_	
4-3	407-410	nun	_	_	_	_	_	_	
4-4	411-427	Justizministerin	_	O	O	NN	_	_	
4-5	428-436	Katarina	_	_	_	_	_	_	
4-6	437-443	Barley	_	_	_	_	_	_	
4-7	444-445	(	_	_	_	_	_	_	
4-8	445-448	SPD	_	_	_	_	_	_	
4-9	448-449	)	_	_	_	_	_	_	
4-10	450-456	bitten	_	O	O	VVINF	_	_	
4-11	456-457	,	_	_	_	_	_	_	
4-12	458-462	noch	_	_	_	_	_	_	
4-13	463-465	in	_	_	_	_	_	_	
4-14	466-472	diesem	_	_	_	_	_	_	
4-15	473-477	Jahr	_	O	O	NN	_	_	
4-16	478-481	ein	_	_	_	_	_	_	
4-17	482-496	entsprechendes	_	O	O	ADJA	_	_	
4-18	497-503	Gesetz	_	O	O	NN	_	_	
4-19	504-514	vorzulegen	_	KON	MRW	VVIZU	_	_	
4-20	514-515	.	_	_	_	_	_	_	
4-21	515-516	
	_	_	_	_	_	_	

#Text=Aus dem Justizministerium heißt es, man sei dazu bereits mit Spahns Haus im Gespräch und prüfe, wie eine Regelung aussehen könne.
#Text=
5-1	516-519	Aus	_	_	_	_	_	_	
5-2	520-523	dem	_	_	_	_	_	_	
5-3	524-541	Justizministerium	_	O	O	NN	_	_	
5-4	542-547	heißt	_	O	O	VVFIN	_	_	
5-5	548-550	es	_	_	_	_	_	_	
5-6	550-551	,	_	_	_	_	_	_	
5-7	552-555	man	_	_	_	_	_	_	
5-8	556-559	sei	_	_	_	_	_	_	
5-9	560-564	dazu	_	_	_	_	_	_	
5-10	565-572	bereits	_	_	_	_	_	_	
5-11	573-576	mit	_	_	_	_	_	_	
5-12	577-583	Spahns	_	_	_	_	_	_	
5-13	584-588	Haus	_	O	O	NN	_	_	
5-14	589-591	im	_	_	_	_	_	_	
5-15	592-600	Gespräch	_	O	O	NN	_	_	
5-16	601-604	und	_	_	_	_	_	_	
5-17	605-610	prüfe	_	O	O	VVFIN	_	_	
5-18	610-611	,	_	_	_	_	_	_	
5-19	612-615	wie	_	_	_	_	_	_	
5-20	616-620	eine	_	_	_	_	_	_	
5-21	621-629	Regelung	_	O	O	NN	_	_	
5-22	630-638	aussehen	_	NKON	MRW	VVINF	_	_	
5-23	639-644	könne	_	_	_	_	_	_	
5-24	644-645	.	_	_	_	_	_	_	
5-25	645-646	
	_	_	_	_	_	_	

#Text=Solche "Therapien" seien "ein Verstoß gegen die Menschenwürde", sagte ein Sprecher.
#Text=
6-1	646-652	Solche	_	_	_	_	_	_	
6-2	653-654	"	_	_	_	_	_	_	
6-3	654-663	Therapien	_	O	O	NN	_	_	
6-4	663-664	"	_	_	_	_	_	_	
6-5	665-670	seien	_	_	_	_	_	_	
6-6	671-672	"	_	_	_	_	_	_	
6-7	672-675	ein	_	_	_	_	_	_	
6-8	676-683	Verstoß	_	O	O	NN	_	_	
6-9	684-689	gegen	_	_	_	_	_	_	
6-10	690-693	die	_	_	_	_	_	_	
6-11	694-707	Menschenwürde	_	O	O	NN	_	_	
6-12	707-708	"	_	_	_	_	_	_	
6-13	708-709	,	_	_	_	_	_	_	
6-14	710-715	sagte	_	O	O	VVFIN	_	_	
6-15	716-719	ein	_	_	_	_	_	_	
6-16	720-728	Sprecher	_	O	O	NN	_	_	
6-17	728-729	.	_	_	_	_	_	_	
6-18	729-730	
	_	_	_	_	_	_	

#Text=Nach Recherchen einer Fachkommission, die Spahn Anfang April einberufen hatte, versuchen in Deutschland bis heute regelmäßig Geistliche, Psychotherapeuten, Ärzte oder Coaches, Menschen ihre sexuelle Orientierung auszureden.
#Text=
7-1	730-734	Nach	_	_	_	_	_	_	
7-2	735-745	Recherchen	_	O	O	NN	_	_	
7-3	746-751	einer	_	_	_	_	_	_	
7-4	752-766	Fachkommission	_	O	O	NN	_	_	
7-5	766-767	,	_	_	_	_	_	_	
7-6	768-771	die	_	_	_	_	_	_	
7-7	772-777	Spahn	_	_	_	_	_	_	
7-8	778-784	Anfang	_	KON	MRW	NN	_	_	
7-9	785-790	April	_	O	O	NN	_	_	
7-10	791-801	einberufen	_	O	O	VVPP	_	_	
7-11	802-807	hatte	_	_	_	_	_	_	
7-12	807-808	,	_	_	_	_	_	_	
7-13	809-818	versuchen	_	O	O	VVFIN	_	_	
7-14	819-821	in	_	_	_	_	_	_	
7-15	822-833	Deutschland	_	_	_	_	_	_	
7-16	834-837	bis	_	_	_	_	_	_	
7-17	838-843	heute	_	_	_	_	_	_	
7-18	844-854	regelmäßig	_	O	O	ADJD	_	_	
7-19	855-865	Geistliche	_	O	O	NN	_	_	
7-20	865-866	,	_	_	_	_	_	_	
7-21	867-884	Psychotherapeuten	_	O	O	NN	_	_	
7-22	884-885	,	_	_	_	_	_	_	
7-23	886-891	Ärzte	_	O	O	NN	_	_	
7-24	892-896	oder	_	_	_	_	_	_	
7-25	897-904	Coaches	_	O	O	NN	_	_	
7-26	904-905	,	_	_	_	_	_	_	
7-27	906-914	Menschen	_	O	O	NN	_	_	
7-28	915-919	ihre	_	_	_	_	_	_	
7-29	920-928	sexuelle	_	O	O	ADJA	_	_	
7-30	929-941	Orientierung	_	KON	MRW	NN	_	_	
7-31	942-952	auszureden	_	O	O	VVIZU	_	_	
7-32	952-953	.	_	_	_	_	_	_	
7-33	953-954	
	_	_	_	_	_	_	

#Text=Vor allem unter evangelikalen Christen seien Maßnahmen gängig, Homosexuelle in Gruppen- oder Einzelgesprächen zu einer heterosexuellen Orientierung zu drängen.
#Text=
8-1	954-957	Vor	_	_	_	_	_	_	
8-2	958-963	allem	_	_	_	_	_	_	
8-3	964-969	unter	_	_	_	_	_	_	
8-4	970-983	evangelikalen	_	O	O	ADJA	_	_	
8-5	984-992	Christen	_	O	O	NN	_	_	
8-6	993-998	seien	_	_	_	_	_	_	
8-7	999-1008	Maßnahmen	_	O	O	NN	_	_	
8-8	1009-1015	gängig	_	O	O	ADJD	_	_	
8-9	1015-1016	,	_	_	_	_	_	_	
8-10	1017-1029	Homosexuelle	_	O	O	NN	_	_	
8-11	1030-1032	in	_	_	_	_	_	_	
8-12	1033-1041	Gruppen-	_	O	DFMA	TRUNC	_	_	
8-13	1042-1046	oder	_	_	_	_	_	_	
8-14	1047-1063	Einzelgesprächen	_	O	O	NN	_	_	
8-15	1064-1066	zu	_	_	_	_	_	_	
8-16	1067-1072	einer	_	_	_	_	_	_	
8-17	1073-1088	heterosexuellen	_	O	O	ADJA	_	_	
8-18	1089-1101	Orientierung	_	KON	MRW	NN	_	_	
8-19	1102-1104	zu	_	_	_	_	_	_	
8-20	1105-1112	drängen	_	KON	MRW	VVINF	_	_	
8-21	1112-1113	.	_	_	_	_	_	_	
8-22	1113-1114	
	_	_	_	_	_	_	

#Text=Einige Ärzte oder Therapeuten rechneten solche Maßnahmen sogar bei den Krankenkassen ab, allerdings unter anderem Namen.
#Text=
9-1	1114-1120	Einige	_	_	_	_	_	_	
9-2	1121-1126	Ärzte	_	O	O	NN	_	_	
9-3	1127-1131	oder	_	_	_	_	_	_	
9-4	1132-1143	Therapeuten	_	O	O	NN	_	_	
9-5	1144-1153	rechneten	_	O	O	VVFIN	_	_	
9-6	1154-1160	solche	_	_	_	_	_	_	
9-7	1161-1170	Maßnahmen	_	O	O	NN	_	_	
9-8	1171-1176	sogar	_	_	_	_	_	_	
9-9	1177-1180	bei	_	_	_	_	_	_	
9-10	1181-1184	den	_	_	_	_	_	_	
9-11	1185-1198	Krankenkassen	_	O	O	NN	_	_	
9-12	1199-1201	ab	_	O	O	PTKVZ	belong together	9-5	
9-13	1201-1202	,	_	_	_	_	_	_	
9-14	1203-1213	allerdings	_	_	_	_	_	_	
9-15	1214-1219	unter	_	_	_	_	_	_	
9-16	1220-1227	anderem	_	_	_	_	_	_	
9-17	1228-1233	Namen	_	O	O	NN	_	_	
9-18	1233-1234	.	_	_	_	_	_	_	
9-19	1234-1235	
	_	_	_	_	_	_	

#Text=Diese Interventionen verstießen schon lange gegen medizinische Leitlinien, sagte Jörg Litwinschuh-Barthel von der Magnus-Hirschfeld-Stiftung, die sich für die Rechte von Homosexuellen einsetzt.
#Text=
10-1	1235-1240	Diese	_	_	_	_	_	_	
10-2	1241-1255	Interventionen	_	O	O	NN	_	_	
10-3	1256-1266	verstießen	_	O	PERS	VVFIN	_	_	
10-4	1267-1272	schon	_	_	_	_	_	_	
10-5	1273-1278	lange	_	_	_	_	_	_	
10-6	1279-1284	gegen	_	_	_	_	_	_	
10-7	1285-1297	medizinische	_	O	O	ADJA	_	_	
10-8	1298-1308	Leitlinien	_	KON	MRW	NN	_	_	
10-9	1308-1309	,	_	_	_	_	_	_	
10-10	1310-1315	sagte	_	O	O	VVFIN	_	_	
10-11	1316-1320	Jörg	_	_	_	_	_	_	
10-12	1321-1340	Litwinschuh-Barthel	_	_	_	_	_	_	
10-13	1341-1344	von	_	_	_	_	_	_	
10-14	1345-1348	der	_	_	_	_	_	_	
10-15	1349-1375	Magnus-Hirschfeld-Stiftung	_	_	_	_	_	_	
10-16	1375-1376	,	_	_	_	_	_	_	
10-17	1377-1380	die	_	_	_	_	_	_	
10-18	1381-1385	sich	_	_	_	_	_	_	
10-19	1386-1389	für	_	_	_	_	_	_	
10-20	1390-1393	die	_	_	_	_	_	_	
10-21	1394-1400	Rechte	_	O	O	NN	_	_	
10-22	1401-1404	von	_	_	_	_	_	_	
10-23	1405-1418	Homosexuellen	_	O	O	NN	_	_	
10-24	1419-1427	einsetzt	_	O	O	VVFIN	_	_	
10-25	1427-1428	.	_	_	_	_	_	_	
10-26	1428-1429	
	_	_	_	_	_	_	

#Text=Zum Teil seien es auch Familienmitglieder, die etwa fragwürdige Abschreckungsmethoden an Schwulen und Lesben ausprobierten.
#Text=
11-1	1429-1432	Zum	_	_	_	_	_	_	
11-2	1433-1437	Teil	_	KON	MRW	NN	_	_	
11-3	1438-1443	seien	_	_	_	_	_	_	
11-4	1444-1446	es	_	_	_	_	_	_	
11-5	1447-1451	auch	_	_	_	_	_	_	
11-6	1452-1470	Familienmitglieder	_	O	O	NN	_	_	
11-7	1470-1471	,	_	_	_	_	_	_	
11-8	1472-1475	die	_	_	_	_	_	_	
11-9	1476-1480	etwa	_	_	_	_	_	_	
11-10	1481-1492	fragwürdige	_	O	O	ADJA	_	_	
11-11	1493-1514	Abschreckungsmethoden	_	_	_	NN	_	_	
11-11.1	1493-1506	Abschreckungs	_	O	O	_	_	_	
11-11.2	1506-1514	methoden	_	O	O	_	_	_	
11-12	1515-1517	an	_	_	_	_	_	_	
11-13	1518-1526	Schwulen	_	O	O	NN	_	_	
11-14	1527-1530	und	_	_	_	_	_	_	
11-15	1531-1537	Lesben	_	O	O	NN	_	_	
11-16	1538-1551	ausprobierten	_	O	O	VVFIN	_	_	
11-17	1551-1552	.	_	_	_	_	_	_	
11-18	1552-1553	
	_	_	_	_	_	_	

#Text=Etwa 1000 Menschen seien in Deutschland jedes Jahr betroffen, schätzte er.
#Text=
12-1	1553-1557	Etwa	_	_	_	_	_	_	
12-2	1558-1562	1000	_	_	_	_	_	_	
12-3	1563-1571	Menschen	_	O	O	NN	_	_	
12-4	1572-1577	seien	_	_	_	_	_	_	
12-5	1578-1580	in	_	_	_	_	_	_	
12-6	1581-1592	Deutschland	_	_	_	_	_	_	
12-7	1593-1598	jedes	_	_	_	_	_	_	
12-8	1599-1603	Jahr	_	O	O	NN	_	_	
12-9	1604-1613	betroffen	_	O	O	VVPP	_	_	
12-10	1613-1614	,	_	_	_	_	_	_	
12-11	1615-1623	schätzte	_	O	O	VVFIN	_	_	
12-12	1624-1626	er	_	_	_	_	_	_	
12-13	1626-1627	.	_	_	_	_	_	_	
12-14	1627-1628	
	_	_	_	_	_	_	

#Text=Bis in die Siebzigerjahre hätten Ärzte noch versucht, Homosexualität durch Operationen am Gehirn oder durch Kastrationen zu beheben, sagte der Hamburger Sexualwissenschaftler Peer Briken.
#Text=
13-1	1628-1631	Bis	_	_	_	_	_	_	
13-2	1632-1634	in	_	_	_	_	_	_	
13-3	1635-1638	die	_	_	_	_	_	_	
13-4	1639-1653	Siebzigerjahre	_	O	O	NN	_	_	
13-5	1654-1660	hätten	_	_	_	_	_	_	
13-6	1661-1666	Ärzte	_	O	O	NN	_	_	
13-7	1667-1671	noch	_	_	_	_	_	_	
13-8	1672-1680	versucht	_	O	O	VVPP	_	_	
13-9	1680-1681	,	_	_	_	_	_	_	
13-10	1682-1696	Homosexualität	_	O	O	NN	_	_	
13-11	1697-1702	durch	_	_	_	_	_	_	
13-12	1703-1714	Operationen	_	O	O	NN	_	_	
13-13	1715-1717	am	_	_	_	_	_	_	
13-14	1718-1724	Gehirn	_	O	O	NN	_	_	
13-15	1725-1729	oder	_	_	_	_	_	_	
13-16	1730-1735	durch	_	_	_	_	_	_	
13-17	1736-1748	Kastrationen	_	O	O	NN	_	_	
13-18	1749-1751	zu	_	_	_	_	_	_	
13-19	1752-1759	beheben	_	O	O	VVINF	_	_	
13-20	1759-1760	,	_	_	_	_	_	_	
13-21	1761-1766	sagte	_	O	O	VVFIN	_	_	
13-22	1767-1770	der	_	_	_	_	_	_	
13-23	1771-1780	Hamburger	_	O	O	ADJA	_	_	
13-24	1781-1802	Sexualwissenschaftler	_	O	O	NN	_	_	
13-25	1803-1807	Peer	_	_	_	_	_	_	
13-26	1808-1814	Briken	_	_	_	_	_	_	
13-27	1814-1815	.	_	_	_	_	_	_	
13-28	1815-1816	
	_	_	_	_	_	_	

#Text=Auch Elektroschocks oder Brechmittel seien eingesetzt worden.
#Text=
14-1	1816-1820	Auch	_	_	_	_	_	_	
14-2	1821-1835	Elektroschocks	_	O	O	NN	_	_	
14-3	1836-1840	oder	_	_	_	_	_	_	
14-4	1841-1852	Brechmittel	_	O	O	NN	_	_	
14-5	1853-1858	seien	_	_	_	_	_	_	
14-6	1859-1869	eingesetzt	_	KON	MRW	VVPP	_	_	
14-7	1870-1876	worden	_	_	_	_	_	_	
14-8	1876-1877	.	_	_	_	_	_	_	
14-9	1877-1878	
	_	_	_	_	_	_	

#Text=In seinem Gutachten nennt er diese Eingriffe "Irrwege" der Medizin.
#Text=
15-1	1878-1880	In	_	_	_	_	_	_	
15-2	1881-1887	seinem	_	_	_	_	_	_	
15-3	1888-1897	Gutachten	_	O	O	NN	_	_	
15-4	1898-1903	nennt	_	O	O	VVFIN	_	_	
15-5	1904-1906	er	_	_	_	_	_	_	
15-6	1907-1912	diese	_	_	_	_	_	_	
15-7	1913-1922	Eingriffe	_	KON	MRW	NN	_	_	
15-8	1923-1924	"	_	_	_	_	_	_	
15-9	1924-1931	Irrwege	_	O	O	NN	_	_	
15-10	1931-1932	"	_	_	_	_	_	_	
15-11	1933-1936	der	_	_	_	_	_	_	
15-12	1937-1944	Medizin	_	O	O	NN	_	_	
15-13	1944-1945	.	_	_	_	_	_	_	
15-14	1945-1946	
	_	_	_	_	_	_	

#Text=Es gebe "keine Hinweise darauf, dass Homosexualität eine Störung oder gar Krankheit" sei.
#Text=
16-1	1946-1948	Es	_	_	_	_	_	_	
16-2	1949-1953	gebe	_	O	O	VVFIN	_	_	
16-3	1954-1955	"	_	_	_	_	_	_	
16-4	1955-1960	keine	_	_	_	_	_	_	
16-5	1961-1969	Hinweise	_	O	O	NN	_	_	
16-6	1970-1976	darauf	_	_	_	_	_	_	
16-7	1976-1977	,	_	_	_	_	_	_	
16-8	1978-1982	dass	_	_	_	_	_	_	
16-9	1983-1997	Homosexualität	_	O	O	NN	_	_	
16-10	1998-2002	eine	_	_	_	_	_	_	
16-11	2003-2010	Störung	_	O	O	NN	_	_	
16-12	2011-2015	oder	_	_	_	_	_	_	
16-13	2016-2019	gar	_	_	_	_	_	_	
16-14	2020-2029	Krankheit	_	O	O	NN	_	_	
16-15	2029-2030	"	_	_	_	_	_	_	
16-16	2031-2034	sei	_	_	_	_	_	_	
16-17	2034-2035	.	_	_	_	_	_	_	
16-18	2035-2036	
	_	_	_	_	_	_	

#Text=Nichts spreche dafür, dass Konversionsmaßnahmen wirksam seien.
#Text=
17-1	2036-2042	Nichts	_	_	_	_	_	_	
17-2	2043-2050	spreche	_	O	O	VVFIN	_	_	
17-3	2051-2056	dafür	_	O	O	PTKVZ	belong together	17-2	
17-4	2056-2057	,	_	_	_	_	_	_	
17-5	2058-2062	dass	_	_	_	_	_	_	
17-6	2063-2083	Konversionsmaßnahmen	_	_	_	NN	_	_	
17-6.1	2063-2074	Konversions	_	NKON	MRW	_	_	_	
17-6.2	2074-2083	maßnahmen	_	O	O	_	_	_	
17-7	2084-2091	wirksam	_	O	O	ADJD	_	_	
17-8	2092-2097	seien	_	_	_	_	_	_	
17-9	2097-2098	.	_	_	_	_	_	_	
17-10	2098-2099	
	_	_	_	_	_	_	

#Text=Vielmehr berichteten betroffene Menschen von negativen Folgen wie Depressionen und Angstzuständen.
#Text=
18-1	2099-2107	Vielmehr	_	_	_	_	_	_	
18-2	2108-2119	berichteten	_	O	O	VVFIN	_	_	
18-3	2120-2130	betroffene	_	O	O	ADJA	_	_	
18-4	2131-2139	Menschen	_	O	O	NN	_	_	
18-5	2140-2143	von	_	_	_	_	_	_	
18-6	2144-2153	negativen	_	O	O	ADJA	_	_	
18-7	2154-2160	Folgen	_	O	O	NN	_	_	
18-8	2161-2164	wie	_	_	_	_	_	_	
18-9	2165-2177	Depressionen	_	O	O	NN	_	_	
18-10	2178-2181	und	_	_	_	_	_	_	
18-11	2182-2196	Angstzuständen	_	O	O	NN	_	_	
18-12	2196-2197	.	_	_	_	_	_	_	
18-13	2197-2198	
	_	_	_	_	_	_	

#Text=Der Münchner Rechtsprofessor Martin Burgi kommt in seinem Gutachten zu dem Schluss, dass die heutige Rechtslage Betroffene kaum vor einem solchen unzulässigen Eingriff in ihre Gesundheit und sexuelle Selbstbestimmung schütze.
#Text=
19-1	2198-2201	Der	_	_	_	_	_	_	
19-2	2202-2210	Münchner	_	O	O	ADJA	_	_	
19-3	2211-2226	Rechtsprofessor	_	O	O	NN	_	_	
19-4	2227-2233	Martin	_	_	_	_	_	_	
19-5	2234-2239	Burgi	_	_	_	_	_	_	
19-6	2240-2245	kommt	_	KON	MRW	VVFIN	_	_	
19-7	2246-2248	in	_	_	_	_	_	_	
19-8	2249-2255	seinem	_	_	_	_	_	_	
19-9	2256-2265	Gutachten	_	O	O	NN	_	_	
19-10	2266-2268	zu	_	_	_	_	_	_	
19-11	2269-2272	dem	_	_	_	_	_	_	
19-12	2273-2280	Schluss	_	O	O	NN	_	_	
19-13	2280-2281	,	_	_	_	_	_	_	
19-14	2282-2286	dass	_	_	_	_	_	_	
19-15	2287-2290	die	_	_	_	_	_	_	
19-16	2291-2298	heutige	_	O	O	ADJA	_	_	
19-17	2299-2309	Rechtslage	_	O	O	NN	_	_	
19-18	2310-2320	Betroffene	_	O	O	NN	_	_	
19-19	2321-2325	kaum	_	_	_	_	_	_	
19-20	2326-2329	vor	_	_	_	_	_	_	
19-21	2330-2335	einem	_	_	_	_	_	_	
19-22	2336-2343	solchen	_	_	_	_	_	_	
19-23	2344-2356	unzulässigen	_	O	O	ADJA	_	_	
19-24	2357-2365	Eingriff	_	KON	MRW	NN	_	_	
19-25	2366-2368	in	_	_	_	_	_	_	
19-26	2369-2373	ihre	_	_	_	_	_	_	
19-27	2374-2384	Gesundheit	_	O	O	NN	_	_	
19-28	2385-2388	und	_	_	_	_	_	_	
19-29	2389-2397	sexuelle	_	O	O	ADJA	_	_	
19-30	2398-2414	Selbstbestimmung	_	O	O	NN	_	_	
19-31	2415-2422	schütze	_	O	PERS	VVFIN	_	_	
19-32	2422-2423	.	_	_	_	_	_	_	
19-33	2423-2424	
	_	_	_	_	_	_	

#Text=Konversionsmaßnahmen seien diskriminierend und könnten deshalb auf der Grundlage des Grundgesetzes verboten werden.
#Text=
20-1	2424-2444	Konversionsmaßnahmen	_	_	_	NN	_	_	
20-1.1	2424-2435	Konversions	_	NKON	MRW	_	_	_	
20-1.2	2435-2444	maßnahmen	_	O	O	_	_	_	
20-2	2445-2450	seien	_	_	_	_	_	_	
20-3	2451-2466	diskriminierend	_	O	O	ADJD	_	_	
20-4	2467-2470	und	_	_	_	_	_	_	
20-5	2471-2478	könnten	_	_	_	_	_	_	
20-6	2479-2486	deshalb	_	_	_	_	_	_	
20-7	2487-2490	auf	_	_	_	_	_	_	
20-8	2491-2494	der	_	_	_	_	_	_	
20-9	2495-2504	Grundlage	_	O	O	NN	_	_	
20-10	2505-2508	des	_	_	_	_	_	_	
20-11	2509-2522	Grundgesetzes	_	O	O	NN	_	_	
20-12	2523-2531	verboten	_	O	O	VVPP	_	_	
20-13	2532-2538	werden	_	_	_	_	_	_	
20-14	2538-2539	.	_	_	_	_	_	_	
20-15	2539-2540	
	_	_	_	_	_	_	

#Text=Fraglich sei aber, ob es sich künftig um einen Straftatbestand oder um eine Ordnungswidrigkeit handeln würde, wenn ein Therapeut gegen ein solches Verbot verstoße.
#Text=
21-1	2540-2548	Fraglich	_	O	O	ADJD	_	_	
21-2	2549-2552	sei	_	_	_	_	_	_	
21-3	2553-2557	aber	_	_	_	_	_	_	
21-4	2557-2558	,	_	_	_	_	_	_	
21-5	2559-2561	ob	_	_	_	_	_	_	
21-6	2562-2564	es	_	_	_	_	_	_	
21-7	2565-2569	sich	_	_	_	_	_	_	
21-8	2570-2577	künftig	_	O	O	ADJD	_	_	
21-9	2578-2580	um	_	_	_	_	_	_	
21-10	2581-2586	einen	_	_	_	_	_	_	
21-11	2587-2602	Straftatbestand	_	O	O	NN	_	_	
21-12	2603-2607	oder	_	_	_	_	_	_	
21-13	2608-2610	um	_	_	_	_	_	_	
21-14	2611-2615	eine	_	_	_	_	_	_	
21-15	2616-2634	Ordnungswidrigkeit	_	O	O	NN	_	_	
21-16	2635-2642	handeln	_	O	O	VVINF	_	_	
21-17	2643-2648	würde	_	_	_	_	_	_	
21-18	2648-2649	,	_	_	_	_	_	_	
21-19	2650-2654	wenn	_	_	_	_	_	_	
21-20	2655-2658	ein	_	_	_	_	_	_	
21-21	2659-2668	Therapeut	_	O	O	NN	_	_	
21-22	2669-2674	gegen	_	_	_	_	_	_	
21-23	2675-2678	ein	_	_	_	_	_	_	
21-24	2679-2686	solches	_	_	_	_	_	_	
21-25	2687-2693	Verbot	_	O	O	NN	_	_	
21-26	2694-2702	verstoße	_	O	O	VVFIN	_	_	
21-27	2702-2703	.	_	_	_	_	_	_	
21-28	2703-2704	
	_	_	_	_	_	_	

#Text=Die Grünen hatten bereits im Februar beantragt, sogenannte Heilungen von Homosexuellen zu verbieten.
#Text=
22-1	2704-2707	Die	_	_	_	_	_	_	
22-2	2708-2714	Grünen	_	O	O	NN	_	_	
22-3	2715-2721	hatten	_	_	_	_	_	_	
22-4	2722-2729	bereits	_	_	_	_	_	_	
22-5	2730-2732	im	_	_	_	_	_	_	
22-6	2733-2740	Februar	_	O	O	NN	_	_	
22-7	2741-2750	beantragt	_	O	O	VVPP	_	_	
22-8	2750-2751	,	_	_	_	_	_	_	
22-9	2752-2762	sogenannte	_	O	O	ADJA	_	_	
22-10	2763-2772	Heilungen	_	O	O	NN	_	_	
22-11	2773-2776	von	_	_	_	_	_	_	
22-12	2777-2790	Homosexuellen	_	O	O	NN	_	_	
22-13	2791-2793	zu	_	_	_	_	_	_	
22-14	2794-2803	verbieten	_	O	O	VVINF	_	_	
22-15	2803-2804	.	_	_	_	_	_	_	
22-16	2804-2805	
	_	_	_	_	_	_	

#Text=Die SPD-Gesundheitspolitikerin Hilde Mattheis glaubt nun an eine "breite Mehrheit" dafür im Bundestag.
#Text=
23-1	2805-2808	Die	_	_	_	_	_	_	
23-2	2809-2835	SPD-Gesundheitspolitikerin	_	_	_	_	_	_	
23-3	2836-2841	Hilde	_	_	_	_	_	_	
23-4	2842-2850	Mattheis	_	_	_	_	_	_	
23-5	2851-2857	glaubt	_	O	O	VVFIN	_	_	
23-6	2858-2861	nun	_	_	_	_	_	_	
23-7	2862-2864	an	_	_	_	_	_	_	
23-8	2865-2869	eine	_	_	_	_	_	_	
23-9	2870-2871	"	_	_	_	_	_	_	
23-10	2871-2877	breite	_	KON	MRW	ADJA	_	_	
23-11	2878-2886	Mehrheit	_	O	O	NN	_	_	
23-12	2886-2887	"	_	_	_	_	_	_	
23-13	2888-2893	dafür	_	_	_	_	_	_	
23-14	2894-2896	im	_	_	_	_	_	_	
23-15	2897-2906	Bundestag	_	O	O	NN	_	_	
23-16	2906-2907	.	_	_	_	_	_	_	
23-17	2907-2908	
	_	_	_	_	_	_	
