#FORMAT=WebAnno TSV 3.3
#T_SP=webanno.custom.Metaphors|Conventionality|Metaphern
#T_SP=webanno.custom.POS|pos_tag
#T_RL=webanno.custom.UnitofAnalysis|bidirectionalrelation|BT_webanno.custom.Metaphors


#Text=US-Präsident Donald Trump hat einen Staatsbesuch in Dänemark vorerst abgesagt.
#Text=
1-1	0-12	US-Präsident	_	_	_	_	_	
1-2	13-19	Donald	_	_	_	_	_	
1-3	20-25	Trump	_	_	_	_	_	
1-4	26-29	hat	_	_	_	_	_	
1-5	30-35	einen	_	_	_	_	_	
1-6	36-48	Staatsbesuch	O	O	NN	_	_	
1-7	49-51	in	_	_	_	_	_	
1-8	52-60	Dänemark	_	_	_	_	_	
1-9	61-68	vorerst	_	_	_	_	_	
1-10	69-77	abgesagt	O	O	VVPP	_	_	
1-11	77-78	.	_	_	_	_	_	
1-12	78-79	
	_	_	_	_	_	

#Text=Als Grund dafür gibt er die Weigerung Kopenhagens an, über einen Verkauf Grönlands zu verhandeln.
#Text=
2-1	79-82	Als	_	_	_	_	_	
2-2	83-88	Grund	O	O	NN	_	_	
2-3	89-94	dafür	_	_	_	_	_	
2-4	95-99	gibt	O	O	VVFIN	_	_	
2-5	100-102	er	_	_	_	_	_	
2-6	103-106	die	_	_	_	_	_	
2-7	107-116	Weigerung	O	O	NN	_	_	
2-8	117-128	Kopenhagens	_	_	_	_	_	
2-9	129-131	an	O	O	PTKVZ	belong together	2-4	
2-10	131-132	,	_	_	_	_	_	
2-11	133-137	über	_	_	_	_	_	
2-12	138-143	einen	_	_	_	_	_	
2-13	144-151	Verkauf	O	O	NN	_	_	
2-14	152-161	Grönlands	_	_	_	_	_	
2-15	162-164	zu	_	_	_	_	_	
2-16	165-175	verhandeln	O	O	VVINF	_	_	
2-17	175-176	.	_	_	_	_	_	
2-18	176-177	
	_	_	_	_	_	

#Text="Dänemark ist ein sehr besonderes Land mit unglaublichen Menschen, aber auf Basis der Äußerungen von Ministerpräsidentin Mette Frederiksen, wonach sie kein Interesse an einem Verkauf Grönlands habe, werde ich mein geplantes Treffen verschieben", schrieb Trump am Dienstag auf Twitter.
#Text=
3-1	177-178	"	_	_	_	_	_	
3-2	178-186	Dänemark	_	_	_	_	_	
3-3	187-190	ist	_	_	_	_	_	
3-4	191-194	ein	_	_	_	_	_	
3-5	195-199	sehr	_	_	_	_	_	
3-6	200-210	besonderes	O	O	ADJA	_	_	
3-7	211-215	Land	O	O	NN	_	_	
3-8	216-219	mit	_	_	_	_	_	
3-9	220-233	unglaublichen	O	O	ADJA	_	_	
3-10	234-242	Menschen	O	O	NN	_	_	
3-11	242-243	,	_	_	_	_	_	
3-12	244-248	aber	_	_	_	_	_	
3-13	249-252	auf	_	_	_	_	_	
3-14	253-258	Basis	KON	MRW	NN	_	_	
3-15	259-262	der	_	_	_	_	_	
3-16	263-273	Äußerungen	O	O	NN	_	_	
3-17	274-277	von	_	_	_	_	_	
3-18	278-297	Ministerpräsidentin	O	O	NN	_	_	
3-19	298-303	Mette	_	_	_	_	_	
3-20	304-315	Frederiksen	_	_	_	_	_	
3-21	315-316	,	_	_	_	_	_	
3-22	317-323	wonach	_	_	_	_	_	
3-23	324-327	sie	_	_	_	_	_	
3-24	328-332	kein	_	_	_	_	_	
3-25	333-342	Interesse	O	O	NN	_	_	
3-26	343-345	an	_	_	_	_	_	
3-27	346-351	einem	_	_	_	_	_	
3-28	352-359	Verkauf	O	O	NN	_	_	
3-29	360-369	Grönlands	_	_	_	_	_	
3-30	370-374	habe	_	_	_	_	_	
3-31	374-375	,	_	_	_	_	_	
3-32	376-381	werde	_	_	_	_	_	
3-33	382-385	ich	_	_	_	_	_	
3-34	386-390	mein	_	_	_	_	_	
3-35	391-400	geplantes	O	O	ADJA	_	_	
3-36	401-408	Treffen	O	O	NN	_	_	
3-37	409-420	verschieben	KON	MRW	VVINF	_	_	
3-38	420-421	"	_	_	_	_	_	
3-39	421-422	,	_	_	_	_	_	
3-40	423-430	schrieb	O	O	VVFIN	_	_	
3-41	431-436	Trump	_	_	_	_	_	
3-42	437-439	am	_	_	_	_	_	
3-43	440-448	Dienstag	O	O	NN	_	_	
3-44	449-452	auf	_	_	_	_	_	
3-45	453-460	Twitter	_	_	_	_	_	
3-46	460-461	.	_	_	_	_	_	
3-47	461-462	
	_	_	_	_	_	

#Text=Die Ministerpräsidentin habe den USA und Dänemark "einen sehr großen Aufwand" erspart, indem sie so direkt gewesen sei, dafür danke er ihr, fügte Trump hinzu.
#Text=
4-1	462-465	Die	_	_	_	_	_	
4-2	466-485	Ministerpräsidentin	O	O	NN	_	_	
4-3	486-490	habe	_	_	_	_	_	
4-4	491-494	den	_	_	_	_	_	
4-5	495-498	USA	_	_	_	_	_	
4-6	499-502	und	_	_	_	_	_	
4-7	503-511	Dänemark	_	_	_	_	_	
4-8	512-513	"	_	_	_	_	_	
4-9	513-518	einen	_	_	_	_	_	
4-10	519-523	sehr	_	_	_	_	_	
4-11	524-530	großen	KON	MRW	ADJA	_	_	
4-12	531-538	Aufwand	O	O	NN	_	_	
4-13	538-539	"	_	_	_	_	_	
4-14	540-547	erspart	KON	MRW	VVFIN	_	_	
4-15	547-548	,	_	_	_	_	_	
4-16	549-554	indem	_	_	_	_	_	
4-17	555-558	sie	_	_	_	_	_	
4-18	559-561	so	_	_	_	_	_	
4-19	562-568	direkt	KON	MRW	ADJD	_	_	
4-20	569-576	gewesen	_	_	_	_	_	
4-21	577-580	sei	_	_	_	_	_	
4-22	580-581	,	_	_	_	_	_	
4-23	582-587	dafür	_	_	_	_	_	
4-24	588-593	danke	O	O	VVFIN	_	_	
4-25	594-596	er	_	_	_	_	_	
4-26	597-600	ihr	_	_	_	_	_	
4-27	600-601	,	_	_	_	_	_	
4-28	602-607	fügte	KON	MRW	VVFIN	_	_	
4-29	608-613	Trump	_	_	_	_	_	
4-30	614-619	hinzu	KON	MRW	PTKVZ	belong together	4-28	
4-31	619-620	.	_	_	_	_	_	
4-32	620-621	
	_	_	_	_	_	

#Text=Trumps Besuch war nach Angaben des Präsidialamts für den 2. und 3. September geplant.
#Text=
5-1	621-627	Trumps	_	_	_	_	_	
5-2	628-634	Besuch	O	O	NN	_	_	
5-3	635-638	war	_	_	_	_	_	
5-4	639-643	nach	_	_	_	_	_	
5-5	644-651	Angaben	O	O	NN	_	_	
5-6	652-655	des	_	_	_	_	_	
5-7	656-669	Präsidialamts	_	_	NN	_	_	
5-7.1	656-665	Präsidial	O	O	_	_	_	
5-7.2	665-669	amts	O	O	_	_	_	
5-8	670-673	für	_	_	_	_	_	
5-9	674-677	den	_	_	_	_	_	
5-10	678-680	2.	_	_	_	_	_	
5-11	681-684	und	_	_	_	_	_	
5-12	685-687	3.	_	_	_	_	_	
5-13	688-697	September	O	O	NN	_	_	
5-14	698-705	geplant	O	O	VVPP	_	_	
5-15	705-706	.	_	_	_	_	_	
5-16	706-707	
	_	_	_	_	_	

#Text=Dabei sollte Trump auch den grönländischen Regierungschef Kim Kielsen treffen.
#Text=
6-1	707-712	Dabei	_	_	_	_	_	
6-2	713-719	sollte	_	_	_	_	_	
6-3	720-725	Trump	_	_	_	_	_	
6-4	726-730	auch	_	_	_	_	_	
6-5	731-734	den	_	_	_	_	_	
6-6	735-749	grönländischen	O	O	ADJA	_	_	
6-7	750-764	Regierungschef	O	O	NN	_	_	
6-8	765-768	Kim	_	_	_	_	_	
6-9	769-776	Kielsen	_	_	_	_	_	
6-10	777-784	treffen	O	O	VVINF	_	_	
6-11	784-785	.	_	_	_	_	_	
6-12	785-786	
	_	_	_	_	_	

#Text=Dänemark reagierte überrascht bis zornig auf Trumps Absage seines Besuches.
#Text=
7-1	786-794	Dänemark	_	_	_	_	_	
7-2	795-804	reagierte	KON	MRW	VVFIN	_	_	
7-3	805-815	überrascht	O	O	ADJD	_	_	
7-4	816-819	bis	_	_	_	_	_	
7-5	820-826	zornig	O	O	ADJD	_	_	
7-6	827-830	auf	_	_	_	_	_	
7-7	831-837	Trumps	_	_	_	_	_	
7-8	838-844	Absage	O	O	NN	_	_	
7-9	845-851	seines	_	_	_	_	_	
7-10	852-860	Besuches	O	O	NN	_	_	
7-11	860-861	.	_	_	_	_	_	
7-12	861-862	
	_	_	_	_	_	

#Text=Ministerpräsidentin Mette Frederiksen sagte, sie sei enttäuscht.
#Text=
8-1	862-881	Ministerpräsidentin	O	O	NN	_	_	
8-2	882-887	Mette	_	_	_	_	_	
8-3	888-899	Frederiksen	_	_	_	_	_	
8-4	900-905	sagte	O	O	VVFIN	_	_	
8-5	905-906	,	_	_	_	_	_	
8-6	907-910	sie	_	_	_	_	_	
8-7	911-914	sei	_	_	_	_	_	
8-8	915-925	enttäuscht	O	O	VVPP	_	_	
8-9	925-926	.	_	_	_	_	_	
8-10	926-927	
	_	_	_	_	_	

#Text=Das Königshaus sprach von einer Überraschung.
#Text=
9-1	927-930	Das	_	_	_	_	_	
9-2	931-941	Königshaus	O	O	NN	_	_	
9-3	942-948	sprach	O	O	VVFIN	_	_	
9-4	949-952	von	_	_	_	_	_	
9-5	953-958	einer	_	_	_	_	_	
9-6	959-971	Überraschung	O	O	NN	_	_	
9-7	971-972	.	_	_	_	_	_	
9-8	972-973	
	_	_	_	_	_	

#Text=Ehemalige Regierungsmitglieder reagierten empört.
#Text=
10-1	973-982	Ehemalige	O	O	ADJA	_	_	
10-2	983-1003	Regierungsmitglieder	O	O	NN	_	_	
10-3	1004-1014	reagierten	KON	MRW	VVFIN	_	_	
10-4	1015-1021	empört	O	O	ADJD	_	_	
10-5	1021-1022	.	_	_	_	_	_	
10-6	1022-1023	
	_	_	_	_	_	

#Text=Der frühere dänische Außenminister Martin Lidegaard sagte dem Sender TV2, das Ganze sei eine "diplomatische Farce".
#Text=
11-1	1023-1026	Der	_	_	_	_	_	
11-2	1027-1034	frühere	O	O	ADJA	_	_	
11-3	1035-1043	dänische	O	O	ADJA	_	_	
11-4	1044-1057	Außenminister	O	O	NN	_	_	
11-5	1058-1064	Martin	_	_	_	_	_	
11-6	1065-1074	Lidegaard	_	_	_	_	_	
11-7	1075-1080	sagte	O	O	VVFIN	_	_	
11-8	1081-1084	dem	_	_	_	_	_	
11-9	1085-1091	Sender	O	O	NN	_	_	
11-10	1092-1095	TV2	_	_	_	_	_	
11-11	1095-1096	,	_	_	_	_	_	
11-12	1097-1100	das	_	_	_	_	_	
11-13	1101-1106	Ganze	O	O	NN	_	_	
11-14	1107-1110	sei	_	_	_	_	_	
11-15	1111-1115	eine	_	_	_	_	_	
11-16	1116-1117	"	_	_	_	_	_	
11-17	1117-1130	diplomatische	O	O	ADJA	_	_	
11-18	1131-1136	Farce	KON	MRW	NN	_	_	
11-19	1136-1137	"	_	_	_	_	_	
11-20	1137-1138	.	_	_	_	_	_	
11-21	1138-1139	
	_	_	_	_	_	

#Text=Trumps Verhalten sei "grotesk" und er spiele "die beleidigte Leberwurst".
#Text=
12-1	1139-1145	Trumps	_	_	_	_	_	
12-2	1146-1155	Verhalten	O	O	NN	_	_	
12-3	1156-1159	sei	_	_	_	_	_	
12-4	1160-1161	"	_	_	_	_	_	
12-5	1161-1168	grotesk	O	O	ADJD	_	_	
12-6	1168-1169	"	_	_	_	_	_	
12-7	1170-1173	und	_	_	_	_	_	
12-8	1174-1176	er	_	_	_	_	_	
12-9	1177-1183	spiele	KON	MRW	VVFIN	_	_	
12-10	1184-1185	"	_	_	_	_	_	
12-11	1185-1188	die	_	_	_	_	_	
12-12	1189-1199	beleidigte	O	PERS	ADJA	_	_	
12-13	1200-1210	Leberwurst	O	DFMA	NN	_	_	
12-14	1210-1211	"	_	_	_	_	_	
12-15	1211-1212	.	_	_	_	_	_	
12-16	1212-1213	
	_	_	_	_	_	

#Text=Ex-Ministerpräsidentin Helle Thorning-Schmidt twitterte, die Absage sei beleidigend für die Menschen in Grönland und in Dänemark.
#Text=
13-1	1213-1235	Ex-Ministerpräsidentin	O	O	NN	_	_	
13-2	1236-1241	Helle	_	_	_	_	_	
13-3	1242-1258	Thorning-Schmidt	_	_	_	_	_	
13-4	1259-1268	twitterte	O	O	VVFIN	_	_	
13-5	1268-1269	,	_	_	_	_	_	
13-6	1270-1273	die	_	_	_	_	_	
13-7	1274-1280	Absage	O	O	NN	_	_	
13-8	1281-1284	sei	_	_	_	_	_	
13-9	1285-1296	beleidigend	O	O	ADJD	_	_	
13-10	1297-1300	für	_	_	_	_	_	
13-11	1301-1304	die	_	_	_	_	_	
13-12	1305-1313	Menschen	O	O	NN	_	_	
13-13	1314-1316	in	_	_	_	_	_	
13-14	1317-1325	Grönland	_	_	_	_	_	
13-15	1326-1329	und	_	_	_	_	_	
13-16	1330-1332	in	_	_	_	_	_	
13-17	1333-1341	Dänemark	_	_	_	_	_	
13-18	1341-1342	.	_	_	_	_	_	
13-19	1342-1343	
	_	_	_	_	_	

#Text=Am Sonntag hatte die dänische Ministerpräsidentin Frederiksen Trumps Vorstoß, die Insel zu erwerben, eine Absage erteilt: "Grönland steht nicht zum Verkauf.
#Text=
14-1	1343-1345	Am	_	_	_	_	_	
14-2	1346-1353	Sonntag	O	O	NN	_	_	
14-3	1354-1359	hatte	_	_	_	_	_	
14-4	1360-1363	die	_	_	_	_	_	
14-5	1364-1372	dänische	O	O	ADJA	_	_	
14-6	1373-1392	Ministerpräsidentin	O	O	NN	_	_	
14-7	1393-1404	Frederiksen	_	_	_	_	_	
14-8	1405-1411	Trumps	_	_	_	_	_	
14-9	1412-1419	Vorstoß	KON	MRW	NN	_	_	
14-10	1419-1420	,	_	_	_	_	_	
14-11	1421-1424	die	_	_	_	_	_	
14-12	1425-1430	Insel	O	O	NN	_	_	
14-13	1431-1433	zu	_	_	_	_	_	
14-14	1434-1442	erwerben	O	O	VVINF	_	_	
14-15	1442-1443	,	_	_	_	_	_	
14-16	1444-1448	eine	_	_	_	_	_	
14-17	1449-1455	Absage	O	O	NN	_	_	
14-18	1456-1463	erteilt	O	O	VVPP	_	_	
14-19	1463-1464	:	_	_	_	_	_	
14-20	1465-1466	"	_	_	_	_	_	
14-21	1466-1474	Grönland	_	_	_	_	_	
14-22	1475-1480	steht	O	DFMA	VVFIN	_	_	
14-23	1481-1486	nicht	_	_	_	_	_	
14-24	1487-1490	zum	_	_	_	_	_	
14-25	1491-1498	Verkauf	O	O	NN	_	_	
14-26	1498-1499	.	_	_	_	_	_	
14-27	1499-1500	
	_	_	_	_	_	

#Text=Grönland ist nicht dänisch.
#Text=
15-1	1500-1508	Grönland	_	_	_	_	_	
15-2	1509-1512	ist	_	_	_	_	_	
15-3	1513-1518	nicht	_	_	_	_	_	
15-4	1519-1526	dänisch	O	O	ADJD	_	_	
15-5	1526-1527	.	_	_	_	_	_	
15-6	1527-1528	
	_	_	_	_	_	

#Text=Grönland gehört Grönland.
#Text=
16-1	1528-1536	Grönland	_	_	_	_	_	
16-2	1537-1543	gehört	O	O	VVFIN	_	_	
16-3	1544-1552	Grönland	_	_	_	_	_	
16-4	1552-1553	.	_	_	_	_	_	
16-5	1553-1554	
	_	_	_	_	_	

#Text=Ich hoffe wirklich, dass das nicht ernst gemeint ist", sagte sie.
#Text=
17-1	1554-1557	Ich	_	_	_	_	_	
17-2	1558-1563	hoffe	O	O	VVFIN	_	_	
17-3	1564-1572	wirklich	O	O	ADJD	_	_	
17-4	1572-1573	,	_	_	_	_	_	
17-5	1574-1578	dass	_	_	_	_	_	
17-6	1579-1582	das	_	_	_	_	_	
17-7	1583-1588	nicht	_	_	_	_	_	
17-8	1589-1594	ernst	O	O	ADJD	_	_	
17-9	1595-1602	gemeint	O	O	VVPP	_	_	
17-10	1603-1606	ist	_	_	_	_	_	
17-11	1606-1607	"	_	_	_	_	_	
17-12	1607-1608	,	_	_	_	_	_	
17-13	1609-1614	sagte	O	O	VVFIN	_	_	
17-14	1615-1618	sie	_	_	_	_	_	
17-15	1618-1619	.	_	_	_	_	_	
17-16	1619-1620	
	_	_	_	_	_	

#Text=Es handele sich um eine "absurde Diskussion".
#Text=
18-1	1620-1622	Es	_	_	_	_	_	
18-2	1623-1630	handele	O	O	VVFIN	_	_	
18-3	1631-1635	sich	_	_	_	_	_	
18-4	1636-1638	um	_	_	_	_	_	
18-5	1639-1643	eine	_	_	_	_	_	
18-6	1644-1645	"	_	_	_	_	_	
18-7	1645-1652	absurde	O	O	ADJA	_	_	
18-8	1653-1663	Diskussion	O	O	NN	_	_	
18-9	1663-1664	"	_	_	_	_	_	
18-10	1664-1665	.	_	_	_	_	_	
18-11	1665-1666	
	_	_	_	_	_	

#Text=Trump selbst hatte zuvor mitgeteilt, er sei "strategisch" an Grönland interessiert.
#Text=
19-1	1666-1671	Trump	_	_	_	_	_	
19-2	1672-1678	selbst	_	_	_	_	_	
19-3	1679-1684	hatte	_	_	_	_	_	
19-4	1685-1690	zuvor	_	_	_	_	_	
19-5	1691-1701	mitgeteilt	O	O	VVPP	_	_	
19-6	1701-1702	,	_	_	_	_	_	
19-7	1703-1705	er	_	_	_	_	_	
19-8	1706-1709	sei	_	_	_	_	_	
19-9	1710-1711	"	_	_	_	_	_	
19-10	1711-1722	strategisch	O	O	ADJD	_	_	
19-11	1722-1723	"	_	_	_	_	_	
19-12	1724-1726	an	_	_	_	_	_	
19-13	1727-1735	Grönland	_	_	_	_	_	
19-14	1736-1748	interessiert	O	O	ADJD	_	_	
19-15	1748-1749	.	_	_	_	_	_	
19-16	1749-1750	
	_	_	_	_	_	

#Text=Das stehe aber nicht ganz oben auf seiner Agenda.
#Text=
20-1	1750-1753	Das	_	_	_	_	_	
20-2	1754-1759	stehe	O	WIDLII	VVFIN	_	_	
20-3	1760-1764	aber	_	_	_	_	_	
20-4	1765-1770	nicht	_	_	_	_	_	
20-5	1771-1775	ganz	_	_	_	_	_	
20-6	1776-1780	oben	_	_	_	_	_	
20-7	1781-1784	auf	_	_	_	_	_	
20-8	1785-1791	seiner	_	_	_	_	_	
20-9	1792-1798	Agenda	KON	MRW	NN	_	_	
20-10	1798-1799	.	_	_	_	_	_	
20-11	1799-1800	
	_	_	_	_	_	

#Text=Der dänische Königspalast bezeichnete die Verschiebung des Besuchs als "eine Überraschung".
#Text=
21-1	1800-1803	Der	_	_	_	_	_	
21-2	1804-1812	dänische	O	O	ADJA	_	_	
21-3	1813-1825	Königspalast	O	O	NN	_	_	
21-4	1826-1837	bezeichnete	O	O	VVFIN	_	_	
21-5	1838-1841	die	_	_	_	_	_	
21-6	1842-1854	Verschiebung	KON	MRW	NN	_	_	
21-7	1855-1858	des	_	_	_	_	_	
21-8	1859-1866	Besuchs	O	O	NN	_	_	
21-9	1867-1870	als	_	_	_	_	_	
21-10	1871-1872	"	_	_	_	_	_	
21-11	1872-1876	eine	_	_	_	_	_	
21-12	1877-1889	Überraschung	O	O	NN	_	_	
21-13	1889-1890	"	_	_	_	_	_	
21-14	1890-1891	.	_	_	_	_	_	
21-15	1891-1892	
	_	_	_	_	_	

#Text=Man habe keine weiteren Kommentare, teilte Sprecherin Lene Balleby mit.
#Text=
22-1	1892-1895	Man	_	_	_	_	_	
22-2	1896-1900	habe	_	_	_	_	_	
22-3	1901-1906	keine	_	_	_	_	_	
22-4	1907-1915	weiteren	O	O	ADJA	_	_	
22-5	1916-1926	Kommentare	O	O	NN	_	_	
22-6	1926-1927	,	_	_	_	_	_	
22-7	1928-1934	teilte	O	O	VVFIN	_	_	
22-8	1935-1945	Sprecherin	O	O	NN	_	_	
22-9	1946-1950	Lene	_	_	_	_	_	
22-10	1951-1958	Balleby	_	_	_	_	_	
22-11	1959-1962	mit	O	O	PTKVZ	belong together	22-7	
22-12	1962-1963	.	_	_	_	_	_	
22-13	1963-1964	
	_	_	_	_	_	

#Text=Grönland ist eine zum größten Teil eisbedeckte Insel zwischen dem Nordatlantik und dem Nordpolarmeer, auf der sich der US-Militärflugplatz Thule Air Base befindet.
#Text=
23-1	1964-1972	Grönland	_	_	_	_	_	
23-2	1973-1976	ist	_	_	_	_	_	
23-3	1977-1981	eine	_	_	_	_	_	
23-4	1982-1985	zum	_	_	_	_	_	
23-5	1986-1993	größten	O	O	ADJA	_	_	
23-6	1994-1998	Teil	O	O	NN	_	_	
23-7	1999-2010	eisbedeckte	_	_	ADJA	_	_	
23-7.1	1999-2002	eis	O	O	_	_	_	
23-7.2	2002-2010	bedeckte	O	O	_	_	_	
23-8	2011-2016	Insel	O	O	NN	_	_	
23-9	2017-2025	zwischen	_	_	_	_	_	
23-10	2026-2029	dem	_	_	_	_	_	
23-11	2030-2042	Nordatlantik	_	_	_	_	_	
23-12	2043-2046	und	_	_	_	_	_	
23-13	2047-2050	dem	_	_	_	_	_	
23-14	2051-2064	Nordpolarmeer	_	_	_	_	_	
23-15	2064-2065	,	_	_	_	_	_	
23-16	2066-2069	auf	_	_	_	_	_	
23-17	2070-2073	der	_	_	_	_	_	
23-18	2074-2078	sich	_	_	_	_	_	
23-19	2079-2082	der	_	_	_	_	_	
23-20	2083-2102	US-Militärflugplatz	_	_	_	_	_	
23-21	2103-2108	Thule	_	_	_	_	_	
23-22	2109-2112	Air	_	_	_	_	_	
23-23	2113-2117	Base	_	_	_	_	_	
23-24	2118-2126	befindet	O	O	VVFIN	_	_	
23-25	2126-2127	.	_	_	_	_	_	
23-26	2127-2128	
	_	_	_	_	_	

#Text=Sie hat den Status eines autonomen Territoriums von Dänemark.
#Text=
24-1	2128-2131	Sie	_	_	_	_	_	
24-2	2132-2135	hat	_	_	_	_	_	
24-3	2136-2139	den	_	_	_	_	_	
24-4	2140-2146	Status	O	O	NN	_	_	
24-5	2147-2152	eines	_	_	_	_	_	
24-6	2153-2162	autonomen	O	O	ADJA	_	_	
24-7	2163-2175	Territoriums	O	O	NN	_	_	
24-8	2176-2179	von	_	_	_	_	_	
24-9	2180-2188	Dänemark	_	_	_	_	_	
24-10	2188-2189	.	_	_	_	_	_	
24-11	2189-2190	
	_	_	_	_	_	

#Text=Die Insel zieht aufgrund ihrer strategischen Lage und ihrer Bodenschätze die Aufmerksamkeit der globalen Großmächte China, Russland und USA auf sich.
#Text=
25-1	2190-2193	Die	_	_	_	_	_	
25-2	2194-2199	Insel	O	O	NN	_	_	
25-3	2200-2205	zieht	KON	MRW	VVFIN	_	_	
25-4	2206-2214	aufgrund	_	_	_	_	_	
25-5	2215-2220	ihrer	_	_	_	_	_	
25-6	2221-2234	strategischen	O	O	ADJA	_	_	
25-7	2235-2239	Lage	O	O	NN	_	_	
25-8	2240-2243	und	_	_	_	_	_	
25-9	2244-2249	ihrer	_	_	_	_	_	
25-10	2250-2262	Bodenschätze	O	O	NN	_	_	
25-11	2263-2266	die	_	_	_	_	_	
25-12	2267-2281	Aufmerksamkeit	O	O	NN	_	_	
25-13	2282-2285	der	_	_	_	_	_	
25-14	2286-2294	globalen	O	O	ADJA	_	_	
25-15	2295-2305	Großmächte	O	O	NN	_	_	
25-16	2306-2311	China	_	_	_	_	_	
25-17	2311-2312	,	_	_	_	_	_	
25-18	2313-2321	Russland	_	_	_	_	_	
25-19	2322-2325	und	_	_	_	_	_	
25-20	2326-2329	USA	_	_	_	_	_	
25-21	2330-2333	auf	_	_	_	_	_	
25-22	2334-2338	sich	_	_	_	_	_	
25-23	2338-2339	.	_	_	_	_	_	
25-24	2339-2340	
	_	_	_	_	_	
