#FORMAT=WebAnno TSV 3.3
#T_SP=webanno.custom.Metaphors|Conventionality|Metaphern
#T_SP=webanno.custom.POS|pos_tag
#T_RL=webanno.custom.UnitofAnalysis|bidirectionalrelation|BT_webanno.custom.Metaphors


#Text=Der US-Botschafter bei der Europäischen Union hat in der Ukraine-Affäre seine Aussage vor dem Kongress revidiert.
#Text=
1-1	0-3	Der	_	_	_	_	_	
1-2	4-18	US-Botschafter	_	_	_	_	_	
1-3	19-22	bei	_	_	_	_	_	
1-4	23-26	der	_	_	_	_	_	
1-5	27-39	Europäischen	_	_	_	_	_	
1-6	40-45	Union	_	_	_	_	_	
1-7	46-49	hat	_	_	_	_	_	
1-8	50-52	in	_	_	_	_	_	
1-9	53-56	der	_	_	_	_	_	
1-10	57-71	Ukraine-Affäre	_	_	_	_	_	
1-11	72-77	seine	_	_	_	_	_	
1-12	78-85	Aussage	O	O	NN	_	_	
1-13	86-89	vor	_	_	_	_	_	
1-14	90-93	dem	_	_	_	_	_	
1-15	94-102	Kongress	O	O	NN	_	_	
1-16	103-112	revidiert	O	O	VVPP	_	_	
1-17	112-113	.	_	_	_	_	_	
1-18	113-114	
	_	_	_	_	_	

#Text=Stellungnahmen von zwei anderen wichtigen Zeugen hätten seinem Gedächtnis auf die Sprünge geholfen, ließ Gordon Sondland über seine Anwälte mitteilen.
#Text=
2-1	114-128	Stellungnahmen	O	O	NN	_	_	
2-2	129-132	von	_	_	_	_	_	
2-3	133-137	zwei	_	_	_	_	_	
2-4	138-145	anderen	O	O	ADJA	_	_	
2-5	146-155	wichtigen	O	O	ADJA	_	_	
2-6	156-162	Zeugen	O	O	NN	_	_	
2-7	163-169	hätten	_	_	_	_	_	
2-8	170-176	seinem	_	_	_	_	_	
2-9	177-187	Gedächtnis	O	O	NN	_	_	
2-10	188-191	auf	_	_	_	_	_	
2-11	192-195	die	_	_	_	_	_	
2-12	196-203	Sprünge	O	DFMA	NN	_	_	
2-13	204-212	geholfen	O	DFMA	VVPP	_	_	
2-14	212-213	,	_	_	_	_	_	
2-15	214-218	ließ	O	O	VVFIN	_	_	
2-16	219-225	Gordon	_	_	_	_	_	
2-17	226-234	Sondland	_	_	_	_	_	
2-18	235-239	über	_	_	_	_	_	
2-19	240-245	seine	_	_	_	_	_	
2-20	246-253	Anwälte	O	O	NN	_	_	
2-21	254-263	mitteilen	O	O	VVINF	_	_	
2-22	263-264	.	_	_	_	_	_	
2-23	264-265	
	_	_	_	_	_	

#Text=Sie übergaben Sondlands überarbeitete Aussagen an Abgeordnete im Repräsentantenhaus, die an den Vorermittlungen für ein Amtsenthebungsverfahren gegen Präsident Donald Trump sitzen.
#Text=
3-1	265-268	Sie	_	_	_	_	_	
3-2	269-278	übergaben	KON	MRW	VVFIN	_	_	
3-3	279-288	Sondlands	_	_	_	_	_	
3-4	289-302	überarbeitete	O	O	ADJA	_	_	
3-5	303-311	Aussagen	O	O	NN	_	_	
3-6	312-314	an	_	_	_	_	_	
3-7	315-326	Abgeordnete	O	O	NN	_	_	
3-8	327-329	im	_	_	_	_	_	
3-9	330-348	Repräsentantenhaus	O	O	NN	_	_	
3-10	348-349	,	_	_	_	_	_	
3-11	350-353	die	_	_	_	_	_	
3-12	354-356	an	_	_	_	_	_	
3-13	357-360	den	_	_	_	_	_	
3-14	361-376	Vorermittlungen	O	O	NN	_	_	
3-15	377-380	für	_	_	_	_	_	
3-16	381-384	ein	_	_	_	_	_	
3-17	385-408	Amtsenthebungsverfahren	O	O	NN	_	_	
3-18	409-414	gegen	_	_	_	_	_	
3-19	415-424	Präsident	O	O	NN	_	_	
3-20	425-431	Donald	_	_	_	_	_	
3-21	432-437	Trump	_	_	_	_	_	
3-22	438-444	sitzen	KON	MRW	VVINF	_	_	
3-23	444-445	.	_	_	_	_	_	
3-24	445-446	
	_	_	_	_	_	

#Text=Ihm sei klar gewesen, dass es einen Zusammenhang zwischen Trumps Drängen auf Ermittlungen zu den Ukraine-Geschäften seines innenpolitischen Rivalen Joe Biden und zurückgehaltenen US-Hilfen für die Ukraine gegeben haben muss, sagte Sondland laut einer am Dienstag veröffentlichten Zusammenfassung seiner Aussage.
#Text=
4-1	446-449	Ihm	_	_	_	_	_	
4-2	450-453	sei	_	_	_	_	_	
4-3	454-458	klar	KON	MRW	ADJD	_	_	
4-4	459-466	gewesen	_	_	_	_	_	
4-5	466-467	,	_	_	_	_	_	
4-6	468-472	dass	_	_	_	_	_	
4-7	473-475	es	_	_	_	_	_	
4-8	476-481	einen	_	_	_	_	_	
4-9	482-494	Zusammenhang	O	O	NN	_	_	
4-10	495-503	zwischen	_	_	_	_	_	
4-11	504-510	Trumps	_	_	_	_	_	
4-12	511-518	Drängen	KON	MRW	NN	_	_	
4-13	519-522	auf	_	_	_	_	_	
4-14	523-535	Ermittlungen	O	O	NN	_	_	
4-15	536-538	zu	_	_	_	_	_	
4-16	539-542	den	_	_	_	_	_	
4-17	543-561	Ukraine-Geschäften	_	_	_	_	_	
4-18	562-568	seines	_	_	_	_	_	
4-19	569-585	innenpolitischen	O	O	ADJA	_	_	
4-20	586-593	Rivalen	O	O	NN	_	_	
4-21	594-597	Joe	_	_	_	_	_	
4-22	598-603	Biden	_	_	_	_	_	
4-23	604-607	und	_	_	_	_	_	
4-24	608-624	zurückgehaltenen	KON	MRW	ADJA	_	_	
4-25	625-634	US-Hilfen	_	_	_	_	_	
4-26	635-638	für	_	_	_	_	_	
4-27	639-642	die	_	_	_	_	_	
4-28	643-650	Ukraine	_	_	_	_	_	
4-29	651-658	gegeben	O	O	VVPP	_	_	
4-30	659-664	haben	_	_	_	_	_	
4-31	665-669	muss	_	_	_	_	_	
4-32	669-670	,	_	_	_	_	_	
4-33	671-676	sagte	O	O	VVFIN	_	_	
4-34	677-685	Sondland	_	_	_	_	_	
4-35	686-690	laut	_	_	_	_	_	
4-36	691-696	einer	_	_	_	_	_	
4-37	697-699	am	_	_	_	_	_	
4-38	700-708	Dienstag	O	O	NN	_	_	
4-39	709-725	veröffentlichten	O	O	ADJA	_	_	
4-40	726-741	Zusammenfassung	O	O	NN	_	_	
4-41	742-748	seiner	_	_	_	_	_	
4-42	749-756	Aussage	O	O	NN	_	_	
4-43	756-757	.	_	_	_	_	_	
4-44	757-758	
	_	_	_	_	_	

#Text=Ursprünglich hatte Sondland gesagt, ihm sei keine Verbindung bewusst gewesen.
#Text=
5-1	758-770	Ursprünglich	O	O	ADJD	_	_	
5-2	771-776	hatte	_	_	_	_	_	
5-3	777-785	Sondland	_	_	_	_	_	
5-4	786-792	gesagt	O	O	VVPP	_	_	
5-5	792-793	,	_	_	_	_	_	
5-6	794-797	ihm	_	_	_	_	_	
5-7	798-801	sei	_	_	_	_	_	
5-8	802-807	keine	_	_	_	_	_	
5-9	808-818	Verbindung	KON	MRW	NN	_	_	
5-10	819-826	bewusst	O	O	ADJD	_	_	
5-11	827-834	gewesen	_	_	_	_	_	
5-12	834-835	.	_	_	_	_	_	
5-13	835-836	
	_	_	_	_	_	

#Text=Sondland räumte nun ein, verstanden zu haben, dass amerikanische Militärhilfe an die Ukraine mit einer öffentlichen Absichtserklärung der Ukraine verbunden war, Korruption zu bekämpfen.
#Text=
6-1	836-844	Sondland	_	_	_	_	_	
6-2	845-851	räumte	O	O	VVFIN	_	_	
6-3	852-855	nun	_	_	_	_	_	
6-4	856-859	ein	O	O	PTKVZ	belong together	6-2	
6-5	859-860	,	_	_	_	_	_	
6-6	861-871	verstanden	O	O	VVPP	_	_	
6-7	872-874	zu	_	_	_	_	_	
6-8	875-880	haben	_	_	_	_	_	
6-9	880-881	,	_	_	_	_	_	
6-10	882-886	dass	_	_	_	_	_	
6-11	887-900	amerikanische	O	O	ADJA	_	_	
6-12	901-913	Militärhilfe	O	O	NN	_	_	
6-13	914-916	an	_	_	_	_	_	
6-14	917-920	die	_	_	_	_	_	
6-15	921-928	Ukraine	_	_	_	_	_	
6-16	929-932	mit	_	_	_	_	_	
6-17	933-938	einer	_	_	_	_	_	
6-18	939-951	öffentlichen	O	O	ADJA	_	_	
6-19	952-969	Absichtserklärung	O	O	NN	_	_	
6-20	970-973	der	_	_	_	_	_	
6-21	974-981	Ukraine	_	_	_	_	_	
6-22	982-991	verbunden	KON	MRW	VVPP	_	_	
6-23	992-995	war	_	_	_	_	_	
6-24	995-996	,	_	_	_	_	_	
6-25	997-1007	Korruption	O	O	NN	_	_	
6-26	1008-1010	zu	_	_	_	_	_	
6-27	1011-1020	bekämpfen	KON	MRW	VVINF	_	_	
6-28	1020-1021	.	_	_	_	_	_	
6-29	1021-1022	
	_	_	_	_	_	

#Text=Er erinnere sich an ein Gespräch in Warschau mit einem Topberater des ukrainischen Präsidenten Wolodimir Selenskij.
#Text=
7-1	1022-1024	Er	_	_	_	_	_	
7-2	1025-1033	erinnere	O	O	VVFIN	_	_	
7-3	1034-1038	sich	_	_	_	_	_	
7-4	1039-1041	an	_	_	_	_	_	
7-5	1042-1045	ein	_	_	_	_	_	
7-6	1046-1054	Gespräch	O	O	NN	_	_	
7-7	1055-1057	in	_	_	_	_	_	
7-8	1058-1066	Warschau	_	_	_	_	_	
7-9	1067-1070	mit	_	_	_	_	_	
7-10	1071-1076	einem	_	_	_	_	_	
7-11	1077-1087	Topberater	_	_	NN	_	_	
7-11.1	1077-1080	Top	O	O	_	_	_	
7-11.2	1080-1087	berater	O	O	_	_	_	
7-12	1088-1091	des	_	_	_	_	_	
7-13	1092-1104	ukrainischen	O	O	ADJA	_	_	
7-14	1105-1116	Präsidenten	O	O	NN	_	_	
7-15	1117-1126	Wolodimir	_	_	_	_	_	
7-16	1127-1136	Selenskij	_	_	_	_	_	
7-17	1136-1137	.	_	_	_	_	_	
7-18	1137-1138	
	_	_	_	_	_	

#Text=Diesem habe er gesagt, die Militärhilfe werde erst wieder freigegeben, wenn die Ukraine sich öffentlich der Korruptionsbekämpfung verpflichtet habe.
#Text=
8-1	1138-1144	Diesem	_	_	_	_	_	
8-2	1145-1149	habe	_	_	_	_	_	
8-3	1150-1152	er	_	_	_	_	_	
8-4	1153-1159	gesagt	O	O	VVPP	_	_	
8-5	1159-1160	,	_	_	_	_	_	
8-6	1161-1164	die	_	_	_	_	_	
8-7	1165-1177	Militärhilfe	O	O	NN	_	_	
8-8	1178-1183	werde	_	_	_	_	_	
8-9	1184-1188	erst	_	_	_	_	_	
8-10	1189-1195	wieder	_	_	_	_	_	
8-11	1196-1207	freigegeben	KON	MRW	VVPP	_	_	
8-12	1207-1208	,	_	_	_	_	_	
8-13	1209-1213	wenn	_	_	_	_	_	
8-14	1214-1217	die	_	_	_	_	_	
8-15	1218-1225	Ukraine	_	_	_	_	_	
8-16	1226-1230	sich	_	_	_	_	_	
8-17	1231-1241	öffentlich	O	O	ADJD	_	_	
8-18	1242-1245	der	_	_	_	_	_	
8-19	1246-1267	Korruptionsbekämpfung	O	O	NN	_	_	
8-20	1268-1280	verpflichtet	O	O	VVPP	_	_	
8-21	1281-1285	habe	_	_	_	_	_	
8-22	1285-1286	.	_	_	_	_	_	
8-23	1286-1287	
	_	_	_	_	_	

#Text=Diese Forderung brachte Trump im Sommer auch in einem Telefonat mit Selenskij zur Sprache und verknüpfte sie mit einer etwaigen Ermittlung gegen seinen politischen Rivalen Joe Biden.
#Text=
9-1	1287-1292	Diese	_	_	_	_	_	
9-2	1293-1302	Forderung	O	O	NN	_	_	
9-3	1303-1310	brachte	KON	MRW	VVFIN	_	_	
9-4	1311-1316	Trump	_	_	_	_	_	
9-5	1317-1319	im	_	_	_	_	_	
9-6	1320-1326	Sommer	O	O	NN	_	_	
9-7	1327-1331	auch	_	_	_	_	_	
9-8	1332-1334	in	_	_	_	_	_	
9-9	1335-1340	einem	_	_	_	_	_	
9-10	1341-1350	Telefonat	O	O	NN	_	_	
9-11	1351-1354	mit	_	_	_	_	_	
9-12	1355-1364	Selenskij	_	_	_	_	_	
9-13	1365-1368	zur	_	_	_	_	_	
9-14	1369-1376	Sprache	O	O	NN	_	_	
9-15	1377-1380	und	_	_	_	_	_	
9-16	1381-1391	verknüpfte	KON	MRW	VVFIN	_	_	
9-17	1392-1395	sie	_	_	_	_	_	
9-18	1396-1399	mit	_	_	_	_	_	
9-19	1400-1405	einer	_	_	_	_	_	
9-20	1406-1414	etwaigen	O	O	ADJA	_	_	
9-21	1415-1425	Ermittlung	O	O	NN	_	_	
9-22	1426-1431	gegen	_	_	_	_	_	
9-23	1432-1438	seinen	_	_	_	_	_	
9-24	1439-1450	politischen	O	O	ADJA	_	_	
9-25	1451-1458	Rivalen	O	O	NN	_	_	
9-26	1459-1462	Joe	_	_	_	_	_	
9-27	1463-1468	Biden	_	_	_	_	_	
9-28	1468-1469	.	_	_	_	_	_	
9-29	1469-1470	
	_	_	_	_	_	

#Text=Dies ist der Anlass für die Vorermittlungen und das Trump drohende Amtsenthebungsverfahren.
#Text=
10-1	1470-1474	Dies	_	_	_	_	_	
10-2	1475-1478	ist	_	_	_	_	_	
10-3	1479-1482	der	_	_	_	_	_	
10-4	1483-1489	Anlass	O	O	NN	_	_	
10-5	1490-1493	für	_	_	_	_	_	
10-6	1494-1497	die	_	_	_	_	_	
10-7	1498-1513	Vorermittlungen	O	O	NN	_	_	
10-8	1514-1517	und	_	_	_	_	_	
10-9	1518-1521	das	_	_	_	_	_	
10-10	1522-1527	Trump	_	_	_	_	_	
10-11	1528-1536	drohende	O	O	ADJA	_	_	
10-12	1537-1560	Amtsenthebungsverfahren	O	O	NN	_	_	
10-13	1560-1561	.	_	_	_	_	_	
10-14	1561-1562	
	_	_	_	_	_	

#Text=Trump habe beinahe das Telefon aufgelegt Sondland machte seine Zeugenaussage in der Ukraine-Affäre im Oktober.
#Text=
11-1	1562-1567	Trump	_	_	_	_	_	
11-2	1568-1572	habe	_	_	_	_	_	
11-3	1573-1580	beinahe	_	_	_	_	_	
11-4	1581-1584	das	_	_	_	_	_	
11-5	1585-1592	Telefon	O	O	NN	_	_	
11-6	1593-1602	aufgelegt	O	O	VVPP	_	_	
11-7	1603-1611	Sondland	_	_	_	_	_	
11-8	1612-1618	machte	O	WIDLII	VVFIN	_	_	
11-9	1619-1624	seine	_	_	_	_	_	
11-10	1625-1638	Zeugenaussage	O	O	NN	_	_	
11-11	1639-1641	in	_	_	_	_	_	
11-12	1642-1645	der	_	_	_	_	_	
11-13	1646-1660	Ukraine-Affäre	_	_	_	_	_	
11-14	1661-1663	im	_	_	_	_	_	
11-15	1664-1671	Oktober	O	O	NN	_	_	
11-16	1671-1672	.	_	_	_	_	_	
11-17	1672-1673	
	_	_	_	_	_	

#Text=An diesem Dienstag veröffentlichten die Demokraten die Mitschrift zu seiner Befragung, ebenso die des früheren Ukraine-Sondergesandten Kurt Volker.
#Text=
12-1	1673-1675	An	_	_	_	_	_	
12-2	1676-1682	diesem	_	_	_	_	_	
12-3	1683-1691	Dienstag	O	O	NN	_	_	
12-4	1692-1708	veröffentlichten	O	O	VVFIN	_	_	
12-5	1709-1712	die	_	_	_	_	_	
12-6	1713-1723	Demokraten	O	O	NN	_	_	
12-7	1724-1727	die	_	_	_	_	_	
12-8	1728-1738	Mitschrift	O	O	NN	_	_	
12-9	1739-1741	zu	_	_	_	_	_	
12-10	1742-1748	seiner	_	_	_	_	_	
12-11	1749-1758	Befragung	O	O	NN	_	_	
12-12	1758-1759	,	_	_	_	_	_	
12-13	1760-1766	ebenso	_	_	_	_	_	
12-14	1767-1770	die	_	_	_	_	_	
12-15	1771-1774	des	_	_	_	_	_	
12-16	1775-1783	früheren	O	O	ADJA	_	_	
12-17	1784-1807	Ukraine-Sondergesandten	_	_	_	_	_	
12-18	1808-1812	Kurt	_	_	_	_	_	
12-19	1813-1819	Volker	_	_	_	_	_	
12-20	1819-1820	.	_	_	_	_	_	
12-21	1820-1821	
	_	_	_	_	_	

#Text=Der Mitschrift zufolge sagte Sondland den Abgeordneten, Trump habe beinahe das Telefon aufgelegt, als er ihn gefragt habe, ob das Weiße Haus die Militärhilfe zugunsten einer Ermittlung gegen die Demokraten zurückhalten würde.
#Text=
13-1	1821-1824	Der	_	_	_	_	_	
13-2	1825-1835	Mitschrift	O	O	NN	_	_	
13-3	1836-1843	zufolge	_	_	_	_	_	
13-4	1844-1849	sagte	O	O	VVFIN	_	_	
13-5	1850-1858	Sondland	_	_	_	_	_	
13-6	1859-1862	den	_	_	_	_	_	
13-7	1863-1875	Abgeordneten	O	O	NN	_	_	
13-8	1875-1876	,	_	_	_	_	_	
13-9	1877-1882	Trump	_	_	_	_	_	
13-10	1883-1887	habe	_	_	_	_	_	
13-11	1888-1895	beinahe	_	_	_	_	_	
13-12	1896-1899	das	_	_	_	_	_	
13-13	1900-1907	Telefon	O	O	NN	_	_	
13-14	1908-1917	aufgelegt	O	O	VVPP	_	_	
13-15	1917-1918	,	_	_	_	_	_	
13-16	1919-1922	als	_	_	_	_	_	
13-17	1923-1925	er	_	_	_	_	_	
13-18	1926-1929	ihn	_	_	_	_	_	
13-19	1930-1937	gefragt	O	O	VVPP	_	_	
13-20	1938-1942	habe	_	_	_	_	_	
13-21	1942-1943	,	_	_	_	_	_	
13-22	1944-1946	ob	_	_	_	_	_	
13-23	1947-1950	das	_	_	_	_	_	
13-24	1951-1956	Weiße	O	O	ADJA	_	_	
13-25	1957-1961	Haus	O	O	NN	_	_	
13-26	1962-1965	die	_	_	_	_	_	
13-27	1966-1978	Militärhilfe	O	O	NN	_	_	
13-28	1979-1988	zugunsten	_	_	_	_	_	
13-29	1989-1994	einer	_	_	_	_	_	
13-30	1995-2005	Ermittlung	O	O	NN	_	_	
13-31	2006-2011	gegen	_	_	_	_	_	
13-32	2012-2015	die	_	_	_	_	_	
13-33	2016-2026	Demokraten	O	O	NN	_	_	
13-34	2027-2039	zurückhalten	KON	MRW	VVINF	_	_	
13-35	2040-2045	würde	_	_	_	_	_	
13-36	2045-2046	.	_	_	_	_	_	
13-37	2046-2047	
	_	_	_	_	_	

#Text="Ich will nichts.
#Text=
14-1	2047-2048	"	_	_	_	_	_	
14-2	2048-2051	Ich	_	_	_	_	_	
14-3	2052-2056	will	_	_	_	_	_	
14-4	2057-2063	nichts	_	_	_	_	_	
14-5	2063-2064	.	_	_	_	_	_	
14-6	2064-2065	
	_	_	_	_	_	

#Text=Ich will kein Quidproquo", sagte Trump Sondland zufolge.
#Text=
15-1	2065-2068	Ich	_	_	_	_	_	
15-2	2069-2073	will	_	_	_	_	_	
15-3	2074-2078	kein	_	_	_	_	_	
15-4	2079-2089	Quidproquo	O	O	NN	_	_	
15-5	2089-2090	"	_	_	_	_	_	
15-6	2090-2091	,	_	_	_	_	_	
15-7	2092-2097	sagte	O	O	VVFIN	_	_	
15-8	2098-2103	Trump	_	_	_	_	_	
15-9	2104-2112	Sondland	_	_	_	_	_	
15-10	2113-2120	zufolge	_	_	_	_	_	
15-11	2120-2121	.	_	_	_	_	_	
15-12	2121-2122	
	_	_	_	_	_	

#Text="Ich will, dass Selenskij das Richtige macht."
#Text=
16-1	2122-2123	"	_	_	_	_	_	
16-2	2123-2126	Ich	_	_	_	_	_	
16-3	2127-2131	will	_	_	_	_	_	
16-4	2131-2132	,	_	_	_	_	_	
16-5	2133-2137	dass	_	_	_	_	_	
16-6	2138-2147	Selenskij	_	_	_	_	_	
16-7	2148-2151	das	_	_	_	_	_	
16-8	2152-2160	Richtige	O	O	NN	_	_	
16-9	2161-2166	macht	O	WIDLII	VVFIN	_	_	
16-10	2166-2167	.	_	_	_	_	_	
16-11	2167-2168	"	_	_	_	_	_	
16-12	2168-2169	
	_	_	_	_	_	

#Text=Trump habe "schlechte Laune" gehabt und fast aufgelegt.
#Text=
17-1	2169-2174	Trump	_	_	_	_	_	
17-2	2175-2179	habe	_	_	_	_	_	
17-3	2180-2181	"	_	_	_	_	_	
17-4	2181-2190	schlechte	O	O	ADJA	_	_	
17-5	2191-2196	Laune	O	O	NN	_	_	
17-6	2196-2197	"	_	_	_	_	_	
17-7	2198-2204	gehabt	_	_	_	_	_	
17-8	2205-2208	und	_	_	_	_	_	
17-9	2209-2213	fast	_	_	_	_	_	
17-10	2214-2223	aufgelegt	O	O	VVPP	_	_	
17-11	2223-2224	.	_	_	_	_	_	
17-12	2224-2225	
	_	_	_	_	_	

#Text=Derweil fordern die für die Vorermittlungen zuständigen Kongressabgeordneten den geschäftsführenden Stabschef des Weißen Hauses zu einer Befragung hinter verschlossenen Türen auf.
#Text=
18-1	2225-2232	Derweil	_	_	_	_	_	
18-2	2233-2240	fordern	O	O	VVFIN	_	_	
18-3	2241-2244	die	_	_	_	_	_	
18-4	2245-2248	für	_	_	_	_	_	
18-5	2249-2252	die	_	_	_	_	_	
18-6	2253-2268	Vorermittlungen	O	O	NN	_	_	
18-7	2269-2280	zuständigen	O	O	ADJA	_	_	
18-8	2281-2301	Kongressabgeordneten	O	O	NN	_	_	
18-9	2302-2305	den	_	_	_	_	_	
18-10	2306-2324	geschäftsführenden	O	O	ADJA	_	_	
18-11	2325-2334	Stabschef	O	O	NN	_	_	
18-12	2335-2338	des	_	_	_	_	_	
18-13	2339-2345	Weißen	O	O	ADJA	_	_	
18-14	2346-2352	Hauses	O	O	NN	_	_	
18-15	2353-2355	zu	_	_	_	_	_	
18-16	2356-2361	einer	_	_	_	_	_	
18-17	2362-2371	Befragung	O	O	NN	_	_	
18-18	2372-2378	hinter	_	_	_	_	_	
18-19	2379-2393	verschlossenen	O	KOMPL	ADJA	_	_	
18-20	2394-2399	Türen	O	KOMPL	NN	belong together	18-19	
18-21	2400-2403	auf	O	O	PTKVZ	belong together	18-2	
18-22	2403-2404	.	_	_	_	_	_	
18-23	2404-2405	
	_	_	_	_	_	

#Text=Mick Mulvaney habe Erkenntnisse "aus erster Hand", wenn es um Trumps Umgang mit der Ukraine gehe, sagten sie.
#Text=
19-1	2405-2409	Mick	_	_	_	_	_	
19-2	2410-2418	Mulvaney	_	_	_	_	_	
19-3	2419-2423	habe	_	_	_	_	_	
19-4	2424-2436	Erkenntnisse	O	O	NN	_	_	
19-5	2437-2438	"	_	_	_	_	_	
19-6	2438-2441	aus	_	_	_	_	_	
19-7	2442-2448	erster	O	KOMPL	ADJA	_	_	
19-8	2449-2453	Hand	O	KOMPL	NN	belong together	19-7	
19-9	2453-2454	"	_	_	_	_	_	
19-10	2454-2455	,	_	_	_	_	_	
19-11	2456-2460	wenn	_	_	_	_	_	
19-12	2461-2463	es	_	_	_	_	_	
19-13	2464-2466	um	_	_	_	_	_	
19-14	2467-2473	Trumps	_	_	_	_	_	
19-15	2474-2480	Umgang	O	O	NN	_	_	
19-16	2481-2484	mit	_	_	_	_	_	
19-17	2485-2488	der	_	_	_	_	_	
19-18	2489-2496	Ukraine	_	_	_	_	_	
19-19	2497-2501	gehe	O	O	VVFIN	_	_	
19-20	2501-2502	,	_	_	_	_	_	
19-21	2503-2509	sagten	O	O	VVFIN	_	_	
19-22	2510-2513	sie	_	_	_	_	_	
19-23	2513-2514	.	_	_	_	_	_	
19-24	2514-2515	
	_	_	_	_	_	

#Text=Unklar ist, ob Mulvaney erscheinen wird - Trump hat Mitglieder seiner Regierung angehalten, bei den Untersuchungen nicht zu kooperieren.
#Text=
20-1	2515-2521	Unklar	KON	MRW	ADJD	_	_	
20-2	2522-2525	ist	_	_	_	_	_	
20-3	2525-2526	,	_	_	_	_	_	
20-4	2527-2529	ob	_	_	_	_	_	
20-5	2530-2538	Mulvaney	_	_	_	_	_	
20-6	2539-2549	erscheinen	O	O	VVINF	_	_	
20-7	2550-2554	wird	_	_	_	_	_	
20-8	2555-2556	-	_	_	_	_	_	
20-9	2557-2562	Trump	_	_	_	_	_	
20-10	2563-2566	hat	_	_	_	_	_	
20-11	2567-2577	Mitglieder	O	O	NN	_	_	
20-12	2578-2584	seiner	_	_	_	_	_	
20-13	2585-2594	Regierung	O	O	NN	_	_	
20-14	2595-2605	angehalten	O	O	VVPP	_	_	
20-15	2605-2606	,	_	_	_	_	_	
20-16	2607-2610	bei	_	_	_	_	_	
20-17	2611-2614	den	_	_	_	_	_	
20-18	2615-2629	Untersuchungen	O	O	NN	_	_	
20-19	2630-2635	nicht	_	_	_	_	_	
20-20	2636-2638	zu	_	_	_	_	_	
20-21	2639-2650	kooperieren	O	O	VVINF	_	_	
20-22	2650-2651	.	_	_	_	_	_	
20-23	2651-2652	
	_	_	_	_	_	
