#FORMAT=WebAnno TSV 3.3
#T_SP=webanno.custom.Metaphors|Conventionality|Metaphern
#T_SP=webanno.custom.POS|pos_tag
#T_RL=webanno.custom.UnitofAnalysis|bidirectionalrelation|BT_webanno.custom.Metaphors


#Text=Bundesgesundheitsminister Jens Spahn setzt sich vehement dafür ein, dass die sogenannte Konversionstherapie in Deutschland verboten wird.
#Text=
1-1	0-25	Bundesgesundheitsminister	O	O	NN	_	_	
1-2	26-30	Jens	_	_	_	_	_	
1-3	31-36	Spahn	_	_	_	_	_	
1-4	37-42	setzt	O	O	VVFIN	_	_	
1-5	43-47	sich	_	_	_	_	_	
1-6	48-56	vehement	O	O	ADJD	_	_	
1-7	57-62	dafür	_	_	_	_	_	
1-8	63-66	ein	O	O	PTKVZ	belong together	1-4	
1-9	66-67	,	_	_	_	_	_	
1-10	68-72	dass	_	_	_	_	_	
1-11	73-76	die	_	_	_	_	_	
1-12	77-87	sogenannte	O	O	ADJA	_	_	
1-13	88-107	Konversionstherapie	O	O	NN	_	_	
1-14	108-110	in	_	_	_	_	_	
1-15	111-122	Deutschland	_	_	_	_	_	
1-16	123-131	verboten	O	O	VVPP	_	_	
1-17	132-136	wird	_	_	_	_	_	
1-18	136-137	.	_	_	_	_	_	
1-19	137-138	
	_	_	_	_	_	

#Text=Zwei Gutachten, die von seinem Ministerium in Auftrag gegeben wurden, stützen den Vorstoß des Ministers, der die fragwürdigen Praktiken, die darauf abzielen, Homosexuelle zu "heilen" oder zu "ändern", als gesundheitsschädlich und unethisch betrachtet.
#Text=
2-1	138-142	Zwei	_	_	_	_	_	
2-2	143-152	Gutachten	O	O	NN	_	_	
2-3	152-153	,	_	_	_	_	_	
2-4	154-157	die	_	_	_	_	_	
2-5	158-161	von	_	_	_	_	_	
2-6	162-168	seinem	_	_	_	_	_	
2-7	169-180	Ministerium	O	O	NN	_	_	
2-8	181-183	in	_	_	_	_	_	
2-9	184-191	Auftrag	O	O	NN	_	_	
2-10	192-199	gegeben	O	DFMA	VVPP	_	_	
2-11	200-206	wurden	_	_	_	_	_	
2-12	206-207	,	_	_	_	_	_	
2-13	208-215	stützen	O	PERS	VVFIN	_	_	
2-14	216-219	den	_	_	_	_	_	
2-15	220-227	Vorstoß	KON	MRW	NN	_	_	
2-16	228-231	des	_	_	_	_	_	
2-17	232-241	Ministers	O	O	NN	_	_	
2-18	241-242	,	_	_	_	_	_	
2-19	243-246	der	_	_	_	_	_	
2-20	247-250	die	_	_	_	_	_	
2-21	251-263	fragwürdigen	O	O	ADJA	_	_	
2-22	264-273	Praktiken	O	O	NN	_	_	
2-23	273-274	,	_	_	_	_	_	
2-24	275-278	die	_	_	_	_	_	
2-25	279-285	darauf	_	_	_	_	_	
2-26	286-294	abzielen	O	PERS	VVINF	_	_	
2-27	294-295	,	_	_	_	_	_	
2-28	296-308	Homosexuelle	O	O	NN	_	_	
2-29	309-311	zu	_	_	_	_	_	
2-30	312-313	"	_	_	_	_	_	
2-31	313-319	heilen	O	PERS	VVINF	_	_	
2-32	319-320	"	_	_	_	_	_	
2-33	321-325	oder	_	_	_	_	_	
2-34	326-328	zu	_	_	_	_	_	
2-35	329-330	"	_	_	_	_	_	
2-36	330-336	ändern	O	PERS	VVINF	_	_	
2-37	336-337	"	_	_	_	_	_	
2-38	337-338	,	_	_	_	_	_	
2-39	339-342	als	_	_	_	_	_	
2-40	343-363	gesundheitsschädlich	O	O	ADJD	_	_	
2-41	364-367	und	_	_	_	_	_	
2-42	368-377	unethisch	O	O	ADJD	_	_	
2-43	378-388	betrachtet	KON	MRW	VVPP	_	_	
2-44	388-389	.	_	_	_	_	_	
2-45	389-390	
	_	_	_	_	_	

#Text=Die Gutachten kommen zu dem Schluss, dass Konversionstherapien keine medizinische Grundlage haben und zu schwerwiegenden psychischen Problemen bei den Betroffenen führen können.
#Text=
3-1	390-393	Die	_	_	_	_	_	
3-2	394-403	Gutachten	O	O	NN	_	_	
3-3	404-410	kommen	O	PERS	VVFIN	_	_	
3-4	411-413	zu	_	_	_	_	_	
3-5	414-417	dem	_	_	_	_	_	
3-6	418-425	Schluss	O	O	NN	_	_	
3-7	425-426	,	_	_	_	_	_	
3-8	427-431	dass	_	_	_	_	_	
3-9	432-452	Konversionstherapien	O	O	NN	_	_	
3-10	453-458	keine	_	_	_	_	_	
3-11	459-471	medizinische	O	O	ADJA	_	_	
3-12	472-481	Grundlage	O	O	NN	_	_	
3-13	482-487	haben	_	_	_	_	_	
3-14	488-491	und	_	_	_	_	_	
3-15	492-494	zu	_	_	_	_	_	
3-16	495-510	schwerwiegenden	O	O	ADJA	_	_	
3-17	511-522	psychischen	O	O	ADJA	_	_	
3-18	523-532	Problemen	O	O	NN	_	_	
3-19	533-536	bei	_	_	_	_	_	
3-20	537-540	den	_	_	_	_	_	
3-21	541-552	Betroffenen	O	O	NN	_	_	
3-22	553-559	führen	O	PERS	VVINF	_	_	
3-23	560-566	können	_	_	_	_	_	
3-24	566-567	.	_	_	_	_	_	
3-25	567-568	
	_	_	_	_	_	

#Text=Die Konversionstherapie basiert auf der falschen Annahme, dass Homosexualität eine Krankheit oder eine Störung sei, die behandelbar sei.
#Text=
4-1	568-571	Die	_	_	_	_	_	
4-2	572-591	Konversionstherapie	O	O	NN	_	_	
4-3	592-599	basiert	O	O	VVFIN	_	_	
4-4	600-603	auf	_	_	_	_	_	
4-5	604-607	der	_	_	_	_	_	
4-6	608-616	falschen	O	O	ADJA	_	_	
4-7	617-624	Annahme	O	O	NN	_	_	
4-8	624-625	,	_	_	_	_	_	
4-9	626-630	dass	_	_	_	_	_	
4-10	631-645	Homosexualität	O	O	NN	_	_	
4-11	646-650	eine	_	_	_	_	_	
4-12	651-660	Krankheit	O	O	NN	_	_	
4-13	661-665	oder	_	_	_	_	_	
4-14	666-670	eine	_	_	_	_	_	
4-15	671-678	Störung	O	O	NN	_	_	
4-16	679-682	sei	_	_	_	_	_	
4-17	682-683	,	_	_	_	_	_	
4-18	684-687	die	_	_	_	_	_	
4-19	688-699	behandelbar	O	O	ADJD	_	_	
4-20	700-703	sei	_	_	_	_	_	
4-21	703-704	.	_	_	_	_	_	
4-22	704-705	
	_	_	_	_	_	

#Text=Sie umfasst verschiedene Methoden wie Elektroschocks, Erbrechen induzierende Substanzen oder psychische Manipulationen.
#Text=
5-1	705-708	Sie	_	_	_	_	_	
5-2	709-716	umfasst	O	PERS	VVFIN	_	_	
5-3	717-729	verschiedene	O	O	ADJA	_	_	
5-4	730-738	Methoden	O	O	NN	_	_	
5-5	739-742	wie	_	_	_	_	_	
5-6	743-757	Elektroschocks	O	O	NN	_	_	
5-7	757-758	,	_	_	_	_	_	
5-8	759-768	Erbrechen	O	O	NN	_	_	
5-9	769-781	induzierende	O	O	ADJA	_	_	
5-10	782-792	Substanzen	O	O	NN	_	_	
5-11	793-797	oder	_	_	_	_	_	
5-12	798-808	psychische	O	O	ADJA	_	_	
5-13	809-823	Manipulationen	O	O	NN	_	_	
5-14	823-824	.	_	_	_	_	_	
5-15	824-825	
	_	_	_	_	_	

#Text=Viele Menschen, die sich dieser "Therapie" unterziehen, leiden unter schweren Depressionen, Angstzuständen und Schuldgefühlen.
#Text=
6-1	825-830	Viele	_	_	_	_	_	
6-2	831-839	Menschen	O	O	NN	_	_	
6-3	839-840	,	_	_	_	_	_	
6-4	841-844	die	_	_	_	_	_	
6-5	845-849	sich	_	_	_	_	_	
6-6	850-856	dieser	_	_	_	_	_	
6-7	857-858	"	_	_	_	_	_	
6-8	858-866	Therapie	O	O	NN	_	_	
6-9	866-867	"	_	_	_	_	_	
6-10	868-879	unterziehen	O	O	VVINF	_	_	
6-11	879-880	,	_	_	_	_	_	
6-12	881-887	leiden	O	O	VVFIN	_	_	
6-13	888-893	unter	_	_	_	_	_	
6-14	894-902	schweren	KON	MRW	ADJA	_	_	
6-15	903-915	Depressionen	O	O	NN	_	_	
6-16	915-916	,	_	_	_	_	_	
6-17	917-931	Angstzuständen	O	O	NN	_	_	
6-18	932-935	und	_	_	_	_	_	
6-19	936-950	Schuldgefühlen	O	O	NN	_	_	
6-20	950-951	.	_	_	_	_	_	
6-21	951-952	
	_	_	_	_	_	

#Text=Oft führt sie sogar zu Suizidgedanken bei den Betroffenen.
#Text=
7-1	952-955	Oft	_	_	_	_	_	
7-2	956-961	führt	O	PERS	VVFIN	_	_	
7-3	962-965	sie	_	_	_	_	_	
7-4	966-971	sogar	_	_	_	_	_	
7-5	972-974	zu	_	_	_	_	_	
7-6	975-989	Suizidgedanken	_	_	NN	_	_	
7-6.1	975-981	Suizid	O	O	_	_	_	
7-6.2	981-989	gedanken	O	O	_	_	_	
7-7	990-993	bei	_	_	_	_	_	
7-8	994-997	den	_	_	_	_	_	
7-9	998-1009	Betroffenen	O	O	NN	_	_	
7-10	1009-1010	.	_	_	_	_	_	
7-11	1010-1011	
	_	_	_	_	_	

#Text=Spahn betont, dass es höchste Zeit sei, diese menschenverachtenden Praktiken zu verbieten und Betroffene vor weiterem Schaden zu schützen.
#Text=
8-1	1011-1016	Spahn	_	_	_	_	_	
8-2	1017-1023	betont	KON	MRW	VVFIN	_	_	
8-3	1023-1024	,	_	_	_	_	_	
8-4	1025-1029	dass	_	_	_	_	_	
8-5	1030-1032	es	_	_	_	_	_	
8-6	1033-1040	höchste	KON	MRW	ADJA	_	_	
8-7	1041-1045	Zeit	O	O	NN	_	_	
8-8	1046-1049	sei	_	_	_	_	_	
8-9	1049-1050	,	_	_	_	_	_	
8-10	1051-1056	diese	_	_	_	_	_	
8-11	1057-1077	menschenverachtenden	O	O	ADJA	_	_	
8-12	1078-1087	Praktiken	O	O	NN	_	_	
8-13	1088-1090	zu	_	_	_	_	_	
8-14	1091-1100	verbieten	O	O	VVINF	_	_	
8-15	1101-1104	und	_	_	_	_	_	
8-16	1105-1115	Betroffene	O	O	NN	_	_	
8-17	1116-1119	vor	_	_	_	_	_	
8-18	1120-1128	weiterem	O	O	ADJA	_	_	
8-19	1129-1136	Schaden	KON	MRW	NN	_	_	
8-20	1137-1139	zu	_	_	_	_	_	
8-21	1140-1148	schützen	O	O	VVINF	_	_	
8-22	1148-1149	.	_	_	_	_	_	
8-23	1149-1150	
	_	_	_	_	_	

#Text=Er kündigte an, einen Gesetzesentwurf auf den Weg zu bringen, der die Konversionstherapie unter Strafe stellt und Therapeuten, die solche Methoden anwenden, mit empfindlichen Geldbußen und Berufsverboten belegt.
#Text=
9-1	1150-1152	Er	_	_	_	_	_	
9-2	1153-1161	kündigte	O	O	VVFIN	_	_	
9-3	1162-1164	an	O	O	PTKVZ	belong together	9-2	
9-4	1164-1165	,	_	_	_	_	_	
9-5	1166-1171	einen	_	_	_	_	_	
9-6	1172-1187	Gesetzesentwurf	O	O	NN	_	_	
9-7	1188-1191	auf	_	_	_	_	_	
9-8	1192-1195	den	_	_	_	_	_	
9-9	1196-1199	Weg	O	KOMPL	NN	_	_	
9-10	1200-1202	zu	_	_	_	_	_	
9-11	1203-1210	bringen	O	KOMPL	VVINF	belong together	9-9	
9-12	1210-1211	,	_	_	_	_	_	
9-13	1212-1215	der	_	_	_	_	_	
9-14	1216-1219	die	_	_	_	_	_	
9-15	1220-1239	Konversionstherapie	O	O	NN	_	_	
9-16	1240-1245	unter	_	_	_	_	_	
9-17	1246-1252	Strafe	O	O	NN	_	_	
9-18	1253-1259	stellt	O	WIDLII	VVFIN	_	_	
9-19	1260-1263	und	_	_	_	_	_	
9-20	1264-1275	Therapeuten	O	O	NN	_	_	
9-21	1275-1276	,	_	_	_	_	_	
9-22	1277-1280	die	_	_	_	_	_	
9-23	1281-1287	solche	_	_	_	_	_	
9-24	1288-1296	Methoden	O	O	NN	_	_	
9-25	1297-1305	anwenden	O	O	VVFIN	_	_	
9-26	1305-1306	,	_	_	_	_	_	
9-27	1307-1310	mit	_	_	_	_	_	
9-28	1311-1324	empfindlichen	O	PERS	ADJA	_	_	
9-29	1325-1334	Geldbußen	O	O	NN	_	_	
9-30	1335-1338	und	_	_	_	_	_	
9-31	1339-1353	Berufsverboten	O	O	NN	_	_	
9-32	1354-1360	belegt	KON	MRW	VVPP	_	_	
9-33	1360-1361	.	_	_	_	_	_	
9-34	1361-1362	
	_	_	_	_	_	

#Text=Auch die LGBT-Community begrüßt das geplante Verbot der Konversionstherapie.
#Text=
10-1	1362-1366	Auch	_	_	_	_	_	
10-2	1367-1370	die	_	_	_	_	_	
10-3	1371-1385	LGBT-Community	_	_	_	_	_	
10-4	1386-1393	begrüßt	KON	MRW	VVFIN	_	_	
10-5	1394-1397	das	_	_	_	_	_	
10-6	1398-1406	geplante	O	O	ADJA	_	_	
10-7	1407-1413	Verbot	O	O	NN	_	_	
10-8	1414-1417	der	_	_	_	_	_	
10-9	1418-1437	Konversionstherapie	O	O	NN	_	_	
10-10	1437-1438	.	_	_	_	_	_	
10-11	1438-1439	
	_	_	_	_	_	

#Text=Viele Organisationen und Aktivisten setzen sich schon lange für ein solches Verbot ein und sehen Spahns Initiative als wichtigen Schritt in die richtige Richtung.
#Text=
11-1	1439-1444	Viele	_	_	_	_	_	
11-2	1445-1459	Organisationen	O	O	NN	_	_	
11-3	1460-1463	und	_	_	_	_	_	
11-4	1464-1474	Aktivisten	O	O	NN	_	_	
11-5	1475-1481	setzen	O	O	VVFIN	_	_	
11-6	1482-1486	sich	_	_	_	_	_	
11-7	1487-1492	schon	_	_	_	_	_	
11-8	1493-1498	lange	_	_	_	_	_	
11-9	1499-1502	für	_	_	_	_	_	
11-10	1503-1506	ein	_	_	_	_	_	
11-11	1507-1514	solches	_	_	_	_	_	
11-12	1515-1521	Verbot	O	O	NN	_	_	
11-13	1522-1525	ein	O	O	PTKVZ	belong together	11-5	
11-14	1526-1529	und	_	_	_	_	_	
11-15	1530-1535	sehen	KON	MRW	VVFIN	_	_	
11-16	1536-1542	Spahns	_	_	_	_	_	
11-17	1543-1553	Initiative	O	O	NN	_	_	
11-18	1554-1557	als	_	_	_	_	_	
11-19	1558-1567	wichtigen	O	O	ADJA	_	_	
11-20	1568-1575	Schritt	O	KOMPL	NN	_	_	
11-21	1576-1578	in	_	_	_	_	_	
11-22	1579-1582	die	_	_	_	_	_	
11-23	1583-1591	richtige	O	O	ADJA	_	_	
11-24	1592-1600	Richtung	O	KOMPL	NN	belong together	11-20	
11-25	1600-1601	.	_	_	_	_	_	
11-26	1601-1602	
	_	_	_	_	_	

#Text=Sie fordern zudem mehr Aufklärung über das Thema und einen besseren Schutz von LGBT-Menschen in der Gesellschaft.
#Text=
12-1	1602-1605	Sie	_	_	_	_	_	
12-2	1606-1613	fordern	O	O	VVFIN	_	_	
12-3	1614-1619	zudem	_	_	_	_	_	
12-4	1620-1624	mehr	_	_	_	_	_	
12-5	1625-1635	Aufklärung	O	O	NN	_	_	
12-6	1636-1640	über	_	_	_	_	_	
12-7	1641-1644	das	_	_	_	_	_	
12-8	1645-1650	Thema	O	O	NN	_	_	
12-9	1651-1654	und	_	_	_	_	_	
12-10	1655-1660	einen	_	_	_	_	_	
12-11	1661-1669	besseren	O	O	ADJA	_	_	
12-12	1670-1676	Schutz	O	O	NN	_	_	
12-13	1677-1680	von	_	_	_	_	_	
12-14	1681-1694	LGBT-Menschen	_	_	_	_	_	
12-15	1695-1697	in	_	_	_	_	_	
12-16	1698-1701	der	_	_	_	_	_	
12-17	1702-1714	Gesellschaft	O	O	NN	_	_	
12-18	1714-1715	.	_	_	_	_	_	
12-19	1715-1716	
	_	_	_	_	_	

#Text=Betroffene berichten von ihren traumatischen Erfahrungen mit Konversionstherapien.
#Text=
13-1	1716-1726	Betroffene	O	O	NN	_	_	
13-2	1727-1736	berichten	O	O	VVFIN	_	_	
13-3	1737-1740	von	_	_	_	_	_	
13-4	1741-1746	ihren	_	_	_	_	_	
13-5	1747-1760	traumatischen	KON	MRW	ADJA	_	_	
13-6	1761-1772	Erfahrungen	O	O	NN	_	_	
13-7	1773-1776	mit	_	_	_	_	_	
13-8	1777-1797	Konversionstherapien	O	O	NN	_	_	
13-9	1797-1798	.	_	_	_	_	_	
13-10	1798-1799	
	_	_	_	_	_	

#Text=Einige erzählen, wie sie als Jugendliche von ihren Eltern gezwungen wurden, sich einer solchen "Therapie" zu unterziehen, die ihr Selbstwertgefühl zerstörte und ihre Identität in Frage stellte.
#Text=
14-1	1799-1805	Einige	_	_	_	_	_	
14-2	1806-1814	erzählen	O	O	VVFIN	_	_	
14-3	1814-1815	,	_	_	_	_	_	
14-4	1816-1819	wie	_	_	_	_	_	
14-5	1820-1823	sie	_	_	_	_	_	
14-6	1824-1827	als	_	_	_	_	_	
14-7	1828-1839	Jugendliche	O	O	NN	_	_	
14-8	1840-1843	von	_	_	_	_	_	
14-9	1844-1849	ihren	_	_	_	_	_	
14-10	1850-1856	Eltern	O	O	NN	_	_	
14-11	1857-1866	gezwungen	O	O	VVPP	_	_	
14-12	1867-1873	wurden	_	_	_	_	_	
14-13	1873-1874	,	_	_	_	_	_	
14-14	1875-1879	sich	_	_	_	_	_	
14-15	1880-1885	einer	_	_	_	_	_	
14-16	1886-1893	solchen	_	_	_	_	_	
14-17	1894-1895	"	_	_	_	_	_	
14-18	1895-1903	Therapie	O	O	NN	_	_	
14-19	1903-1904	"	_	_	_	_	_	
14-20	1905-1907	zu	_	_	_	_	_	
14-21	1908-1919	unterziehen	O	O	VVINF	_	_	
14-22	1919-1920	,	_	_	_	_	_	
14-23	1921-1924	die	_	_	_	_	_	
14-24	1925-1928	ihr	_	_	_	_	_	
14-25	1929-1945	Selbstwertgefühl	O	O	NN	_	_	
14-26	1946-1955	zerstörte	KON	MRW	VVFIN	_	_	
14-27	1956-1959	und	_	_	_	_	_	
14-28	1960-1964	ihre	_	_	_	_	_	
14-29	1965-1974	Identität	O	O	NN	_	_	
14-30	1975-1977	in	_	_	_	_	_	
14-31	1978-1983	Frage	O	O	NN	_	_	
14-32	1984-1991	stellte	O	DFMA	VVFIN	_	_	
14-33	1991-1992	.	_	_	_	_	_	
14-34	1992-1993	
	_	_	_	_	_	

#Text=Andere berichten davon, wie Therapeuten versuchten, sie davon zu überzeugen, dass ihre sexuelle Orientierung eine Abweichung von der Norm sei und behoben werden müsse.
#Text=
15-1	1993-1999	Andere	_	_	_	_	_	
15-2	2000-2009	berichten	O	O	VVFIN	_	_	
15-3	2010-2015	davon	_	_	_	_	_	
15-4	2015-2016	,	_	_	_	_	_	
15-5	2017-2020	wie	_	_	_	_	_	
15-6	2021-2032	Therapeuten	O	O	NN	_	_	
15-7	2033-2043	versuchten	O	O	VVFIN	_	_	
15-8	2043-2044	,	_	_	_	_	_	
15-9	2045-2048	sie	_	_	_	_	_	
15-10	2049-2054	davon	_	_	_	_	_	
15-11	2055-2057	zu	_	_	_	_	_	
15-12	2058-2068	überzeugen	O	O	VVINF	_	_	
15-13	2068-2069	,	_	_	_	_	_	
15-14	2070-2074	dass	_	_	_	_	_	
15-15	2075-2079	ihre	_	_	_	_	_	
15-16	2080-2088	sexuelle	O	O	ADJA	_	_	
15-17	2089-2101	Orientierung	KON	MRW	NN	_	_	
15-18	2102-2106	eine	_	_	_	_	_	
15-19	2107-2117	Abweichung	KON	MRW	NN	_	_	
15-20	2118-2121	von	_	_	_	_	_	
15-21	2122-2125	der	_	_	_	_	_	
15-22	2126-2130	Norm	O	O	NN	_	_	
15-23	2131-2134	sei	_	_	_	_	_	
15-24	2135-2138	und	_	_	_	_	_	
15-25	2139-2146	behoben	O	O	VVPP	_	_	
15-26	2147-2153	werden	_	_	_	_	_	
15-27	2154-2159	müsse	_	_	_	_	_	
15-28	2159-2160	.	_	_	_	_	_	
15-29	2160-2161	
	_	_	_	_	_	

#Text=Die Geschichten der Betroffenen zeigen deutlich, welchen Schaden die Konversionstherapie anrichten kann und warum ein Verbot dringend notwendig ist.
#Text=
16-1	2161-2164	Die	_	_	_	_	_	
16-2	2165-2176	Geschichten	O	O	NN	_	_	
16-3	2177-2180	der	_	_	_	_	_	
16-4	2181-2192	Betroffenen	O	O	NN	_	_	
16-5	2193-2199	zeigen	O	PERS	VVFIN	_	_	
16-6	2200-2208	deutlich	KON	MRW	ADJD	_	_	
16-7	2208-2209	,	_	_	_	_	_	
16-8	2210-2217	welchen	_	_	_	_	_	
16-9	2218-2225	Schaden	KON	MRW	NN	_	_	
16-10	2226-2229	die	_	_	_	_	_	
16-11	2230-2249	Konversionstherapie	O	O	NN	_	_	
16-12	2250-2259	anrichten	O	PERS	VVINF	_	_	
16-13	2260-2264	kann	_	_	_	_	_	
16-14	2265-2268	und	_	_	_	_	_	
16-15	2269-2274	warum	_	_	_	_	_	
16-16	2275-2278	ein	_	_	_	_	_	
16-17	2279-2285	Verbot	O	O	NN	_	_	
16-18	2286-2294	dringend	O	O	ADJD	_	_	
16-19	2295-2304	notwendig	O	O	ADJD	_	_	
16-20	2305-2308	ist	_	_	_	_	_	
16-21	2308-2309	.	_	_	_	_	_	
16-22	2309-2310	
	_	_	_	_	_	

#Text=Spahn möchte mit seinem Gesetzesentwurf ein Zeichen setzen und deutlich machen, dass solche Praktiken in unserer modernen Gesellschaft keinen Platz haben.
#Text=
17-1	2310-2315	Spahn	_	_	_	_	_	
17-2	2316-2322	möchte	_	_	_	_	_	
17-3	2323-2326	mit	_	_	_	_	_	
17-4	2327-2333	seinem	_	_	_	_	_	
17-5	2334-2349	Gesetzesentwurf	O	O	NN	_	_	
17-6	2350-2353	ein	_	_	_	_	_	
17-7	2354-2361	Zeichen	O	KOMPL	NN	_	_	
17-8	2362-2368	setzen	O	KOMPL	VVINF	belong together	17-7	
17-9	2369-2372	und	_	_	_	_	_	
17-10	2373-2381	deutlich	KON	MRW	ADJD	_	_	
17-11	2382-2388	machen	O	WIDLII	VVINF	_	_	
17-12	2388-2389	,	_	_	_	_	_	
17-13	2390-2394	dass	_	_	_	_	_	
17-14	2395-2401	solche	_	_	_	_	_	
17-15	2402-2411	Praktiken	O	O	NN	_	_	
17-16	2412-2414	in	_	_	_	_	_	
17-17	2415-2422	unserer	_	_	_	_	_	
17-18	2423-2431	modernen	O	O	ADJA	_	_	
17-19	2432-2444	Gesellschaft	O	O	NN	_	_	
17-20	2445-2451	keinen	_	_	_	_	_	
17-21	2452-2457	Platz	KON	MRW	NN	_	_	
17-22	2458-2463	haben	_	_	_	_	_	
17-23	2463-2464	.	_	_	_	_	_	
17-24	2464-2465	
	_	_	_	_	_	

#Text=Insgesamt ist die geplante Maßnahme von Bundesgesundheitsminister Jens Spahn gegen die Konversionstherapie ein wichtiger Schritt in Richtung Gleichberechtigung und Respekt für LGBT-Menschen.
#Text=
18-1	2465-2474	Insgesamt	_	_	_	_	_	
18-2	2475-2478	ist	_	_	_	_	_	
18-3	2479-2482	die	_	_	_	_	_	
18-4	2483-2491	geplante	O	O	ADJA	_	_	
18-5	2492-2500	Maßnahme	O	O	NN	_	_	
18-6	2501-2504	von	_	_	_	_	_	
18-7	2505-2530	Bundesgesundheitsminister	O	O	NN	_	_	
18-8	2531-2535	Jens	_	_	_	_	_	
18-9	2536-2541	Spahn	_	_	_	_	_	
18-10	2542-2547	gegen	_	_	_	_	_	
18-11	2548-2551	die	_	_	_	_	_	
18-12	2552-2571	Konversionstherapie	O	O	NN	_	_	
18-13	2572-2575	ein	_	_	_	_	_	
18-14	2576-2585	wichtiger	O	O	ADJA	_	_	
18-15	2586-2593	Schritt	O	KOMPL	NN	_	_	
18-16	2594-2596	in	_	_	_	_	_	
18-17	2597-2605	Richtung	O	KOMPL	NN	belong together	18-15	
18-18	2606-2624	Gleichberechtigung	O	O	NN	_	_	
18-19	2625-2628	und	_	_	_	_	_	
18-20	2629-2636	Respekt	O	O	NN	_	_	
18-21	2637-2640	für	_	_	_	_	_	
18-22	2641-2654	LGBT-Menschen	_	_	_	_	_	
18-23	2654-2655	.	_	_	_	_	_	
18-24	2655-2656	
	_	_	_	_	_	

#Text=Es bleibt zu hoffen, dass der Gesetzesentwurf schnell verabschiedet wird und damit ein wichtiges Signal an die gesamte Gesellschaft sendet: Diskriminierung und Ungleichbehandlung aufgrund der sexuellen Orientierung haben keinen Platz in Deutschland.
#Text=
19-1	2656-2658	Es	_	_	_	_	_	
19-2	2659-2665	bleibt	O	O	VVFIN	_	_	
19-3	2666-2668	zu	_	_	_	_	_	
19-4	2669-2675	hoffen	O	O	VVINF	_	_	
19-5	2675-2676	,	_	_	_	_	_	
19-6	2677-2681	dass	_	_	_	_	_	
19-7	2682-2685	der	_	_	_	_	_	
19-8	2686-2701	Gesetzesentwurf	O	O	NN	_	_	
19-9	2702-2709	schnell	O	O	ADJD	_	_	
19-10	2710-2723	verabschiedet	O	O	VVPP	_	_	
19-11	2724-2728	wird	_	_	_	_	_	
19-12	2729-2732	und	_	_	_	_	_	
19-13	2733-2738	damit	_	_	_	_	_	
19-14	2739-2742	ein	_	_	_	_	_	
19-15	2743-2752	wichtiges	O	O	ADJA	_	_	
19-16	2753-2759	Signal	O	KOMPL	NN	_	_	
19-17	2760-2762	an	_	_	_	_	_	
19-18	2763-2766	die	_	_	_	_	_	
19-19	2767-2774	gesamte	O	O	ADJA	_	_	
19-20	2775-2787	Gesellschaft	O	O	NN	_	_	
19-21	2788-2794	sendet	O	KOMPL	VVFIN	belong together	19-16	
19-22	2794-2795	:	_	_	_	_	_	
19-23	2796-2811	Diskriminierung	O	O	NN	_	_	
19-24	2812-2815	und	_	_	_	_	_	
19-25	2816-2834	Ungleichbehandlung	O	O	NN	_	_	
19-26	2835-2843	aufgrund	_	_	_	_	_	
19-27	2844-2847	der	_	_	_	_	_	
19-28	2848-2857	sexuellen	O	O	ADJA	_	_	
19-29	2858-2870	Orientierung	KON	MRW	NN	_	_	
19-30	2871-2876	haben	_	_	_	_	_	
19-31	2877-2883	keinen	_	_	_	_	_	
19-32	2884-2889	Platz	KON	MRW	NN	_	_	
19-33	2890-2892	in	_	_	_	_	_	
19-34	2893-2904	Deutschland	_	_	_	_	_	
19-35	2904-2905	.	_	_	_	_	_	
19-36	2905-2906	
	_	_	_	_	_	
