#FORMAT=WebAnno TSV 3.3
#T_SP=webanno.custom.Metaphors|Conventionality|Metaphern
#T_SP=webanno.custom.POS|pos_tag


#Text=Das Bundesverfassungsgericht hat am Dienstag entschieden, dass die Mietpreisbremse in Hessen nicht ausreichend begründet wurde und somit nicht gelten kann.
#Text=
1-1	0-3	Das	_	_	_	
1-2	4-28	Bundesverfassungsgericht	O	O	NN	
1-3	29-32	hat	_	_	_	
1-4	33-35	am	_	_	_	
1-5	36-44	Dienstag	O	O	NN	
1-6	45-56	entschieden	O	O	VVPP	
1-7	56-57	,	_	_	_	
1-8	58-62	dass	_	_	_	
1-9	63-66	die	_	_	_	
1-10	67-82	Mietpreisbremse	O	O	NN	
1-11	83-85	in	_	_	_	
1-12	86-92	Hessen	_	_	_	
1-13	93-98	nicht	_	_	_	
1-14	99-110	ausreichend	O	O	ADJD	
1-15	111-120	begründet	O	O	VVPP	
1-16	121-126	wurde	_	_	_	
1-17	127-130	und	_	_	_	
1-18	131-136	somit	_	_	_	
1-19	137-142	nicht	_	_	_	
1-20	143-149	gelten	O	O	VVINF	
1-21	150-154	kann	_	_	_	
1-22	154-155	.	_	_	_	
1-23	155-156	
	_	_	_	

#Text=In dem Urteil wurde festgestellt, dass das Land bei der Einführung der Verordnung im Jahr 2015 keine ausreichenden Gründe für die Begrenzung der Mieten genannt habe.
#Text=
2-1	156-158	In	_	_	_	
2-2	159-162	dem	_	_	_	
2-3	163-169	Urteil	O	O	NN	
2-4	170-175	wurde	_	_	_	
2-5	176-188	festgestellt	O	O	VVPP	
2-6	188-189	,	_	_	_	
2-7	190-194	dass	_	_	_	
2-8	195-198	das	_	_	_	
2-9	199-203	Land	O	O	NN	
2-10	204-207	bei	_	_	_	
2-11	208-211	der	_	_	_	
2-12	212-222	Einführung	KON	MRW	NN	
2-13	223-226	der	_	_	_	
2-14	227-237	Verordnung	O	O	NN	
2-15	238-240	im	_	_	_	
2-16	241-245	Jahr	O	O	NN	
2-17	246-250	2015	_	_	_	
2-18	251-256	keine	_	_	_	
2-19	257-270	ausreichenden	O	O	ADJA	
2-20	271-277	Gründe	O	O	NN	
2-21	278-281	für	_	_	_	
2-22	282-285	die	_	_	_	
2-23	286-296	Begrenzung	KON	MRW	NN	
2-24	297-300	der	_	_	_	
2-25	301-307	Mieten	O	O	NN	
2-26	308-315	genannt	O	O	VVPP	
2-27	316-320	habe	_	_	_	
2-28	320-321	.	_	_	_	
2-29	321-322	
	_	_	_	

#Text=Selbst eine nachträgliche Erklärung der Landesregierung habe nicht ausgereicht, um die Richter in Karlsruhe zu überzeugen.Die Mietpreisbremse war ursprünglich eingeführt worden, um den Anstieg der Mieten in Ballungsgebieten einzudämmen und bezahlbaren Wohnraum für alle Bevölkerungsschichten zu gewährleisten.
#Text=
3-1	322-328	Selbst	_	_	_	
3-2	329-333	eine	_	_	_	
3-3	334-347	nachträgliche	O	O	ADJA	
3-4	348-357	Erklärung	O	O	NN	
3-5	358-361	der	_	_	_	
3-6	362-377	Landesregierung	O	O	NN	
3-7	378-382	habe	_	_	_	
3-8	383-388	nicht	_	_	_	
3-9	389-400	ausgereicht	O	O	VVPP	
3-10	400-401	,	_	_	_	
3-11	402-404	um	_	_	_	
3-12	405-408	die	_	_	_	
3-13	409-416	Richter	O	O	NN	
3-14	417-419	in	_	_	_	
3-15	420-429	Karlsruhe	_	_	_	
3-16	430-432	zu	_	_	_	
3-17	433-443	überzeugen	O	O	VVINF	
3-18	443-444	.	_	_	_	
3-19	444-447	Die	_	_	_	
3-20	448-463	Mietpreisbremse	O	O	NN	
3-21	464-467	war	_	_	_	
3-22	468-480	ursprünglich	O	O	ADJD	
3-23	481-491	eingeführt	KON	MRW	VVPP	
3-24	492-498	worden	_	_	_	
3-25	498-499	,	_	_	_	
3-26	500-502	um	_	_	_	
3-27	503-506	den	_	_	_	
3-28	507-514	Anstieg	KON	MRW	NN	
3-29	515-518	der	_	_	_	
3-30	519-525	Mieten	O	O	NN	
3-31	526-528	in	_	_	_	
3-32	529-545	Ballungsgebieten	O	O	NN	
3-33	546-557	einzudämmen	KON	MRW	VVIZU	
3-34	558-561	und	_	_	_	
3-35	562-573	bezahlbaren	O	O	ADJA	
3-36	574-582	Wohnraum	O	O	NN	
3-37	583-586	für	_	_	_	
3-38	587-591	alle	_	_	_	
3-39	592-613	Bevölkerungsschichten	O	O	NN	
3-40	614-616	zu	_	_	_	
3-41	617-630	gewährleisten	O	O	VVINF	
3-42	630-631	.	_	_	_	
3-43	631-632	
	_	_	_	

#Text=In Hessen galt die Regelung seit 2015 in ausgewählten Städten wie Frankfurt, Wiesbaden und Darmstadt.
#Text=
4-1	632-634	In	_	_	_	
4-2	635-641	Hessen	_	_	_	
4-3	642-646	galt	O	O	VVFIN	
4-4	647-650	die	_	_	_	
4-5	651-659	Regelung	O	O	NN	
4-6	660-664	seit	_	_	_	
4-7	665-669	2015	_	_	_	
4-8	670-672	in	_	_	_	
4-9	673-685	ausgewählten	O	O	ADJA	
4-10	686-693	Städten	O	O	NN	
4-11	694-697	wie	_	_	_	
4-12	698-707	Frankfurt	_	_	_	
4-13	707-708	,	_	_	_	
4-14	709-718	Wiesbaden	_	_	_	
4-15	719-722	und	_	_	_	
4-16	723-732	Darmstadt	_	_	_	
4-17	732-733	.	_	_	_	
4-18	733-734	
	_	_	_	

#Text=Vermieter durften dort die Miete bei neuen Verträgen nur begrenzt erhöhen, um Mieter vor überhöhten Mietforderungen zu schützen.
#Text=
5-1	734-743	Vermieter	O	O	NN	
5-2	744-751	durften	_	_	_	
5-3	752-756	dort	_	_	_	
5-4	757-760	die	_	_	_	
5-5	761-766	Miete	O	O	NN	
5-6	767-770	bei	_	_	_	
5-7	771-776	neuen	O	O	ADJA	
5-8	777-786	Verträgen	O	O	NN	
5-9	787-790	nur	_	_	_	
5-10	791-799	begrenzt	O	O	ADJD	
5-11	800-807	erhöhen	KON	MRW	VVINF	
5-12	807-808	,	_	_	_	
5-13	809-811	um	_	_	_	
5-14	812-818	Mieter	O	O	NN	
5-15	819-822	vor	_	_	_	
5-16	823-833	überhöhten	O	O	ADJA	
5-17	834-849	Mietforderungen	_	_	NN	
5-17.1	834-838	Miet	O	O	_	
5-17.2	838-849	forderungen	O	O	_	
5-18	850-852	zu	_	_	_	
5-19	853-861	schützen	O	O	VVINF	
5-20	861-862	.	_	_	_	
5-21	862-863	
	_	_	_	

#Text=Das Verfassungsgericht in Karlsruhe kam jedoch zu dem Schluss, dass das Land Hessen nicht ausreichend dargelegt habe, warum die Mietpreisbremse in diesen Städten notwendig sei.
#Text=
6-1	863-866	Das	_	_	_	
6-2	867-885	Verfassungsgericht	O	O	NN	
6-3	886-888	in	_	_	_	
6-4	889-898	Karlsruhe	_	_	_	
6-5	899-902	kam	KON	MRW	VVFIN	
6-6	903-909	jedoch	_	_	_	
6-7	910-912	zu	_	_	_	
6-8	913-916	dem	_	_	_	
6-9	917-924	Schluss	O	O	NN	
6-10	924-925	,	_	_	_	
6-11	926-930	dass	_	_	_	
6-12	931-934	das	_	_	_	
6-13	935-939	Land	O	O	NN	
6-14	940-946	Hessen	_	_	_	
6-15	947-952	nicht	_	_	_	
6-16	953-964	ausreichend	O	O	ADJD	
6-17	965-974	dargelegt	O	O	VVPP	
6-18	975-979	habe	_	_	_	
6-19	979-980	,	_	_	_	
6-20	981-986	warum	_	_	_	
6-21	987-990	die	_	_	_	
6-22	991-1006	Mietpreisbremse	O	O	NN	
6-23	1007-1009	in	_	_	_	
6-24	1010-1016	diesen	_	_	_	
6-25	1017-1024	Städten	O	O	NN	
6-26	1025-1034	notwendig	O	O	ADJD	
6-27	1035-1038	sei	_	_	_	
6-28	1038-1039	.	_	_	_	
6-29	1039-1040	
	_	_	_	

#Text=In der Urteilsbegründung hieß es, dass die Landesregierung keine konkreten Zahlen oder Daten vorgelegt habe, um den angeblich bestehenden Mietenanstieg zu belegen.
#Text=
7-1	1040-1042	In	_	_	_	
7-2	1043-1046	der	_	_	_	
7-3	1047-1064	Urteilsbegründung	O	O	NN	
7-4	1065-1069	hieß	O	O	VVFIN	
7-5	1070-1072	es	_	_	_	
7-6	1072-1073	,	_	_	_	
7-7	1074-1078	dass	_	_	_	
7-8	1079-1082	die	_	_	_	
7-9	1083-1098	Landesregierung	O	O	NN	
7-10	1099-1104	keine	_	_	_	
7-11	1105-1114	konkreten	O	O	ADJA	
7-12	1115-1121	Zahlen	O	O	NN	
7-13	1122-1126	oder	_	_	_	
7-14	1127-1132	Daten	O	O	NN	
7-15	1133-1142	vorgelegt	KON	MRW	VVPP	
7-16	1143-1147	habe	_	_	_	
7-17	1147-1148	,	_	_	_	
7-18	1149-1151	um	_	_	_	
7-19	1152-1155	den	_	_	_	
7-20	1156-1165	angeblich	O	O	ADJD	
7-21	1166-1177	bestehenden	O	O	ADJA	
7-22	1178-1191	Mietenanstieg	O	O	NN	
7-23	1192-1194	zu	_	_	_	
7-24	1195-1202	belegen	O	O	VVINF	
7-25	1202-1203	.	_	_	_	
7-26	1203-1204	
	_	_	_	

#Text=Auch eine nachträglich eingereichte Erklärung, in der auf lokale Marktstudien verwiesen wurde, konnte die Richter nicht überzeugen.
#Text=
8-1	1204-1208	Auch	_	_	_	
8-2	1209-1213	eine	_	_	_	
8-3	1214-1226	nachträglich	O	O	ADJD	
8-4	1227-1239	eingereichte	O	O	ADJA	
8-5	1240-1249	Erklärung	O	O	NN	
8-6	1249-1250	,	_	_	_	
8-7	1251-1253	in	_	_	_	
8-8	1254-1257	der	_	_	_	
8-9	1258-1261	auf	_	_	_	
8-10	1262-1268	lokale	O	O	ADJA	
8-11	1269-1281	Marktstudien	O	O	NN	
8-12	1282-1291	verwiesen	O	O	VVPP	
8-13	1292-1297	wurde	_	_	_	
8-14	1297-1298	,	_	_	_	
8-15	1299-1305	konnte	_	_	_	
8-16	1306-1309	die	_	_	_	
8-17	1310-1317	Richter	O	O	NN	
8-18	1318-1323	nicht	_	_	_	
8-19	1324-1334	überzeugen	O	PERS	VVINF	
8-20	1334-1335	.	_	_	_	
8-21	1335-1336	
	_	_	_	

#Text=Dieses Urteil hat weitreichende Konsequenzen für die Mieterinnen und Mieter in Hessen.
#Text=
9-1	1336-1342	Dieses	_	_	_	
9-2	1343-1349	Urteil	O	O	NN	
9-3	1350-1353	hat	_	_	_	
9-4	1354-1367	weitreichende	KON	MRW	ADJA	
9-5	1368-1380	Konsequenzen	O	O	NN	
9-6	1381-1384	für	_	_	_	
9-7	1385-1388	die	_	_	_	
9-8	1389-1400	Mieterinnen	O	O	NN	
9-9	1401-1404	und	_	_	_	
9-10	1405-1411	Mieter	O	O	NN	
9-11	1412-1414	in	_	_	_	
9-12	1415-1421	Hessen	_	_	_	
9-13	1421-1422	.	_	_	_	
9-14	1422-1423	
	_	_	_	

#Text=Ohne die Mietpreisbremse können Vermieter nun wieder frei über die Höhe der Mieten entscheiden und sind nicht mehr an die gesetzlichen Begrenzungen gebunden.
#Text=
10-1	1423-1427	Ohne	_	_	_	
10-2	1428-1431	die	_	_	_	
10-3	1432-1447	Mietpreisbremse	O	O	NN	
10-4	1448-1454	können	_	_	_	
10-5	1455-1464	Vermieter	O	O	NN	
10-6	1465-1468	nun	_	_	_	
10-7	1469-1475	wieder	_	_	_	
10-8	1476-1480	frei	KON	MRW	ADJD	
10-9	1481-1485	über	_	_	_	
10-10	1486-1489	die	_	_	_	
10-11	1490-1494	Höhe	KON	MRW	NN	
10-12	1495-1498	der	_	_	_	
10-13	1499-1505	Mieten	O	O	NN	
10-14	1506-1517	entscheiden	O	O	VVINF	
10-15	1518-1521	und	_	_	_	
10-16	1522-1526	sind	_	_	_	
10-17	1527-1532	nicht	_	_	_	
10-18	1533-1537	mehr	_	_	_	
10-19	1538-1540	an	_	_	_	
10-20	1541-1544	die	_	_	_	
10-21	1545-1557	gesetzlichen	O	O	ADJA	
10-22	1558-1570	Begrenzungen	KON	MRW	NN	
10-23	1571-1579	gebunden	KON	MRW	VVPP	
10-24	1579-1580	.	_	_	_	
10-25	1580-1581	
	_	_	_	

#Text=Dies könnte zu weiteren Mietsteigerungen in den betroffenen Städten führen und die ohnehin angespannte Wohnsituation verschärfen.
#Text=
11-1	1581-1585	Dies	_	_	_	
11-2	1586-1592	könnte	_	_	_	
11-3	1593-1595	zu	_	_	_	
11-4	1596-1604	weiteren	O	O	ADJA	
11-5	1605-1621	Mietsteigerungen	O	O	NN	
11-6	1622-1624	in	_	_	_	
11-7	1625-1628	den	_	_	_	
11-8	1629-1640	betroffenen	O	O	ADJA	
11-9	1641-1648	Städten	O	O	NN	
11-10	1649-1655	führen	KON	MRW	VVINF	
11-11	1656-1659	und	_	_	_	
11-12	1660-1663	die	_	_	_	
11-13	1664-1671	ohnehin	_	_	_	
11-14	1672-1683	angespannte	O	WIDLII	ADJA	
11-15	1684-1697	Wohnsituation	_	_	NN	
11-15.1	1684-1688	Wohn	O	O	_	
11-15.2	1688-1697	situation	O	O	_	
11-16	1698-1709	verschärfen	O	O	VVINF	
11-17	1709-1710	.	_	_	_	
11-18	1710-1711	
	_	_	_	

#Text=Die Landesregierung in Hessen zeigte sich enttäuscht über das Urteil des Bundesverfassungsgerichts.
#Text=
12-1	1711-1714	Die	_	_	_	
12-2	1715-1730	Landesregierung	O	O	NN	
12-3	1731-1733	in	_	_	_	
12-4	1734-1740	Hessen	_	_	_	
12-5	1741-1747	zeigte	KON	MRW	VVFIN	
12-6	1748-1752	sich	_	_	_	
12-7	1753-1763	enttäuscht	O	O	ADJD	
12-8	1764-1768	über	_	_	_	
12-9	1769-1772	das	_	_	_	
12-10	1773-1779	Urteil	O	O	NN	
12-11	1780-1783	des	_	_	_	
12-12	1784-1809	Bundesverfassungsgerichts	O	O	NN	
12-13	1809-1810	.	_	_	_	
12-14	1810-1811	
	_	_	_	

#Text=Man habe sich bemüht, die Mietpreisbremse im Sinne der Mieterinnen und Mieter einzuführen und bedauere, dass die Begründung vor Gericht nicht ausreichend war.
#Text=
13-1	1811-1814	Man	_	_	_	
13-2	1815-1819	habe	_	_	_	
13-3	1820-1824	sich	_	_	_	
13-4	1825-1831	bemüht	O	O	ADJD	
13-5	1831-1832	,	_	_	_	
13-6	1833-1836	die	_	_	_	
13-7	1837-1852	Mietpreisbremse	O	O	NN	
13-8	1853-1855	im	_	_	_	
13-9	1856-1861	Sinne	O	O	NN	
13-10	1862-1865	der	_	_	_	
13-11	1866-1877	Mieterinnen	O	O	NN	
13-12	1878-1881	und	_	_	_	
13-13	1882-1888	Mieter	O	O	NN	
13-14	1889-1900	einzuführen	KON	MRW	VVIZU	
13-15	1901-1904	und	_	_	_	
13-16	1905-1913	bedauere	O	O	VVFIN	
13-17	1913-1914	,	_	_	_	
13-18	1915-1919	dass	_	_	_	
13-19	1920-1923	die	_	_	_	
13-20	1924-1934	Begründung	O	O	NN	
13-21	1935-1938	vor	_	_	_	
13-22	1939-1946	Gericht	O	O	NN	
13-23	1947-1952	nicht	_	_	_	
13-24	1953-1964	ausreichend	O	O	ADJD	
13-25	1965-1968	war	_	_	_	
13-26	1968-1969	.	_	_	_	
13-27	1969-1970	
	_	_	_	

#Text=Man werde nun prüfen, wie man mit der Situation umgehen könne und ob es möglicherweise alternative Lösungen gebe, um bezahlbaren Wohnraum in den Ballungsgebieten zu sichern.
#Text=
14-1	1970-1973	Man	_	_	_	
14-2	1974-1979	werde	_	_	_	
14-3	1980-1983	nun	_	_	_	
14-4	1984-1990	prüfen	O	O	VVINF	
14-5	1990-1991	,	_	_	_	
14-6	1992-1995	wie	_	_	_	
14-7	1996-1999	man	_	_	_	
14-8	2000-2003	mit	_	_	_	
14-9	2004-2007	der	_	_	_	
14-10	2008-2017	Situation	O	O	NN	
14-11	2018-2025	umgehen	O	O	VVINF	
14-12	2026-2031	könne	_	_	_	
14-13	2032-2035	und	_	_	_	
14-14	2036-2038	ob	_	_	_	
14-15	2039-2041	es	_	_	_	
14-16	2042-2056	möglicherweise	_	_	_	
14-17	2057-2068	alternative	O	O	ADJA	
14-18	2069-2077	Lösungen	KON	MRW	NN	
14-19	2078-2082	gebe	O	O	VVFIN	
14-20	2082-2083	,	_	_	_	
14-21	2084-2086	um	_	_	_	
14-22	2087-2098	bezahlbaren	O	O	ADJA	
14-23	2099-2107	Wohnraum	O	O	NN	
14-24	2108-2110	in	_	_	_	
14-25	2111-2114	den	_	_	_	
14-26	2115-2131	Ballungsgebieten	O	O	NN	
14-27	2132-2134	zu	_	_	_	
14-28	2135-2142	sichern	O	O	VVINF	
14-29	2142-2143	.	_	_	_	
14-30	2143-2144	
	_	_	_	

#Text=Insgesamt zeigt das Urteil des Bundesverfassungsgerichts, wie wichtig eine fundierte Begründung für gesetzliche Regelungen ist.
#Text=
15-1	2144-2153	Insgesamt	_	_	_	
15-2	2154-2159	zeigt	O	PERS	VVFIN	
15-3	2160-2163	das	_	_	_	
15-4	2164-2170	Urteil	O	O	NN	
15-5	2171-2174	des	_	_	_	
15-6	2175-2200	Bundesverfassungsgerichts	O	O	NN	
15-7	2200-2201	,	_	_	_	
15-8	2202-2205	wie	_	_	_	
15-9	2206-2213	wichtig	O	O	ADJD	
15-10	2214-2218	eine	_	_	_	
15-11	2219-2228	fundierte	O	O	ADJA	
15-12	2229-2239	Begründung	O	O	NN	
15-13	2240-2243	für	_	_	_	
15-14	2244-2255	gesetzliche	O	O	ADJA	
15-15	2256-2266	Regelungen	O	O	NN	
15-16	2267-2270	ist	_	_	_	
15-17	2270-2271	.	_	_	_	
15-18	2271-2272	
	_	_	_	

#Text=Ohne konkrete Daten und Fakten können Gerichte die Wirksamkeit und Notwendigkeit von Maßnahmen wie der Mietpreisbremse in Frage stellen.
#Text=
16-1	2272-2276	Ohne	_	_	_	
16-2	2277-2285	konkrete	O	O	ADJA	
16-3	2286-2291	Daten	O	O	NN	
16-4	2292-2295	und	_	_	_	
16-5	2296-2302	Fakten	O	O	NN	
16-6	2303-2309	können	_	_	_	
16-7	2310-2318	Gerichte	O	O	NN	
16-8	2319-2322	die	_	_	_	
16-9	2323-2334	Wirksamkeit	O	O	NN	
16-10	2335-2338	und	_	_	_	
16-11	2339-2352	Notwendigkeit	O	O	NN	
16-12	2353-2356	von	_	_	_	
16-13	2357-2366	Maßnahmen	O	O	NN	
16-14	2367-2370	wie	_	_	_	
16-15	2371-2374	der	_	_	_	
16-16	2375-2390	Mietpreisbremse	O	O	NN	
16-17	2391-2393	in	_	_	_	
16-18	2394-2399	Frage	O	DFMA	NN	
16-19	2400-2407	stellen	O	DFMA	VVINF	
16-20	2407-2408	.	_	_	_	
16-21	2408-2409	
	_	_	_	

#Text=Es bleibt abzuwarten, wie die Landesregierung in Hessen auf das Urteil reagieren wird und ob es möglicherweise weitere rechtliche Schritte geben wird, um bezahlbaren Wohnraum in den Ballungsgebieten zu sichern.
#Text=
17-1	2409-2411	Es	_	_	_	
17-2	2412-2418	bleibt	O	O	VVFIN	
17-3	2419-2429	abzuwarten	O	O	VVIZU	
17-4	2429-2430	,	_	_	_	
17-5	2431-2434	wie	_	_	_	
17-6	2435-2438	die	_	_	_	
17-7	2439-2454	Landesregierung	O	O	NN	
17-8	2455-2457	in	_	_	_	
17-9	2458-2464	Hessen	_	_	_	
17-10	2465-2468	auf	_	_	_	
17-11	2469-2472	das	_	_	_	
17-12	2473-2479	Urteil	O	O	NN	
17-13	2480-2489	reagieren	KON	MRW	VVINF	
17-14	2490-2494	wird	_	_	_	
17-15	2495-2498	und	_	_	_	
17-16	2499-2501	ob	_	_	_	
17-17	2502-2504	es	_	_	_	
17-18	2505-2519	möglicherweise	_	_	_	
17-19	2520-2527	weitere	O	O	ADJA	
17-20	2528-2538	rechtliche	O	O	ADJA	
17-21	2539-2547	Schritte	KON	MRW	NN	
17-22	2548-2553	geben	O	O	VVINF	
17-23	2554-2558	wird	_	_	_	
17-24	2558-2559	,	_	_	_	
17-25	2560-2562	um	_	_	_	
17-26	2563-2574	bezahlbaren	O	O	ADJA	
17-27	2575-2583	Wohnraum	O	O	NN	
17-28	2584-2586	in	_	_	_	
17-29	2587-2590	den	_	_	_	
17-30	2591-2607	Ballungsgebieten	O	O	NN	
17-31	2608-2610	zu	_	_	_	
17-32	2611-2618	sichern	O	O	VVINF	
17-33	2618-2619	.	_	_	_	
17-34	2619-2620	
	_	_	_	
