#FORMAT=WebAnno TSV 3.3
#T_SP=webanno.custom.MetaphorFlags|MetaphorFlag
#T_SP=webanno.custom.Metaphors|Conventionality|Metaphern
#T_SP=webanno.custom.POS|pos_tag
#T_RL=webanno.custom.UnitofAnalysis|bidirectionalrelation|BT_webanno.custom.Metaphors


#Text=Der US-Botschafter Gordon Sondland hat vor dem Kongress seine Aussage zur Ukraine-Affäre revidiert.
#Text=
1-1	0-3	Der	_	_	_	_	_	_	
1-2	4-18	US-Botschafter	_	_	_	_	_	_	
1-3	19-25	Gordon	_	_	_	_	_	_	
1-4	26-34	Sondland	_	_	_	_	_	_	
1-5	35-38	hat	_	_	_	_	_	_	
1-6	39-42	vor	_	_	_	_	_	_	
1-7	43-46	dem	_	_	_	_	_	_	
1-8	47-55	Kongress	_	O	O	NN	_	_	
1-9	56-61	seine	_	_	_	_	_	_	
1-10	62-69	Aussage	_	O	O	NN	_	_	
1-11	70-73	zur	_	_	_	_	_	_	
1-12	74-88	Ukraine-Affäre	_	_	_	_	_	_	
1-13	89-98	revidiert	_	O	O	VVPP	_	_	
1-14	98-99	.	_	_	_	_	_	_	
1-15	99-100	
	_	_	_	_	_	_	

#Text=In seiner ursprünglichen Aussage hatte er behauptet, dass es keine Bedingungen für die Militärhilfen an die Ukraine gegeben habe.
#Text=
2-1	100-102	In	_	_	_	_	_	_	
2-2	103-109	seiner	_	_	_	_	_	_	
2-3	110-124	ursprünglichen	_	O	O	ADJA	_	_	
2-4	125-132	Aussage	_	O	O	NN	_	_	
2-5	133-138	hatte	_	_	_	_	_	_	
2-6	139-141	er	_	_	_	_	_	_	
2-7	142-151	behauptet	_	O	O	VVPP	_	_	
2-8	151-152	,	_	_	_	_	_	_	
2-9	153-157	dass	_	_	_	_	_	_	
2-10	158-160	es	_	_	_	_	_	_	
2-11	161-166	keine	_	_	_	_	_	_	
2-12	167-178	Bedingungen	_	O	O	NN	_	_	
2-13	179-182	für	_	_	_	_	_	_	
2-14	183-186	die	_	_	_	_	_	_	
2-15	187-200	Militärhilfen	_	O	O	NN	_	_	
2-16	201-203	an	_	_	_	_	_	_	
2-17	204-207	die	_	_	_	_	_	_	
2-18	208-215	Ukraine	_	_	_	_	_	_	
2-19	216-223	gegeben	_	O	O	VVPP	_	_	
2-20	224-228	habe	_	_	_	_	_	_	
2-21	228-229	.	_	_	_	_	_	_	
2-22	229-230	
	_	_	_	_	_	_	

#Text=Nun gestand er ein, dass er sich geirrt habe und bestätigte, dass Präsident Trump von der Ukraine eine öffentliche Ankündigung von Ermittlungen gegen seinen politischen Rivalen Joe Biden gefordert habe, bevor die Hilfsgelder freigegeben würden.
#Text=
3-1	230-233	Nun	_	_	_	_	_	_	
3-2	234-241	gestand	_	O	O	VVFIN	_	_	
3-3	242-244	er	_	_	_	_	_	_	
3-4	245-248	ein	_	O	O	PTKVZ	belong together	3-2	
3-5	248-249	,	_	_	_	_	_	_	
3-6	250-254	dass	_	_	_	_	_	_	
3-7	255-257	er	_	_	_	_	_	_	
3-8	258-262	sich	_	_	_	_	_	_	
3-9	263-269	geirrt	_	O	O	VVPP	_	_	
3-10	270-274	habe	_	_	_	_	_	_	
3-11	275-278	und	_	_	_	_	_	_	
3-12	279-289	bestätigte	_	O	O	VVFIN	_	_	
3-13	289-290	,	_	_	_	_	_	_	
3-14	291-295	dass	_	_	_	_	_	_	
3-15	296-305	Präsident	_	O	O	NN	_	_	
3-16	306-311	Trump	_	_	_	_	_	_	
3-17	312-315	von	_	_	_	_	_	_	
3-18	316-319	der	_	_	_	_	_	_	
3-19	320-327	Ukraine	_	_	_	_	_	_	
3-20	328-332	eine	_	_	_	_	_	_	
3-21	333-344	öffentliche	_	O	O	ADJA	_	_	
3-22	345-356	Ankündigung	_	O	O	NN	_	_	
3-23	357-360	von	_	_	_	_	_	_	
3-24	361-373	Ermittlungen	_	O	O	NN	_	_	
3-25	374-379	gegen	_	_	_	_	_	_	
3-26	380-386	seinen	_	_	_	_	_	_	
3-27	387-398	politischen	_	O	O	ADJA	_	_	
3-28	399-406	Rivalen	_	O	O	NN	_	_	
3-29	407-410	Joe	_	_	_	_	_	_	
3-30	411-416	Biden	_	_	_	_	_	_	
3-31	417-426	gefordert	_	O	O	VVPP	_	_	
3-32	427-431	habe	_	_	_	_	_	_	
3-33	431-432	,	_	_	_	_	_	_	
3-34	433-438	bevor	_	_	_	_	_	_	
3-35	439-442	die	_	_	_	_	_	_	
3-36	443-454	Hilfsgelder	_	O	O	NN	_	_	
3-37	455-466	freigegeben	_	KON	MRW	VVPP	_	_	
3-38	467-473	würden	_	_	_	_	_	_	
3-39	473-474	.	_	_	_	_	_	_	
3-40	474-475	
	_	_	_	_	_	_	

#Text=Diese Enthüllungen haben das Impeachment-Verfahren gegen Trump weiter angeheizt und die Demokraten haben weitere Befragungen beantragt.
#Text=
4-1	475-480	Diese	_	_	_	_	_	_	
4-2	481-493	Enthüllungen	_	KON	MRW	NN	_	_	
4-3	494-499	haben	_	_	_	_	_	_	
4-4	500-503	das	_	_	_	_	_	_	
4-5	504-525	Impeachment-Verfahren	_	_	_	NN	_	_	
4-5.1	504-516	Impeachment-	_	O	O	_	_	_	
4-5.2	516-525	Verfahren	_	O	O	_	_	_	
4-6	526-531	gegen	_	_	_	_	_	_	
4-7	532-537	Trump	_	_	_	_	_	_	
4-8	538-544	weiter	_	_	_	_	_	_	
4-9	545-554	angeheizt	_	KON	MRW	VVPP	_	_	
4-10	555-558	und	_	_	_	_	_	_	
4-11	559-562	die	_	_	_	_	_	_	
4-12	563-573	Demokraten	_	O	O	NN	_	_	
4-13	574-579	haben	_	_	_	_	_	_	
4-14	580-587	weitere	_	O	O	ADJA	_	_	
4-15	588-599	Befragungen	_	O	O	NN	_	_	
4-16	600-609	beantragt	_	O	O	VVPP	_	_	
4-17	609-610	.	_	_	_	_	_	_	
4-18	610-611	
	_	_	_	_	_	_	

#Text=Die Ukraine-Affäre zieht sich schon seit Wochen wie ein roter Faden durch die politische Landschaft in den USA.
#Text=
5-1	611-614	Die	_	_	_	_	_	_	
5-2	615-629	Ukraine-Affäre	_	_	_	_	_	_	
5-3	630-635	zieht	_	KON	MRW	VVFIN	_	_	
5-4	636-640	sich	_	_	_	_	_	_	
5-5	641-646	schon	_	_	_	_	_	_	
5-6	647-651	seit	_	_	_	_	_	_	
5-7	652-658	Wochen	_	O	O	NN	_	_	
5-8	659-662	wie	MFlag	_	_	_	_	_	
5-9	663-666	ein	_	_	_	_	_	_	
5-10	667-672	roter	_	O	KOMPL	ADJA	_	_	
5-11	673-678	Faden	_	O	KOMPL	NN	belong together	5-10	
5-12	679-684	durch	_	_	_	_	_	_	
5-13	685-688	die	_	_	_	_	_	_	
5-14	689-699	politische	_	O	O	ADJA	_	_	
5-15	700-710	Landschaft	_	KON	MRW	NN	_	_	
5-16	711-713	in	_	_	_	_	_	_	
5-17	714-717	den	_	_	_	_	_	_	
5-18	718-721	USA	_	_	_	_	_	_	
5-19	721-722	.	_	_	_	_	_	_	
5-20	722-723	
	_	_	_	_	_	_	

#Text=Die Demokraten werfen Präsident Trump vor, sein Amt für politische Zwecke missbraucht zu haben, indem er die Ukraine zu Ermittlungen gegen Joe Biden gedrängt haben soll.
#Text=
6-1	723-726	Die	_	_	_	_	_	_	
6-2	727-737	Demokraten	_	O	O	NN	_	_	
6-3	738-744	werfen	_	KON	MRW	VVFIN	_	_	
6-4	745-754	Präsident	_	O	O	NN	_	_	
6-5	755-760	Trump	_	_	_	_	_	_	
6-6	761-764	vor	_	KON	MRW	PTKVZ	belong together	6-3	
6-7	764-765	,	_	_	_	_	_	_	
6-8	766-770	sein	_	_	_	_	_	_	
6-9	771-774	Amt	_	O	O	NN	_	_	
6-10	775-778	für	_	_	_	_	_	_	
6-11	779-789	politische	_	O	O	ADJA	_	_	
6-12	790-796	Zwecke	_	O	O	NN	_	_	
6-13	797-808	missbraucht	_	O	O	VVPP	_	_	
6-14	809-811	zu	_	_	_	_	_	_	
6-15	812-817	haben	_	_	_	_	_	_	
6-16	817-818	,	_	_	_	_	_	_	
6-17	819-824	indem	_	_	_	_	_	_	
6-18	825-827	er	_	_	_	_	_	_	
6-19	828-831	die	_	_	_	_	_	_	
6-20	832-839	Ukraine	_	_	_	_	_	_	
6-21	840-842	zu	_	_	_	_	_	_	
6-22	843-855	Ermittlungen	_	O	O	NN	_	_	
6-23	856-861	gegen	_	_	_	_	_	_	
6-24	862-865	Joe	_	_	_	_	_	_	
6-25	866-871	Biden	_	_	_	_	_	_	
6-26	872-880	gedrängt	_	KON	MRW	VVPP	_	_	
6-27	881-886	haben	_	_	_	_	_	_	
6-28	887-891	soll	_	_	_	_	_	_	
6-29	891-892	.	_	_	_	_	_	_	
6-30	892-893	
	_	_	_	_	_	_	

#Text=Gordon Sondland, der US-Botschafter bei der EU, spielte eine wichtige Rolle in dieser Affäre, da er direkten Kontakt zu Präsident Trump hatte.
#Text=
7-1	893-899	Gordon	_	_	_	_	_	_	
7-2	900-908	Sondland	_	_	_	_	_	_	
7-3	908-909	,	_	_	_	_	_	_	
7-4	910-913	der	_	_	_	_	_	_	
7-5	914-928	US-Botschafter	_	_	_	_	_	_	
7-6	929-932	bei	_	_	_	_	_	_	
7-7	933-936	der	_	_	_	_	_	_	
7-8	937-939	EU	_	_	_	_	_	_	
7-9	939-940	,	_	_	_	_	_	_	
7-10	941-948	spielte	_	O	KOMPL	VVFIN	_	_	
7-11	949-953	eine	_	_	_	_	_	_	
7-12	954-962	wichtige	_	O	O	ADJA	_	_	
7-13	963-968	Rolle	_	O	KOMPL	NN	belong together	7-10	
7-14	969-971	in	_	_	_	_	_	_	
7-15	972-978	dieser	_	_	_	_	_	_	
7-16	979-985	Affäre	_	O	O	NN	_	_	
7-17	985-986	,	_	_	_	_	_	_	
7-18	987-989	da	_	_	_	_	_	_	
7-19	990-992	er	_	_	_	_	_	_	
7-20	993-1001	direkten	_	O	O	ADJA	_	_	
7-21	1002-1009	Kontakt	_	KON	MRW	NN	_	_	
7-22	1010-1012	zu	_	_	_	_	_	_	
7-23	1013-1022	Präsident	_	O	O	NN	_	_	
7-24	1023-1028	Trump	_	_	_	_	_	_	
7-25	1029-1034	hatte	_	_	_	_	_	_	
7-26	1034-1035	.	_	_	_	_	_	_	
7-27	1035-1036	
	_	_	_	_	_	_	

#Text=In seiner ersten Aussage vor dem Kongress hatte er behauptet, dass es keine Bedingungen für die Militärhilfen an die Ukraine gegeben habe.
#Text=
8-1	1036-1038	In	_	_	_	_	_	_	
8-2	1039-1045	seiner	_	_	_	_	_	_	
8-3	1046-1052	ersten	_	O	O	ADJA	_	_	
8-4	1053-1060	Aussage	_	O	O	NN	_	_	
8-5	1061-1064	vor	_	_	_	_	_	_	
8-6	1065-1068	dem	_	_	_	_	_	_	
8-7	1069-1077	Kongress	_	O	O	NN	_	_	
8-8	1078-1083	hatte	_	_	_	_	_	_	
8-9	1084-1086	er	_	_	_	_	_	_	
8-10	1087-1096	behauptet	_	O	O	VVPP	_	_	
8-11	1096-1097	,	_	_	_	_	_	_	
8-12	1098-1102	dass	_	_	_	_	_	_	
8-13	1103-1105	es	_	_	_	_	_	_	
8-14	1106-1111	keine	_	_	_	_	_	_	
8-15	1112-1123	Bedingungen	_	O	O	NN	_	_	
8-16	1124-1127	für	_	_	_	_	_	_	
8-17	1128-1131	die	_	_	_	_	_	_	
8-18	1132-1145	Militärhilfen	_	O	O	NN	_	_	
8-19	1146-1148	an	_	_	_	_	_	_	
8-20	1149-1152	die	_	_	_	_	_	_	
8-21	1153-1160	Ukraine	_	_	_	_	_	_	
8-22	1161-1168	gegeben	_	O	O	VVPP	_	_	
8-23	1169-1173	habe	_	_	_	_	_	_	
8-24	1173-1174	.	_	_	_	_	_	_	
8-25	1174-1175	
	_	_	_	_	_	_	

#Text=Doch nun musste er diese Aussage revidieren und gab zu, dass Trump sehr wohl eine Gegenleistung von der Ukraine verlangt habe.
#Text=
9-1	1175-1179	Doch	_	_	_	_	_	_	
9-2	1180-1183	nun	_	_	_	_	_	_	
9-3	1184-1190	musste	_	_	_	_	_	_	
9-4	1191-1193	er	_	_	_	_	_	_	
9-5	1194-1199	diese	_	_	_	_	_	_	
9-6	1200-1207	Aussage	_	O	O	NN	_	_	
9-7	1208-1218	revidieren	_	O	O	VVINF	_	_	
9-8	1219-1222	und	_	_	_	_	_	_	
9-9	1223-1226	gab	_	O	O	VVFIN	_	_	
9-10	1227-1229	zu	_	O	O	PTKVZ	belong together	9-9	
9-11	1229-1230	,	_	_	_	_	_	_	
9-12	1231-1235	dass	_	_	_	_	_	_	
9-13	1236-1241	Trump	_	_	_	_	_	_	
9-14	1242-1246	sehr	_	_	_	_	_	_	
9-15	1247-1251	wohl	_	_	_	_	_	_	
9-16	1252-1256	eine	_	_	_	_	_	_	
9-17	1257-1270	Gegenleistung	_	O	O	NN	_	_	
9-18	1271-1274	von	_	_	_	_	_	_	
9-19	1275-1278	der	_	_	_	_	_	_	
9-20	1279-1286	Ukraine	_	_	_	_	_	_	
9-21	1287-1295	verlangt	_	O	O	VVPP	_	_	
9-22	1296-1300	habe	_	_	_	_	_	_	
9-23	1300-1301	.	_	_	_	_	_	_	
9-24	1301-1302	
	_	_	_	_	_	_	

#Text=Die Enthüllungen von Sondland haben die Demokraten erneut auf den Plan gerufen.
#Text=
10-1	1302-1305	Die	_	_	_	_	_	_	
10-2	1306-1318	Enthüllungen	_	KON	MRW	NN	_	_	
10-3	1319-1322	von	_	_	_	_	_	_	
10-4	1323-1331	Sondland	_	_	_	_	_	_	
10-5	1332-1337	haben	_	_	_	_	_	_	
10-6	1338-1341	die	_	_	_	_	_	_	
10-7	1342-1352	Demokraten	_	O	O	NN	_	_	
10-8	1353-1359	erneut	_	O	O	ADJD	_	_	
10-9	1360-1363	auf	_	_	_	_	_	_	
10-10	1364-1367	den	_	_	_	_	_	_	
10-11	1368-1372	Plan	_	O	DFMA	NN	_	_	
10-12	1373-1380	gerufen	_	O	DFMA	VVPP	_	_	
10-13	1380-1381	.	_	_	_	_	_	_	
10-14	1381-1382	
	_	_	_	_	_	_	

#Text=Sie sehen sich in ihrer Vermutung bestätigt, dass Trump sein Amt missbraucht hat und fordern weitere Befragungen im Rahmen des Impeachment-Verfahrens.
#Text=
11-1	1382-1385	Sie	_	_	_	_	_	_	
11-2	1386-1391	sehen	_	O	WIDLII	VVFIN	_	_	
11-3	1392-1396	sich	_	_	_	_	_	_	
11-4	1397-1399	in	_	_	_	_	_	_	
11-5	1400-1405	ihrer	_	_	_	_	_	_	
11-6	1406-1415	Vermutung	_	O	O	NN	_	_	
11-7	1416-1425	bestätigt	_	O	O	VVPP	_	_	
11-8	1425-1426	,	_	_	_	_	_	_	
11-9	1427-1431	dass	_	_	_	_	_	_	
11-10	1432-1437	Trump	_	_	_	_	_	_	
11-11	1438-1442	sein	_	_	_	_	_	_	
11-12	1443-1446	Amt	_	O	O	NN	_	_	
11-13	1447-1458	missbraucht	_	O	O	VVPP	_	_	
11-14	1459-1462	hat	_	_	_	_	_	_	
11-15	1463-1466	und	_	_	_	_	_	_	
11-16	1467-1474	fordern	_	O	O	VVFIN	_	_	
11-17	1475-1482	weitere	_	O	O	ADJA	_	_	
11-18	1483-1494	Befragungen	_	O	O	NN	_	_	
11-19	1495-1497	im	_	_	_	_	_	_	
11-20	1498-1504	Rahmen	_	KON	MRW	NN	_	_	
11-21	1505-1508	des	_	_	_	_	_	_	
11-22	1509-1531	Impeachment-Verfahrens	_	_	_	NN	_	_	
11-22.1	1509-1521	Impeachment-	_	O	O	_	_	_	
11-22.2	1521-1531	Verfahrens	_	O	O	_	_	_	
11-23	1531-1532	.	_	_	_	_	_	_	
11-24	1532-1533	
	_	_	_	_	_	_	

#Text=Nancy Pelosi, die Sprecherin des Repräsentantenhauses, kündigte an, dass es weitere Zeugenbefragungen geben werde, um die Wahrheit ans Licht zu bringen.
#Text=
12-1	1533-1538	Nancy	_	_	_	_	_	_	
12-2	1539-1545	Pelosi	_	_	_	_	_	_	
12-3	1545-1546	,	_	_	_	_	_	_	
12-4	1547-1550	die	_	_	_	_	_	_	
12-5	1551-1561	Sprecherin	_	O	O	NN	_	_	
12-6	1562-1565	des	_	_	_	_	_	_	
12-7	1566-1586	Repräsentantenhauses	_	O	O	NN	_	_	
12-8	1586-1587	,	_	_	_	_	_	_	
12-9	1588-1596	kündigte	_	O	O	VVFIN	_	_	
12-10	1597-1599	an	_	O	O	PTKVZ	belong together	12-9	
12-11	1599-1600	,	_	_	_	_	_	_	
12-12	1601-1605	dass	_	_	_	_	_	_	
12-13	1606-1608	es	_	_	_	_	_	_	
12-14	1609-1616	weitere	_	O	O	ADJA	_	_	
12-15	1617-1634	Zeugenbefragungen	_	O	O	NN	_	_	
12-16	1635-1640	geben	_	O	O	VVINF	_	_	
12-17	1641-1646	werde	_	_	_	_	_	_	
12-18	1646-1647	,	_	_	_	_	_	_	
12-19	1648-1650	um	_	_	_	_	_	_	
12-20	1651-1654	die	_	_	_	_	_	_	
12-21	1655-1663	Wahrheit	_	O	O	NN	_	_	
12-22	1664-1667	ans	_	_	_	_	_	_	
12-23	1668-1673	Licht	_	O	KOMPL	NN	_	_	
12-24	1674-1676	zu	_	_	_	_	_	_	
12-25	1677-1684	bringen	_	O	KOMPL	VVINF	belong together	12-23	
12-26	1684-1685	.	_	_	_	_	_	_	
12-27	1685-1686	
	_	_	_	_	_	_	

#Text=Die Republikaner hingegen verteidigen weiterhin Trump und bezeichnen die Untersuchungen als politisch motiviert.
#Text=
13-1	1686-1689	Die	_	_	_	_	_	_	
13-2	1690-1702	Republikaner	_	O	O	NN	_	_	
13-3	1703-1711	hingegen	_	_	_	_	_	_	
13-4	1712-1723	verteidigen	_	KON	MRW	VVFIN	_	_	
13-5	1724-1733	weiterhin	_	_	_	_	_	_	
13-6	1734-1739	Trump	_	_	_	_	_	_	
13-7	1740-1743	und	_	_	_	_	_	_	
13-8	1744-1754	bezeichnen	_	O	O	VVFIN	_	_	
13-9	1755-1758	die	_	_	_	_	_	_	
13-10	1759-1773	Untersuchungen	_	O	O	NN	_	_	
13-11	1774-1777	als	_	_	_	_	_	_	
13-12	1778-1787	politisch	_	O	O	ADJD	_	_	
13-13	1788-1797	motiviert	_	O	O	VVPP	_	_	
13-14	1797-1798	.	_	_	_	_	_	_	
13-15	1798-1799	
	_	_	_	_	_	_	

#Text=Die Ukraine-Affäre hat das politische Klima in den USA weiter aufgeheizt und die Fronten zwischen Republikanern und Demokraten verhärtet.
#Text=
14-1	1799-1802	Die	_	_	_	_	_	_	
14-2	1803-1817	Ukraine-Affäre	_	_	_	_	_	_	
14-3	1818-1821	hat	_	_	_	_	_	_	
14-4	1822-1825	das	_	_	_	_	_	_	
14-5	1826-1836	politische	_	O	O	ADJA	_	_	
14-6	1837-1842	Klima	_	KON	MRW	NN	_	_	
14-7	1843-1845	in	_	_	_	_	_	_	
14-8	1846-1849	den	_	_	_	_	_	_	
14-9	1850-1853	USA	_	_	_	_	_	_	
14-10	1854-1860	weiter	_	_	_	_	_	_	
14-11	1861-1871	aufgeheizt	_	KON	MRW	VVPP	_	_	
14-12	1872-1875	und	_	_	_	_	_	_	
14-13	1876-1879	die	_	_	_	_	_	_	
14-14	1880-1887	Fronten	_	O	KOMPL	NN	_	_	
14-15	1888-1896	zwischen	_	_	_	_	_	_	
14-16	1897-1910	Republikanern	_	O	O	NN	_	_	
14-17	1911-1914	und	_	_	_	_	_	_	
14-18	1915-1925	Demokraten	_	O	O	NN	_	_	
14-19	1926-1935	verhärtet	_	O	KOMPL	VVPP	belong together	14-14	
14-20	1935-1936	.	_	_	_	_	_	_	
14-21	1936-1937	
	_	_	_	_	_	_	

#Text=Die nächsten Wochen und Monate werden zeigen, ob das Impeachment-Verfahren gegen Trump tatsächlich zu seiner Amtsenthebung führen wird.
#Text=
15-1	1937-1940	Die	_	_	_	_	_	_	
15-2	1941-1949	nächsten	_	KON	MRW	ADJA	_	_	
15-3	1950-1956	Wochen	_	O	O	NN	_	_	
15-4	1957-1960	und	_	_	_	_	_	_	
15-5	1961-1967	Monate	_	O	O	NN	_	_	
15-6	1968-1974	werden	_	_	_	_	_	_	
15-7	1975-1981	zeigen	_	O	PERS	VVINF	_	_	
15-8	1981-1982	,	_	_	_	_	_	_	
15-9	1983-1985	ob	_	_	_	_	_	_	
15-10	1986-1989	das	_	_	_	_	_	_	
15-11	1990-2011	Impeachment-Verfahren	_	_	_	NN	_	_	
15-11.1	1990-2002	Impeachment-	_	O	O	_	_	_	
15-11.2	2002-2011	Verfahren	_	O	O	_	_	_	
15-12	2012-2017	gegen	_	_	_	_	_	_	
15-13	2018-2023	Trump	_	_	_	_	_	_	
15-14	2024-2035	tatsächlich	_	O	O	ADJD	_	_	
15-15	2036-2038	zu	_	_	_	_	_	_	
15-16	2039-2045	seiner	_	_	_	_	_	_	
15-17	2046-2059	Amtsenthebung	_	O	O	NN	_	_	
15-18	2060-2066	führen	_	O	PERS	VVINF	_	_	
15-19	2067-2071	wird	_	_	_	_	_	_	
15-20	2071-2072	.	_	_	_	_	_	_	
15-21	2072-2073	
	_	_	_	_	_	_	

#Text=Die Aussagen von Sondland haben zumindest weiteren Aufschluss über die Hintergründe der Ukraine-Affäre gebracht und zeigen, dass der Druck auf Trump weiterhin zunimmt.
#Text=
16-1	2073-2076	Die	_	_	_	_	_	_	
16-2	2077-2085	Aussagen	_	O	O	NN	_	_	
16-3	2086-2089	von	_	_	_	_	_	_	
16-4	2090-2098	Sondland	_	_	_	_	_	_	
16-5	2099-2104	haben	_	_	_	_	_	_	
16-6	2105-2114	zumindest	_	_	_	_	_	_	
16-7	2115-2123	weiteren	_	O	O	ADJA	_	_	
16-8	2124-2134	Aufschluss	_	O	WIDLII	NN	_	_	
16-9	2135-2139	über	_	_	_	_	_	_	
16-10	2140-2143	die	_	_	_	_	_	_	
16-11	2144-2156	Hintergründe	_	KON	MRW	NN	_	_	
16-12	2157-2160	der	_	_	_	_	_	_	
16-13	2161-2175	Ukraine-Affäre	_	_	_	_	_	_	
16-14	2176-2184	gebracht	_	O	PERS	VVPP	_	_	
16-15	2185-2188	und	_	_	_	_	_	_	
16-16	2189-2195	zeigen	_	O	PERS	VVFIN	_	_	
16-17	2195-2196	,	_	_	_	_	_	_	
16-18	2197-2201	dass	_	_	_	_	_	_	
16-19	2202-2205	der	_	_	_	_	_	_	
16-20	2206-2211	Druck	_	KON	MRW	NN	_	_	
16-21	2212-2215	auf	_	_	_	_	_	_	
16-22	2216-2221	Trump	_	_	_	_	_	_	
16-23	2222-2231	weiterhin	_	_	_	_	_	_	
16-24	2232-2239	zunimmt	_	O	WIDLII	VVFIN	_	_	
16-25	2239-2240	.	_	_	_	_	_	_	
16-26	2240-2241	
	_	_	_	_	_	_	

#Text=Es bleibt abzuwarten, wie sich die politische Landschaft in den USA entwickeln wird und ob die Demokraten genügend Beweise für ein Amtsenthebungsverfahren gegen Trump vorlegen können.
#Text=
17-1	2241-2243	Es	_	_	_	_	_	_	
17-2	2244-2250	bleibt	_	O	O	VVFIN	_	_	
17-3	2251-2261	abzuwarten	_	O	O	VVIZU	_	_	
17-4	2261-2262	,	_	_	_	_	_	_	
17-5	2263-2266	wie	_	_	_	_	_	_	
17-6	2267-2271	sich	_	_	_	_	_	_	
17-7	2272-2275	die	_	_	_	_	_	_	
17-8	2276-2286	politische	_	O	O	ADJA	_	_	
17-9	2287-2297	Landschaft	_	KON	MRW	NN	_	_	
17-10	2298-2300	in	_	_	_	_	_	_	
17-11	2301-2304	den	_	_	_	_	_	_	
17-12	2305-2308	USA	_	_	_	_	_	_	
17-13	2309-2319	entwickeln	_	O	O	VVINF	_	_	
17-14	2320-2324	wird	_	_	_	_	_	_	
17-15	2325-2328	und	_	_	_	_	_	_	
17-16	2329-2331	ob	_	_	_	_	_	_	
17-17	2332-2335	die	_	_	_	_	_	_	
17-18	2336-2346	Demokraten	_	O	O	NN	_	_	
17-19	2347-2355	genügend	_	_	_	_	_	_	
17-20	2356-2363	Beweise	_	O	O	NN	_	_	
17-21	2364-2367	für	_	_	_	_	_	_	
17-22	2368-2371	ein	_	_	_	_	_	_	
17-23	2372-2395	Amtsenthebungsverfahren	_	O	O	NN	_	_	
17-24	2396-2401	gegen	_	_	_	_	_	_	
17-25	2402-2407	Trump	_	_	_	_	_	_	
17-26	2408-2416	vorlegen	_	KON	MRW	VVINF	_	_	
17-27	2417-2423	können	_	_	_	_	_	_	
17-28	2423-2424	.	_	_	_	_	_	_	
17-29	2424-2425	
	_	_	_	_	_	_	
